[robosuite WARNING] No private macro file found! (macros.py:57)
[robosuite WARNING] It is recommended to use a private macro file (macros.py:58)
[robosuite WARNING] To setup, run: python /home/lph/.conda/envs/lph/lib/python3.10/site-packages/robosuite/scripts/setup_macros.py (macros.py:59)
[robosuite WARNING] Could not import robosuite_models. Some robots may not be available. If you want to use these robots, please install robosuite_models from source (https://github.com/ARISE-Initiative/robosuite_models) or through pip install. (__init__.py:30)
[robosuite WARNING] Could not load the mink-based whole-body IK. Make sure you install related import properly, otherwise you will not be able to use the default IK controller setting for GR1 robot. (__init__.py:40)
[robosuite INFO] Loading controller configuration from: /home/lph/.conda/envs/lph/lib/python3.10/site-packages/robosuite/controllers/config/default/composite/basic.json (composite_controller_factory.py:121)
[robosuite WARNING] The config has defined for the controller "left", but the robot does not have this component. Skipping, but make sure this is intended.Removing the controller config for left from self.part_controller_config. (robot.py:151)
[robosuite WARNING] The config has defined for the controller "torso", but the robot does not have this component. Skipping, but make sure this is intended.Removing the controller config for torso from self.part_controller_config. (robot.py:151)
[robosuite WARNING] The config has defined for the controller "head", but the robot does not have this component. Skipping, but make sure this is intended.Removing the controller config for head from self.part_controller_config. (robot.py:151)
[robosuite WARNING] The config has defined for the controller "base", but the robot does not have this component. Skipping, but make sure this is intended.Removing the controller config for base from self.part_controller_config. (robot.py:151)
[robosuite WARNING] The config has defined for the controller "legs", but the robot does not have this component. Skipping, but make sure this is intended.Removing the controller config for legs from self.part_controller_config. (robot.py:151)
[robosuite WARNING] The config has defined for the controller "left", but the robot does not have this component. Skipping, but make sure this is intended.Removing the controller config for left from self.part_controller_config. (robot.py:151)
[robosuite WARNING] The config has defined for the controller "torso", but the robot does not have this component. Skipping, but make sure this is intended.Removing the controller config for torso from self.part_controller_config. (robot.py:151)
[robosuite WARNING] The config has defined for the controller "head", but the robot does not have this component. Skipping, but make sure this is intended.Removing the controller config for head from self.part_controller_config. (robot.py:151)
[robosuite WARNING] The config has defined for the controller "base", but the robot does not have this component. Skipping, but make sure this is intended.Removing the controller config for base from self.part_controller_config. (robot.py:151)
[robosuite WARNING] The config has defined for the controller "legs", but the robot does not have this component. Skipping, but make sure this is intended.Removing the controller config for legs from self.part_controller_config. (robot.py:151)
[robosuite INFO] Loading controller configuration from: /home/lph/.conda/envs/lph/lib/python3.10/site-packages/robosuite/controllers/config/default/composite/basic.json (composite_controller_factory.py:121)
[robosuite WARNING] The config has defined for the controller "left", but the robot does not have this component. Skipping, but make sure this is intended.Removing the controller config for left from self.part_controller_config. (robot.py:151)
[robosuite WARNING] The config has defined for the controller "torso", but the robot does not have this component. Skipping, but make sure this is intended.Removing the controller config for torso from self.part_controller_config. (robot.py:151)
[robosuite WARNING] The config has defined for the controller "head", but the robot does not have this component. Skipping, but make sure this is intended.Removing the controller config for head from self.part_controller_config. (robot.py:151)
[robosuite WARNING] The config has defined for the controller "base", but the robot does not have this component. Skipping, but make sure this is intended.Removing the controller config for base from self.part_controller_config. (robot.py:151)
[robosuite WARNING] The config has defined for the controller "legs", but the robot does not have this component. Skipping, but make sure this is intended.Removing the controller config for legs from self.part_controller_config. (robot.py:151)
[robosuite WARNING] The config has defined for the controller "left", but the robot does not have this component. Skipping, but make sure this is intended.Removing the controller config for left from self.part_controller_config. (robot.py:151)
[robosuite WARNING] The config has defined for the controller "torso", but the robot does not have this component. Skipping, but make sure this is intended.Removing the controller config for torso from self.part_controller_config. (robot.py:151)
[robosuite WARNING] The config has defined for the controller "head", but the robot does not have this component. Skipping, but make sure this is intended.Removing the controller config for head from self.part_controller_config. (robot.py:151)
[robosuite WARNING] The config has defined for the controller "base", but the robot does not have this component. Skipping, but make sure this is intended.Removing the controller config for base from self.part_controller_config. (robot.py:151)
[robosuite WARNING] The config has defined for the controller "legs", but the robot does not have this component. Skipping, but make sure this is intended.Removing the controller config for legs from self.part_controller_config. (robot.py:151)
[robosuite INFO] Loading controller configuration from: /home/lph/.conda/envs/lph/lib/python3.10/site-packages/robosuite/controllers/config/default/composite/basic.json (composite_controller_factory.py:121)
[robosuite WARNING] The config has defined for the controller "left", but the robot does not have this component. Skipping, but make sure this is intended.Removing the controller config for left from self.part_controller_config. (robot.py:151)
[robosuite WARNING] The config has defined for the controller "torso", but the robot does not have this component. Skipping, but make sure this is intended.Removing the controller config for torso from self.part_controller_config. (robot.py:151)
[robosuite WARNING] The config has defined for the controller "head", but the robot does not have this component. Skipping, but make sure this is intended.Removing the controller config for head from self.part_controller_config. (robot.py:151)
[robosuite WARNING] The config has defined for the controller "base", but the robot does not have this component. Skipping, but make sure this is intended.Removing the controller config for base from self.part_controller_config. (robot.py:151)
[robosuite WARNING] The config has defined for the controller "legs", but the robot does not have this component. Skipping, but make sure this is intended.Removing the controller config for legs from self.part_controller_config. (robot.py:151)
[robosuite WARNING] The config has defined for the controller "left", but the robot does not have this component. Skipping, but make sure this is intended.Removing the controller config for left from self.part_controller_config. (robot.py:151)
[robosuite WARNING] The config has defined for the controller "torso", but the robot does not have this component. Skipping, but make sure this is intended.Removing the controller config for torso from self.part_controller_config. (robot.py:151)
[robosuite WARNING] The config has defined for the controller "head", but the robot does not have this component. Skipping, but make sure this is intended.Removing the controller config for head from self.part_controller_config. (robot.py:151)
[robosuite WARNING] The config has defined for the controller "base", but the robot does not have this component. Skipping, but make sure this is intended.Removing the controller config for base from self.part_controller_config. (robot.py:151)
[robosuite WARNING] The config has defined for the controller "legs", but the robot does not have this component. Skipping, but make sure this is intended.Removing the controller config for legs from self.part_controller_config. (robot.py:151)
[robosuite INFO] Loading controller configuration from: /home/lph/.conda/envs/lph/lib/python3.10/site-packages/robosuite/controllers/config/default/composite/basic.json (composite_controller_factory.py:121)
[robosuite WARNING] The config has defined for the controller "left", but the robot does not have this component. Skipping, but make sure this is intended.Removing the controller config for left from self.part_controller_config. (robot.py:151)
[robosuite WARNING] The config has defined for the controller "torso", but the robot does not have this component. Skipping, but make sure this is intended.Removing the controller config for torso from self.part_controller_config. (robot.py:151)
[robosuite WARNING] The config has defined for the controller "head", but the robot does not have this component. Skipping, but make sure this is intended.Removing the controller config for head from self.part_controller_config. (robot.py:151)
[robosuite WARNING] The config has defined for the controller "base", but the robot does not have this component. Skipping, but make sure this is intended.Removing the controller config for base from self.part_controller_config. (robot.py:151)
[robosuite WARNING] The config has defined for the controller "legs", but the robot does not have this component. Skipping, but make sure this is intended.Removing the controller config for legs from self.part_controller_config. (robot.py:151)
[robosuite WARNING] The config has defined for the controller "left", but the robot does not have this component. Skipping, but make sure this is intended.Removing the controller config for left from self.part_controller_config. (robot.py:151)
[robosuite WARNING] The config has defined for the controller "torso", but the robot does not have this component. Skipping, but make sure this is intended.Removing the controller config for torso from self.part_controller_config. (robot.py:151)
[robosuite WARNING] The config has defined for the controller "head", but the robot does not have this component. Skipping, but make sure this is intended.Removing the controller config for head from self.part_controller_config. (robot.py:151)
[robosuite WARNING] The config has defined for the controller "base", but the robot does not have this component. Skipping, but make sure this is intended.Removing the controller config for base from self.part_controller_config. (robot.py:151)
[robosuite WARNING] The config has defined for the controller "legs", but the robot does not have this component. Skipping, but make sure this is intended.Removing the controller config for legs from self.part_controller_config. (robot.py:151)
[robosuite INFO] Loading controller configuration from: /home/lph/.conda/envs/lph/lib/python3.10/site-packages/robosuite/controllers/config/default/composite/basic.json (composite_controller_factory.py:121)
[robosuite WARNING] The config has defined for the controller "left", but the robot does not have this component. Skipping, but make sure this is intended.Removing the controller config for left from self.part_controller_config. (robot.py:151)
[robosuite WARNING] The config has defined for the controller "torso", but the robot does not have this component. Skipping, but make sure this is intended.Removing the controller config for torso from self.part_controller_config. (robot.py:151)
[robosuite WARNING] The config has defined for the controller "head", but the robot does not have this component. Skipping, but make sure this is intended.Removing the controller config for head from self.part_controller_config. (robot.py:151)
[robosuite WARNING] The config has defined for the controller "base", but the robot does not have this component. Skipping, but make sure this is intended.Removing the controller config for base from self.part_controller_config. (robot.py:151)
[robosuite WARNING] The config has defined for the controller "legs", but the robot does not have this component. Skipping, but make sure this is intended.Removing the controller config for legs from self.part_controller_config. (robot.py:151)
[robosuite WARNING] The config has defined for the controller "left", but the robot does not have this component. Skipping, but make sure this is intended.Removing the controller config for left from self.part_controller_config. (robot.py:151)
[robosuite WARNING] The config has defined for the controller "torso", but the robot does not have this component. Skipping, but make sure this is intended.Removing the controller config for torso from self.part_controller_config. (robot.py:151)
[robosuite WARNING] The config has defined for the controller "head", but the robot does not have this component. Skipping, but make sure this is intended.Removing the controller config for head from self.part_controller_config. (robot.py:151)
[robosuite WARNING] The config has defined for the controller "base", but the robot does not have this component. Skipping, but make sure this is intended.Removing the controller config for base from self.part_controller_config. (robot.py:151)
[robosuite WARNING] The config has defined for the controller "legs", but the robot does not have this component. Skipping, but make sure this is intended.Removing the controller config for legs from self.part_controller_config. (robot.py:151)
[robosuite INFO] Loading controller configuration from: /home/lph/.conda/envs/lph/lib/python3.10/site-packages/robosuite/controllers/config/default/composite/basic.json (composite_controller_factory.py:121)
[robosuite WARNING] The config has defined for the controller "left", but the robot does not have this component. Skipping, but make sure this is intended.Removing the controller config for left from self.part_controller_config. (robot.py:151)
[robosuite WARNING] The config has defined for the controller "torso", but the robot does not have this component. Skipping, but make sure this is intended.Removing the controller config for torso from self.part_controller_config. (robot.py:151)
[robosuite WARNING] The config has defined for the controller "head", but the robot does not have this component. Skipping, but make sure this is intended.Removing the controller config for head from self.part_controller_config. (robot.py:151)
[robosuite WARNING] The config has defined for the controller "base", but the robot does not have this component. Skipping, but make sure this is intended.Removing the controller config for base from self.part_controller_config. (robot.py:151)
[robosuite WARNING] The config has defined for the controller "legs", but the robot does not have this component. Skipping, but make sure this is intended.Removing the controller config for legs from self.part_controller_config. (robot.py:151)
[robosuite WARNING] The config has defined for the controller "left", but the robot does not have this component. Skipping, but make sure this is intended.Removing the controller config for left from self.part_controller_config. (robot.py:151)
[robosuite WARNING] The config has defined for the controller "torso", but the robot does not have this component. Skipping, but make sure this is intended.Removing the controller config for torso from self.part_controller_config. (robot.py:151)
[robosuite WARNING] The config has defined for the controller "head", but the robot does not have this component. Skipping, but make sure this is intended.Removing the controller config for head from self.part_controller_config. (robot.py:151)
[robosuite WARNING] The config has defined for the controller "base", but the robot does not have this component. Skipping, but make sure this is intended.Removing the controller config for base from self.part_controller_config. (robot.py:151)
[robosuite WARNING] The config has defined for the controller "legs", but the robot does not have this component. Skipping, but make sure this is intended.Removing the controller config for legs from self.part_controller_config. (robot.py:151)
[robosuite INFO] Loading controller configuration from: /home/lph/.conda/envs/lph/lib/python3.10/site-packages/robosuite/controllers/config/default/composite/basic.json (composite_controller_factory.py:121)
[robosuite WARNING] The config has defined for the controller "left", but the robot does not have this component. Skipping, but make sure this is intended.Removing the controller config for left from self.part_controller_config. (robot.py:151)
[robosuite WARNING] The config has defined for the controller "torso", but the robot does not have this component. Skipping, but make sure this is intended.Removing the controller config for torso from self.part_controller_config. (robot.py:151)
[robosuite WARNING] The config has defined for the controller "head", but the robot does not have this component. Skipping, but make sure this is intended.Removing the controller config for head from self.part_controller_config. (robot.py:151)
[robosuite WARNING] The config has defined for the controller "base", but the robot does not have this component. Skipping, but make sure this is intended.Removing the controller config for base from self.part_controller_config. (robot.py:151)
[robosuite WARNING] The config has defined for the controller "legs", but the robot does not have this component. Skipping, but make sure this is intended.Removing the controller config for legs from self.part_controller_config. (robot.py:151)
[robosuite WARNING] The config has defined for the controller "left", but the robot does not have this component. Skipping, but make sure this is intended.Removing the controller config for left from self.part_controller_config. (robot.py:151)
[robosuite WARNING] The config has defined for the controller "torso", but the robot does not have this component. Skipping, but make sure this is intended.Removing the controller config for torso from self.part_controller_config. (robot.py:151)
[robosuite WARNING] The config has defined for the controller "head", but the robot does not have this component. Skipping, but make sure this is intended.Removing the controller config for head from self.part_controller_config. (robot.py:151)
[robosuite WARNING] The config has defined for the controller "base", but the robot does not have this component. Skipping, but make sure this is intended.Removing the controller config for base from self.part_controller_config. (robot.py:151)
[robosuite WARNING] The config has defined for the controller "legs", but the robot does not have this component. Skipping, but make sure this is intended.Removing the controller config for legs from self.part_controller_config. (robot.py:151)
[robosuite INFO] Loading controller configuration from: /home/lph/.conda/envs/lph/lib/python3.10/site-packages/robosuite/controllers/config/default/composite/basic.json (composite_controller_factory.py:121)
[robosuite WARNING] The config has defined for the controller "left", but the robot does not have this component. Skipping, but make sure this is intended.Removing the controller config for left from self.part_controller_config. (robot.py:151)
[robosuite WARNING] The config has defined for the controller "torso", but the robot does not have this component. Skipping, but make sure this is intended.Removing the controller config for torso from self.part_controller_config. (robot.py:151)
[robosuite WARNING] The config has defined for the controller "head", but the robot does not have this component. Skipping, but make sure this is intended.Removing the controller config for head from self.part_controller_config. (robot.py:151)
[robosuite WARNING] The config has defined for the controller "base", but the robot does not have this component. Skipping, but make sure this is intended.Removing the controller config for base from self.part_controller_config. (robot.py:151)
[robosuite WARNING] The config has defined for the controller "legs", but the robot does not have this component. Skipping, but make sure this is intended.Removing the controller config for legs from self.part_controller_config. (robot.py:151)
[robosuite WARNING] The config has defined for the controller "left", but the robot does not have this component. Skipping, but make sure this is intended.Removing the controller config for left from self.part_controller_config. (robot.py:151)
[robosuite WARNING] The config has defined for the controller "torso", but the robot does not have this component. Skipping, but make sure this is intended.Removing the controller config for torso from self.part_controller_config. (robot.py:151)
[robosuite WARNING] The config has defined for the controller "head", but the robot does not have this component. Skipping, but make sure this is intended.Removing the controller config for head from self.part_controller_config. (robot.py:151)
[robosuite WARNING] The config has defined for the controller "base", but the robot does not have this component. Skipping, but make sure this is intended.Removing the controller config for base from self.part_controller_config. (robot.py:151)
[robosuite WARNING] The config has defined for the controller "legs", but the robot does not have this component. Skipping, but make sure this is intended.Removing the controller config for legs from self.part_controller_config. (robot.py:151)
[robosuite INFO] Loading controller configuration from: /home/lph/.conda/envs/lph/lib/python3.10/site-packages/robosuite/controllers/config/default/composite/basic.json (composite_controller_factory.py:121)
[robosuite WARNING] The config has defined for the controller "left", but the robot does not have this component. Skipping, but make sure this is intended.Removing the controller config for left from self.part_controller_config. (robot.py:151)
[robosuite WARNING] The config has defined for the controller "torso", but the robot does not have this component. Skipping, but make sure this is intended.Removing the controller config for torso from self.part_controller_config. (robot.py:151)
[robosuite WARNING] The config has defined for the controller "head", but the robot does not have this component. Skipping, but make sure this is intended.Removing the controller config for head from self.part_controller_config. (robot.py:151)
[robosuite WARNING] The config has defined for the controller "base", but the robot does not have this component. Skipping, but make sure this is intended.Removing the controller config for base from self.part_controller_config. (robot.py:151)
[robosuite WARNING] The config has defined for the controller "legs", but the robot does not have this component. Skipping, but make sure this is intended.Removing the controller config for legs from self.part_controller_config. (robot.py:151)
[robosuite WARNING] The config has defined for the controller "left", but the robot does not have this component. Skipping, but make sure this is intended.Removing the controller config for left from self.part_controller_config. (robot.py:151)
[robosuite WARNING] The config has defined for the controller "torso", but the robot does not have this component. Skipping, but make sure this is intended.Removing the controller config for torso from self.part_controller_config. (robot.py:151)
[robosuite WARNING] The config has defined for the controller "head", but the robot does not have this component. Skipping, but make sure this is intended.Removing the controller config for head from self.part_controller_config. (robot.py:151)
[robosuite WARNING] The config has defined for the controller "base", but the robot does not have this component. Skipping, but make sure this is intended.Removing the controller config for base from self.part_controller_config. (robot.py:151)
[robosuite WARNING] The config has defined for the controller "legs", but the robot does not have this component. Skipping, but make sure this is intended.Removing the controller config for legs from self.part_controller_config. (robot.py:151)
[robosuite INFO] Loading controller configuration from: /home/lph/.conda/envs/lph/lib/python3.10/site-packages/robosuite/controllers/config/default/composite/basic.json (composite_controller_factory.py:121)
[robosuite WARNING] The config has defined for the controller "left", but the robot does not have this component. Skipping, but make sure this is intended.Removing the controller config for left from self.part_controller_config. (robot.py:151)
[robosuite WARNING] The config has defined for the controller "torso", but the robot does not have this component. Skipping, but make sure this is intended.Removing the controller config for torso from self.part_controller_config. (robot.py:151)
[robosuite WARNING] The config has defined for the controller "head", but the robot does not have this component. Skipping, but make sure this is intended.Removing the controller config for head from self.part_controller_config. (robot.py:151)
[robosuite WARNING] The config has defined for the controller "base", but the robot does not have this component. Skipping, but make sure this is intended.Removing the controller config for base from self.part_controller_config. (robot.py:151)
[robosuite WARNING] The config has defined for the controller "legs", but the robot does not have this component. Skipping, but make sure this is intended.Removing the controller config for legs from self.part_controller_config. (robot.py:151)
[robosuite WARNING] The config has defined for the controller "left", but the robot does not have this component. Skipping, but make sure this is intended.Removing the controller config for left from self.part_controller_config. (robot.py:151)
[robosuite WARNING] The config has defined for the controller "torso", but the robot does not have this component. Skipping, but make sure this is intended.Removing the controller config for torso from self.part_controller_config. (robot.py:151)
[robosuite WARNING] The config has defined for the controller "head", but the robot does not have this component. Skipping, but make sure this is intended.Removing the controller config for head from self.part_controller_config. (robot.py:151)
[robosuite WARNING] The config has defined for the controller "base", but the robot does not have this component. Skipping, but make sure this is intended.Removing the controller config for base from self.part_controller_config. (robot.py:151)
[robosuite WARNING] The config has defined for the controller "legs", but the robot does not have this component. Skipping, but make sure this is intended.Removing the controller config for legs from self.part_controller_config. (robot.py:151)
[robosuite INFO] Loading controller configuration from: /home/lph/.conda/envs/lph/lib/python3.10/site-packages/robosuite/controllers/config/default/composite/basic.json (composite_controller_factory.py:121)
[robosuite WARNING] The config has defined for the controller "left", but the robot does not have this component. Skipping, but make sure this is intended.Removing the controller config for left from self.part_controller_config. (robot.py:151)
[robosuite WARNING] The config has defined for the controller "torso", but the robot does not have this component. Skipping, but make sure this is intended.Removing the controller config for torso from self.part_controller_config. (robot.py:151)
[robosuite WARNING] The config has defined for the controller "head", but the robot does not have this component. Skipping, but make sure this is intended.Removing the controller config for head from self.part_controller_config. (robot.py:151)
[robosuite WARNING] The config has defined for the controller "base", but the robot does not have this component. Skipping, but make sure this is intended.Removing the controller config for base from self.part_controller_config. (robot.py:151)
[robosuite WARNING] The config has defined for the controller "legs", but the robot does not have this component. Skipping, but make sure this is intended.Removing the controller config for legs from self.part_controller_config. (robot.py:151)
[robosuite WARNING] The config has defined for the controller "left", but the robot does not have this component. Skipping, but make sure this is intended.Removing the controller config for left from self.part_controller_config. (robot.py:151)
[robosuite WARNING] The config has defined for the controller "torso", but the robot does not have this component. Skipping, but make sure this is intended.Removing the controller config for torso from self.part_controller_config. (robot.py:151)
[robosuite WARNING] The config has defined for the controller "head", but the robot does not have this component. Skipping, but make sure this is intended.Removing the controller config for head from self.part_controller_config. (robot.py:151)
[robosuite WARNING] The config has defined for the controller "base", but the robot does not have this component. Skipping, but make sure this is intended.Removing the controller config for base from self.part_controller_config. (robot.py:151)
[robosuite WARNING] The config has defined for the controller "legs", but the robot does not have this component. Skipping, but make sure this is intended.Removing the controller config for legs from self.part_controller_config. (robot.py:151)
[robosuite INFO] Loading controller configuration from: /home/lph/.conda/envs/lph/lib/python3.10/site-packages/robosuite/controllers/config/default/composite/basic.json (composite_controller_factory.py:121)
[robosuite WARNING] The config has defined for the controller "left", but the robot does not have this component. Skipping, but make sure this is intended.Removing the controller config for left from self.part_controller_config. (robot.py:151)
[robosuite WARNING] The config has defined for the controller "torso", but the robot does not have this component. Skipping, but make sure this is intended.Removing the controller config for torso from self.part_controller_config. (robot.py:151)
[robosuite WARNING] The config has defined for the controller "head", but the robot does not have this component. Skipping, but make sure this is intended.Removing the controller config for head from self.part_controller_config. (robot.py:151)
[robosuite WARNING] The config has defined for the controller "base", but the robot does not have this component. Skipping, but make sure this is intended.Removing the controller config for base from self.part_controller_config. (robot.py:151)
[robosuite WARNING] The config has defined for the controller "legs", but the robot does not have this component. Skipping, but make sure this is intended.Removing the controller config for legs from self.part_controller_config. (robot.py:151)
[robosuite WARNING] The config has defined for the controller "left", but the robot does not have this component. Skipping, but make sure this is intended.Removing the controller config for left from self.part_controller_config. (robot.py:151)
[robosuite WARNING] The config has defined for the controller "torso", but the robot does not have this component. Skipping, but make sure this is intended.Removing the controller config for torso from self.part_controller_config. (robot.py:151)
[robosuite WARNING] The config has defined for the controller "head", but the robot does not have this component. Skipping, but make sure this is intended.Removing the controller config for head from self.part_controller_config. (robot.py:151)
[robosuite WARNING] The config has defined for the controller "base", but the robot does not have this component. Skipping, but make sure this is intended.Removing the controller config for base from self.part_controller_config. (robot.py:151)
[robosuite WARNING] The config has defined for the controller "legs", but the robot does not have this component. Skipping, but make sure this is intended.Removing the controller config for legs from self.part_controller_config. (robot.py:151)
[robosuite INFO] Loading controller configuration from: /home/lph/.conda/envs/lph/lib/python3.10/site-packages/robosuite/controllers/config/default/composite/basic.json (composite_controller_factory.py:121)
[robosuite WARNING] The config has defined for the controller "left", but the robot does not have this component. Skipping, but make sure this is intended.Removing the controller config for left from self.part_controller_config. (robot.py:151)
[robosuite WARNING] The config has defined for the controller "torso", but the robot does not have this component. Skipping, but make sure this is intended.Removing the controller config for torso from self.part_controller_config. (robot.py:151)
[robosuite WARNING] The config has defined for the controller "head", but the robot does not have this component. Skipping, but make sure this is intended.Removing the controller config for head from self.part_controller_config. (robot.py:151)
[robosuite WARNING] The config has defined for the controller "base", but the robot does not have this component. Skipping, but make sure this is intended.Removing the controller config for base from self.part_controller_config. (robot.py:151)
[robosuite WARNING] The config has defined for the controller "legs", but the robot does not have this component. Skipping, but make sure this is intended.Removing the controller config for legs from self.part_controller_config. (robot.py:151)
[robosuite WARNING] The config has defined for the controller "left", but the robot does not have this component. Skipping, but make sure this is intended.Removing the controller config for left from self.part_controller_config. (robot.py:151)
[robosuite WARNING] The config has defined for the controller "torso", but the robot does not have this component. Skipping, but make sure this is intended.Removing the controller config for torso from self.part_controller_config. (robot.py:151)
[robosuite WARNING] The config has defined for the controller "head", but the robot does not have this component. Skipping, but make sure this is intended.Removing the controller config for head from self.part_controller_config. (robot.py:151)
[robosuite WARNING] The config has defined for the controller "base", but the robot does not have this component. Skipping, but make sure this is intended.Removing the controller config for base from self.part_controller_config. (robot.py:151)
[robosuite WARNING] The config has defined for the controller "legs", but the robot does not have this component. Skipping, but make sure this is intended.Removing the controller config for legs from self.part_controller_config. (robot.py:151)
[robosuite INFO] Loading controller configuration from: /home/lph/.conda/envs/lph/lib/python3.10/site-packages/robosuite/controllers/config/default/composite/basic.json (composite_controller_factory.py:121)
[robosuite WARNING] The config has defined for the controller "left", but the robot does not have this component. Skipping, but make sure this is intended.Removing the controller config for left from self.part_controller_config. (robot.py:151)
[robosuite WARNING] The config has defined for the controller "torso", but the robot does not have this component. Skipping, but make sure this is intended.Removing the controller config for torso from self.part_controller_config. (robot.py:151)
[robosuite WARNING] The config has defined for the controller "head", but the robot does not have this component. Skipping, but make sure this is intended.Removing the controller config for head from self.part_controller_config. (robot.py:151)
[robosuite WARNING] The config has defined for the controller "base", but the robot does not have this component. Skipping, but make sure this is intended.Removing the controller config for base from self.part_controller_config. (robot.py:151)
[robosuite WARNING] The config has defined for the controller "legs", but the robot does not have this component. Skipping, but make sure this is intended.Removing the controller config for legs from self.part_controller_config. (robot.py:151)
[robosuite WARNING] The config has defined for the controller "left", but the robot does not have this component. Skipping, but make sure this is intended.Removing the controller config for left from self.part_controller_config. (robot.py:151)
[robosuite WARNING] The config has defined for the controller "torso", but the robot does not have this component. Skipping, but make sure this is intended.Removing the controller config for torso from self.part_controller_config. (robot.py:151)
[robosuite WARNING] The config has defined for the controller "head", but the robot does not have this component. Skipping, but make sure this is intended.Removing the controller config for head from self.part_controller_config. (robot.py:151)
[robosuite WARNING] The config has defined for the controller "base", but the robot does not have this component. Skipping, but make sure this is intended.Removing the controller config for base from self.part_controller_config. (robot.py:151)
[robosuite WARNING] The config has defined for the controller "legs", but the robot does not have this component. Skipping, but make sure this is intended.Removing the controller config for legs from self.part_controller_config. (robot.py:151)
[robosuite INFO] Loading controller configuration from: /home/lph/.conda/envs/lph/lib/python3.10/site-packages/robosuite/controllers/config/default/composite/basic.json (composite_controller_factory.py:121)
[robosuite WARNING] The config has defined for the controller "left", but the robot does not have this component. Skipping, but make sure this is intended.Removing the controller config for left from self.part_controller_config. (robot.py:151)
[robosuite WARNING] The config has defined for the controller "torso", but the robot does not have this component. Skipping, but make sure this is intended.Removing the controller config for torso from self.part_controller_config. (robot.py:151)
[robosuite WARNING] The config has defined for the controller "head", but the robot does not have this component. Skipping, but make sure this is intended.Removing the controller config for head from self.part_controller_config. (robot.py:151)
[robosuite WARNING] The config has defined for the controller "base", but the robot does not have this component. Skipping, but make sure this is intended.Removing the controller config for base from self.part_controller_config. (robot.py:151)
[robosuite WARNING] The config has defined for the controller "legs", but the robot does not have this component. Skipping, but make sure this is intended.Removing the controller config for legs from self.part_controller_config. (robot.py:151)
[robosuite WARNING] The config has defined for the controller "left", but the robot does not have this component. Skipping, but make sure this is intended.Removing the controller config for left from self.part_controller_config. (robot.py:151)
[robosuite WARNING] The config has defined for the controller "torso", but the robot does not have this component. Skipping, but make sure this is intended.Removing the controller config for torso from self.part_controller_config. (robot.py:151)
[robosuite WARNING] The config has defined for the controller "head", but the robot does not have this component. Skipping, but make sure this is intended.Removing the controller config for head from self.part_controller_config. (robot.py:151)
[robosuite WARNING] The config has defined for the controller "base", but the robot does not have this component. Skipping, but make sure this is intended.Removing the controller config for base from self.part_controller_config. (robot.py:151)
[robosuite WARNING] The config has defined for the controller "legs", but the robot does not have this component. Skipping, but make sure this is intended.Removing the controller config for legs from self.part_controller_config. (robot.py:151)
[robosuite INFO] Loading controller configuration from: /home/lph/.conda/envs/lph/lib/python3.10/site-packages/robosuite/controllers/config/default/composite/basic.json (composite_controller_factory.py:121)
[robosuite WARNING] The config has defined for the controller "left", but the robot does not have this component. Skipping, but make sure this is intended.Removing the controller config for left from self.part_controller_config. (robot.py:151)
[robosuite WARNING] The config has defined for the controller "torso", but the robot does not have this component. Skipping, but make sure this is intended.Removing the controller config for torso from self.part_controller_config. (robot.py:151)
[robosuite WARNING] The config has defined for the controller "head", but the robot does not have this component. Skipping, but make sure this is intended.Removing the controller config for head from self.part_controller_config. (robot.py:151)
[robosuite WARNING] The config has defined for the controller "base", but the robot does not have this component. Skipping, but make sure this is intended.Removing the controller config for base from self.part_controller_config. (robot.py:151)
[robosuite WARNING] The config has defined for the controller "legs", but the robot does not have this component. Skipping, but make sure this is intended.Removing the controller config for legs from self.part_controller_config. (robot.py:151)
[robosuite WARNING] The config has defined for the controller "left", but the robot does not have this component. Skipping, but make sure this is intended.Removing the controller config for left from self.part_controller_config. (robot.py:151)
[robosuite WARNING] The config has defined for the controller "torso", but the robot does not have this component. Skipping, but make sure this is intended.Removing the controller config for torso from self.part_controller_config. (robot.py:151)
[robosuite WARNING] The config has defined for the controller "head", but the robot does not have this component. Skipping, but make sure this is intended.Removing the controller config for head from self.part_controller_config. (robot.py:151)
[robosuite WARNING] The config has defined for the controller "base", but the robot does not have this component. Skipping, but make sure this is intended.Removing the controller config for base from self.part_controller_config. (robot.py:151)
[robosuite WARNING] The config has defined for the controller "legs", but the robot does not have this component. Skipping, but make sure this is intended.Removing the controller config for legs from self.part_controller_config. (robot.py:151)
[robosuite INFO] Loading controller configuration from: /home/lph/.conda/envs/lph/lib/python3.10/site-packages/robosuite/controllers/config/default/composite/basic.json (composite_controller_factory.py:121)
[robosuite WARNING] The config has defined for the controller "left", but the robot does not have this component. Skipping, but make sure this is intended.Removing the controller config for left from self.part_controller_config. (robot.py:151)
[robosuite WARNING] The config has defined for the controller "torso", but the robot does not have this component. Skipping, but make sure this is intended.Removing the controller config for torso from self.part_controller_config. (robot.py:151)
[robosuite WARNING] The config has defined for the controller "head", but the robot does not have this component. Skipping, but make sure this is intended.Removing the controller config for head from self.part_controller_config. (robot.py:151)
[robosuite WARNING] The config has defined for the controller "base", but the robot does not have this component. Skipping, but make sure this is intended.Removing the controller config for base from self.part_controller_config. (robot.py:151)
[robosuite WARNING] The config has defined for the controller "legs", but the robot does not have this component. Skipping, but make sure this is intended.Removing the controller config for legs from self.part_controller_config. (robot.py:151)
[robosuite WARNING] The config has defined for the controller "left", but the robot does not have this component. Skipping, but make sure this is intended.Removing the controller config for left from self.part_controller_config. (robot.py:151)
[robosuite WARNING] The config has defined for the controller "torso", but the robot does not have this component. Skipping, but make sure this is intended.Removing the controller config for torso from self.part_controller_config. (robot.py:151)
[robosuite WARNING] The config has defined for the controller "head", but the robot does not have this component. Skipping, but make sure this is intended.Removing the controller config for head from self.part_controller_config. (robot.py:151)
[robosuite WARNING] The config has defined for the controller "base", but the robot does not have this component. Skipping, but make sure this is intended.Removing the controller config for base from self.part_controller_config. (robot.py:151)
[robosuite WARNING] The config has defined for the controller "legs", but the robot does not have this component. Skipping, but make sure this is intended.Removing the controller config for legs from self.part_controller_config. (robot.py:151)
[robosuite INFO] Loading controller configuration from: /home/lph/.conda/envs/lph/lib/python3.10/site-packages/robosuite/controllers/config/default/composite/basic.json (composite_controller_factory.py:121)
[robosuite WARNING] The config has defined for the controller "left", but the robot does not have this component. Skipping, but make sure this is intended.Removing the controller config for left from self.part_controller_config. (robot.py:151)
[robosuite WARNING] The config has defined for the controller "torso", but the robot does not have this component. Skipping, but make sure this is intended.Removing the controller config for torso from self.part_controller_config. (robot.py:151)
[robosuite WARNING] The config has defined for the controller "head", but the robot does not have this component. Skipping, but make sure this is intended.Removing the controller config for head from self.part_controller_config. (robot.py:151)
[robosuite WARNING] The config has defined for the controller "base", but the robot does not have this component. Skipping, but make sure this is intended.Removing the controller config for base from self.part_controller_config. (robot.py:151)
[robosuite WARNING] The config has defined for the controller "legs", but the robot does not have this component. Skipping, but make sure this is intended.Removing the controller config for legs from self.part_controller_config. (robot.py:151)
[robosuite WARNING] The config has defined for the controller "left", but the robot does not have this component. Skipping, but make sure this is intended.Removing the controller config for left from self.part_controller_config. (robot.py:151)
[robosuite WARNING] The config has defined for the controller "torso", but the robot does not have this component. Skipping, but make sure this is intended.Removing the controller config for torso from self.part_controller_config. (robot.py:151)
[robosuite WARNING] The config has defined for the controller "head", but the robot does not have this component. Skipping, but make sure this is intended.Removing the controller config for head from self.part_controller_config. (robot.py:151)
[robosuite WARNING] The config has defined for the controller "base", but the robot does not have this component. Skipping, but make sure this is intended.Removing the controller config for base from self.part_controller_config. (robot.py:151)
[robosuite WARNING] The config has defined for the controller "legs", but the robot does not have this component. Skipping, but make sure this is intended.Removing the controller config for legs from self.part_controller_config. (robot.py:151)
[robosuite INFO] Loading controller configuration from: /home/lph/.conda/envs/lph/lib/python3.10/site-packages/robosuite/controllers/config/default/composite/basic.json (composite_controller_factory.py:121)
[robosuite WARNING] The config has defined for the controller "left", but the robot does not have this component. Skipping, but make sure this is intended.Removing the controller config for left from self.part_controller_config. (robot.py:151)
[robosuite WARNING] The config has defined for the controller "torso", but the robot does not have this component. Skipping, but make sure this is intended.Removing the controller config for torso from self.part_controller_config. (robot.py:151)
[robosuite WARNING] The config has defined for the controller "head", but the robot does not have this component. Skipping, but make sure this is intended.Removing the controller config for head from self.part_controller_config. (robot.py:151)
[robosuite WARNING] The config has defined for the controller "base", but the robot does not have this component. Skipping, but make sure this is intended.Removing the controller config for base from self.part_controller_config. (robot.py:151)
[robosuite WARNING] The config has defined for the controller "legs", but the robot does not have this component. Skipping, but make sure this is intended.Removing the controller config for legs from self.part_controller_config. (robot.py:151)
[robosuite WARNING] The config has defined for the controller "left", but the robot does not have this component. Skipping, but make sure this is intended.Removing the controller config for left from self.part_controller_config. (robot.py:151)
[robosuite WARNING] The config has defined for the controller "torso", but the robot does not have this component. Skipping, but make sure this is intended.Removing the controller config for torso from self.part_controller_config. (robot.py:151)
[robosuite WARNING] The config has defined for the controller "head", but the robot does not have this component. Skipping, but make sure this is intended.Removing the controller config for head from self.part_controller_config. (robot.py:151)
[robosuite WARNING] The config has defined for the controller "base", but the robot does not have this component. Skipping, but make sure this is intended.Removing the controller config for base from self.part_controller_config. (robot.py:151)
[robosuite WARNING] The config has defined for the controller "legs", but the robot does not have this component. Skipping, but make sure this is intended.Removing the controller config for legs from self.part_controller_config. (robot.py:151)
[robosuite INFO] Loading controller configuration from: /home/lph/.conda/envs/lph/lib/python3.10/site-packages/robosuite/controllers/config/default/composite/basic.json (composite_controller_factory.py:121)
[robosuite WARNING] The config has defined for the controller "left", but the robot does not have this component. Skipping, but make sure this is intended.Removing the controller config for left from self.part_controller_config. (robot.py:151)
[robosuite WARNING] The config has defined for the controller "torso", but the robot does not have this component. Skipping, but make sure this is intended.Removing the controller config for torso from self.part_controller_config. (robot.py:151)
[robosuite WARNING] The config has defined for the controller "head", but the robot does not have this component. Skipping, but make sure this is intended.Removing the controller config for head from self.part_controller_config. (robot.py:151)
[robosuite WARNING] The config has defined for the controller "base", but the robot does not have this component. Skipping, but make sure this is intended.Removing the controller config for base from self.part_controller_config. (robot.py:151)
[robosuite WARNING] The config has defined for the controller "legs", but the robot does not have this component. Skipping, but make sure this is intended.Removing the controller config for legs from self.part_controller_config. (robot.py:151)
[robosuite WARNING] The config has defined for the controller "left", but the robot does not have this component. Skipping, but make sure this is intended.Removing the controller config for left from self.part_controller_config. (robot.py:151)
[robosuite WARNING] The config has defined for the controller "torso", but the robot does not have this component. Skipping, but make sure this is intended.Removing the controller config for torso from self.part_controller_config. (robot.py:151)
[robosuite WARNING] The config has defined for the controller "head", but the robot does not have this component. Skipping, but make sure this is intended.Removing the controller config for head from self.part_controller_config. (robot.py:151)
[robosuite WARNING] The config has defined for the controller "base", but the robot does not have this component. Skipping, but make sure this is intended.Removing the controller config for base from self.part_controller_config. (robot.py:151)
[robosuite WARNING] The config has defined for the controller "legs", but the robot does not have this component. Skipping, but make sure this is intended.Removing the controller config for legs from self.part_controller_config. (robot.py:151)
[robosuite INFO] Loading controller configuration from: /home/lph/.conda/envs/lph/lib/python3.10/site-packages/robosuite/controllers/config/default/composite/basic.json (composite_controller_factory.py:121)
[robosuite WARNING] The config has defined for the controller "left", but the robot does not have this component. Skipping, but make sure this is intended.Removing the controller config for left from self.part_controller_config. (robot.py:151)
[robosuite WARNING] The config has defined for the controller "torso", but the robot does not have this component. Skipping, but make sure this is intended.Removing the controller config for torso from self.part_controller_config. (robot.py:151)
[robosuite WARNING] The config has defined for the controller "head", but the robot does not have this component. Skipping, but make sure this is intended.Removing the controller config for head from self.part_controller_config. (robot.py:151)
[robosuite WARNING] The config has defined for the controller "base", but the robot does not have this component. Skipping, but make sure this is intended.Removing the controller config for base from self.part_controller_config. (robot.py:151)
[robosuite WARNING] The config has defined for the controller "legs", but the robot does not have this component. Skipping, but make sure this is intended.Removing the controller config for legs from self.part_controller_config. (robot.py:151)
[robosuite WARNING] The config has defined for the controller "left", but the robot does not have this component. Skipping, but make sure this is intended.Removing the controller config for left from self.part_controller_config. (robot.py:151)
[robosuite WARNING] The config has defined for the controller "torso", but the robot does not have this component. Skipping, but make sure this is intended.Removing the controller config for torso from self.part_controller_config. (robot.py:151)
[robosuite WARNING] The config has defined for the controller "head", but the robot does not have this component. Skipping, but make sure this is intended.Removing the controller config for head from self.part_controller_config. (robot.py:151)
[robosuite WARNING] The config has defined for the controller "base", but the robot does not have this component. Skipping, but make sure this is intended.Removing the controller config for base from self.part_controller_config. (robot.py:151)
[robosuite WARNING] The config has defined for the controller "legs", but the robot does not have this component. Skipping, but make sure this is intended.Removing the controller config for legs from self.part_controller_config. (robot.py:151)
[robosuite INFO] Loading controller configuration from: /home/lph/.conda/envs/lph/lib/python3.10/site-packages/robosuite/controllers/config/default/composite/basic.json (composite_controller_factory.py:121)
[robosuite WARNING] The config has defined for the controller "left", but the robot does not have this component. Skipping, but make sure this is intended.Removing the controller config for left from self.part_controller_config. (robot.py:151)
[robosuite WARNING] The config has defined for the controller "torso", but the robot does not have this component. Skipping, but make sure this is intended.Removing the controller config for torso from self.part_controller_config. (robot.py:151)
[robosuite WARNING] The config has defined for the controller "head", but the robot does not have this component. Skipping, but make sure this is intended.Removing the controller config for head from self.part_controller_config. (robot.py:151)
[robosuite WARNING] The config has defined for the controller "base", but the robot does not have this component. Skipping, but make sure this is intended.Removing the controller config for base from self.part_controller_config. (robot.py:151)
[robosuite WARNING] The config has defined for the controller "legs", but the robot does not have this component. Skipping, but make sure this is intended.Removing the controller config for legs from self.part_controller_config. (robot.py:151)
[robosuite WARNING] The config has defined for the controller "left", but the robot does not have this component. Skipping, but make sure this is intended.Removing the controller config for left from self.part_controller_config. (robot.py:151)
[robosuite WARNING] The config has defined for the controller "torso", but the robot does not have this component. Skipping, but make sure this is intended.Removing the controller config for torso from self.part_controller_config. (robot.py:151)
[robosuite WARNING] The config has defined for the controller "head", but the robot does not have this component. Skipping, but make sure this is intended.Removing the controller config for head from self.part_controller_config. (robot.py:151)
[robosuite WARNING] The config has defined for the controller "base", but the robot does not have this component. Skipping, but make sure this is intended.Removing the controller config for base from self.part_controller_config. (robot.py:151)
[robosuite WARNING] The config has defined for the controller "legs", but the robot does not have this component. Skipping, but make sure this is intended.Removing the controller config for legs from self.part_controller_config. (robot.py:151)
[robosuite INFO] Loading controller configuration from: /home/lph/.conda/envs/lph/lib/python3.10/site-packages/robosuite/controllers/config/default/composite/basic.json (composite_controller_factory.py:121)
[robosuite WARNING] The config has defined for the controller "left", but the robot does not have this component. Skipping, but make sure this is intended.Removing the controller config for left from self.part_controller_config. (robot.py:151)
[robosuite WARNING] The config has defined for the controller "torso", but the robot does not have this component. Skipping, but make sure this is intended.Removing the controller config for torso from self.part_controller_config. (robot.py:151)
[robosuite WARNING] The config has defined for the controller "head", but the robot does not have this component. Skipping, but make sure this is intended.Removing the controller config for head from self.part_controller_config. (robot.py:151)
[robosuite WARNING] The config has defined for the controller "base", but the robot does not have this component. Skipping, but make sure this is intended.Removing the controller config for base from self.part_controller_config. (robot.py:151)
[robosuite WARNING] The config has defined for the controller "legs", but the robot does not have this component. Skipping, but make sure this is intended.Removing the controller config for legs from self.part_controller_config. (robot.py:151)
[robosuite WARNING] The config has defined for the controller "left", but the robot does not have this component. Skipping, but make sure this is intended.Removing the controller config for left from self.part_controller_config. (robot.py:151)
[robosuite WARNING] The config has defined for the controller "torso", but the robot does not have this component. Skipping, but make sure this is intended.Removing the controller config for torso from self.part_controller_config. (robot.py:151)
[robosuite WARNING] The config has defined for the controller "head", but the robot does not have this component. Skipping, but make sure this is intended.Removing the controller config for head from self.part_controller_config. (robot.py:151)
[robosuite WARNING] The config has defined for the controller "base", but the robot does not have this component. Skipping, but make sure this is intended.Removing the controller config for base from self.part_controller_config. (robot.py:151)
[robosuite WARNING] The config has defined for the controller "legs", but the robot does not have this component. Skipping, but make sure this is intended.Removing the controller config for legs from self.part_controller_config. (robot.py:151)
[robosuite INFO] Loading controller configuration from: /home/lph/.conda/envs/lph/lib/python3.10/site-packages/robosuite/controllers/config/default/composite/basic.json (composite_controller_factory.py:121)
[robosuite WARNING] The config has defined for the controller "left", but the robot does not have this component. Skipping, but make sure this is intended.Removing the controller config for left from self.part_controller_config. (robot.py:151)
[robosuite WARNING] The config has defined for the controller "torso", but the robot does not have this component. Skipping, but make sure this is intended.Removing the controller config for torso from self.part_controller_config. (robot.py:151)
[robosuite WARNING] The config has defined for the controller "head", but the robot does not have this component. Skipping, but make sure this is intended.Removing the controller config for head from self.part_controller_config. (robot.py:151)
[robosuite WARNING] The config has defined for the controller "base", but the robot does not have this component. Skipping, but make sure this is intended.Removing the controller config for base from self.part_controller_config. (robot.py:151)
[robosuite WARNING] The config has defined for the controller "legs", but the robot does not have this component. Skipping, but make sure this is intended.Removing the controller config for legs from self.part_controller_config. (robot.py:151)
[robosuite WARNING] The config has defined for the controller "left", but the robot does not have this component. Skipping, but make sure this is intended.Removing the controller config for left from self.part_controller_config. (robot.py:151)
[robosuite WARNING] The config has defined for the controller "torso", but the robot does not have this component. Skipping, but make sure this is intended.Removing the controller config for torso from self.part_controller_config. (robot.py:151)
[robosuite WARNING] The config has defined for the controller "head", but the robot does not have this component. Skipping, but make sure this is intended.Removing the controller config for head from self.part_controller_config. (robot.py:151)
[robosuite WARNING] The config has defined for the controller "base", but the robot does not have this component. Skipping, but make sure this is intended.Removing the controller config for base from self.part_controller_config. (robot.py:151)
[robosuite WARNING] The config has defined for the controller "legs", but the robot does not have this component. Skipping, but make sure this is intended.Removing the controller config for legs from self.part_controller_config. (robot.py:151)
[robosuite INFO] Loading controller configuration from: /home/lph/.conda/envs/lph/lib/python3.10/site-packages/robosuite/controllers/config/default/composite/basic.json (composite_controller_factory.py:121)
[robosuite WARNING] The config has defined for the controller "left", but the robot does not have this component. Skipping, but make sure this is intended.Removing the controller config for left from self.part_controller_config. (robot.py:151)
[robosuite WARNING] The config has defined for the controller "torso", but the robot does not have this component. Skipping, but make sure this is intended.Removing the controller config for torso from self.part_controller_config. (robot.py:151)
[robosuite WARNING] The config has defined for the controller "head", but the robot does not have this component. Skipping, but make sure this is intended.Removing the controller config for head from self.part_controller_config. (robot.py:151)
[robosuite WARNING] The config has defined for the controller "base", but the robot does not have this component. Skipping, but make sure this is intended.Removing the controller config for base from self.part_controller_config. (robot.py:151)
[robosuite WARNING] The config has defined for the controller "legs", but the robot does not have this component. Skipping, but make sure this is intended.Removing the controller config for legs from self.part_controller_config. (robot.py:151)
[robosuite WARNING] The config has defined for the controller "left", but the robot does not have this component. Skipping, but make sure this is intended.Removing the controller config for left from self.part_controller_config. (robot.py:151)
[robosuite WARNING] The config has defined for the controller "torso", but the robot does not have this component. Skipping, but make sure this is intended.Removing the controller config for torso from self.part_controller_config. (robot.py:151)
[robosuite WARNING] The config has defined for the controller "head", but the robot does not have this component. Skipping, but make sure this is intended.Removing the controller config for head from self.part_controller_config. (robot.py:151)
[robosuite WARNING] The config has defined for the controller "base", but the robot does not have this component. Skipping, but make sure this is intended.Removing the controller config for base from self.part_controller_config. (robot.py:151)
[robosuite WARNING] The config has defined for the controller "legs", but the robot does not have this component. Skipping, but make sure this is intended.Removing the controller config for legs from self.part_controller_config. (robot.py:151)
[robosuite INFO] Loading controller configuration from: /home/lph/.conda/envs/lph/lib/python3.10/site-packages/robosuite/controllers/config/default/composite/basic.json (composite_controller_factory.py:121)
[robosuite WARNING] The config has defined for the controller "left", but the robot does not have this component. Skipping, but make sure this is intended.Removing the controller config for left from self.part_controller_config. (robot.py:151)
[robosuite WARNING] The config has defined for the controller "torso", but the robot does not have this component. Skipping, but make sure this is intended.Removing the controller config for torso from self.part_controller_config. (robot.py:151)
[robosuite WARNING] The config has defined for the controller "head", but the robot does not have this component. Skipping, but make sure this is intended.Removing the controller config for head from self.part_controller_config. (robot.py:151)
[robosuite WARNING] The config has defined for the controller "base", but the robot does not have this component. Skipping, but make sure this is intended.Removing the controller config for base from self.part_controller_config. (robot.py:151)
[robosuite WARNING] The config has defined for the controller "legs", but the robot does not have this component. Skipping, but make sure this is intended.Removing the controller config for legs from self.part_controller_config. (robot.py:151)
[robosuite WARNING] The config has defined for the controller "left", but the robot does not have this component. Skipping, but make sure this is intended.Removing the controller config for left from self.part_controller_config. (robot.py:151)
[robosuite WARNING] The config has defined for the controller "torso", but the robot does not have this component. Skipping, but make sure this is intended.Removing the controller config for torso from self.part_controller_config. (robot.py:151)
[robosuite WARNING] The config has defined for the controller "head", but the robot does not have this component. Skipping, but make sure this is intended.Removing the controller config for head from self.part_controller_config. (robot.py:151)
[robosuite WARNING] The config has defined for the controller "base", but the robot does not have this component. Skipping, but make sure this is intended.Removing the controller config for base from self.part_controller_config. (robot.py:151)
[robosuite WARNING] The config has defined for the controller "legs", but the robot does not have this component. Skipping, but make sure this is intended.Removing the controller config for legs from self.part_controller_config. (robot.py:151)
[robosuite INFO] Loading controller configuration from: /home/lph/.conda/envs/lph/lib/python3.10/site-packages/robosuite/controllers/config/default/composite/basic.json (composite_controller_factory.py:121)
[robosuite WARNING] The config has defined for the controller "left", but the robot does not have this component. Skipping, but make sure this is intended.Removing the controller config for left from self.part_controller_config. (robot.py:151)
[robosuite WARNING] The config has defined for the controller "torso", but the robot does not have this component. Skipping, but make sure this is intended.Removing the controller config for torso from self.part_controller_config. (robot.py:151)
[robosuite WARNING] The config has defined for the controller "head", but the robot does not have this component. Skipping, but make sure this is intended.Removing the controller config for head from self.part_controller_config. (robot.py:151)
[robosuite WARNING] The config has defined for the controller "base", but the robot does not have this component. Skipping, but make sure this is intended.Removing the controller config for base from self.part_controller_config. (robot.py:151)
[robosuite WARNING] The config has defined for the controller "legs", but the robot does not have this component. Skipping, but make sure this is intended.Removing the controller config for legs from self.part_controller_config. (robot.py:151)
[robosuite WARNING] The config has defined for the controller "left", but the robot does not have this component. Skipping, but make sure this is intended.Removing the controller config for left from self.part_controller_config. (robot.py:151)
[robosuite WARNING] The config has defined for the controller "torso", but the robot does not have this component. Skipping, but make sure this is intended.Removing the controller config for torso from self.part_controller_config. (robot.py:151)
[robosuite WARNING] The config has defined for the controller "head", but the robot does not have this component. Skipping, but make sure this is intended.Removing the controller config for head from self.part_controller_config. (robot.py:151)
[robosuite WARNING] The config has defined for the controller "base", but the robot does not have this component. Skipping, but make sure this is intended.Removing the controller config for base from self.part_controller_config. (robot.py:151)
[robosuite WARNING] The config has defined for the controller "legs", but the robot does not have this component. Skipping, but make sure this is intended.Removing the controller config for legs from self.part_controller_config. (robot.py:151)
[robosuite INFO] Loading controller configuration from: /home/lph/.conda/envs/lph/lib/python3.10/site-packages/robosuite/controllers/config/default/composite/basic.json (composite_controller_factory.py:121)
[robosuite WARNING] The config has defined for the controller "left", but the robot does not have this component. Skipping, but make sure this is intended.Removing the controller config for left from self.part_controller_config. (robot.py:151)
[robosuite WARNING] The config has defined for the controller "torso", but the robot does not have this component. Skipping, but make sure this is intended.Removing the controller config for torso from self.part_controller_config. (robot.py:151)
[robosuite WARNING] The config has defined for the controller "head", but the robot does not have this component. Skipping, but make sure this is intended.Removing the controller config for head from self.part_controller_config. (robot.py:151)
[robosuite WARNING] The config has defined for the controller "base", but the robot does not have this component. Skipping, but make sure this is intended.Removing the controller config for base from self.part_controller_config. (robot.py:151)
[robosuite WARNING] The config has defined for the controller "legs", but the robot does not have this component. Skipping, but make sure this is intended.Removing the controller config for legs from self.part_controller_config. (robot.py:151)
[robosuite WARNING] The config has defined for the controller "left", but the robot does not have this component. Skipping, but make sure this is intended.Removing the controller config for left from self.part_controller_config. (robot.py:151)
[robosuite WARNING] The config has defined for the controller "torso", but the robot does not have this component. Skipping, but make sure this is intended.Removing the controller config for torso from self.part_controller_config. (robot.py:151)
[robosuite WARNING] The config has defined for the controller "head", but the robot does not have this component. Skipping, but make sure this is intended.Removing the controller config for head from self.part_controller_config. (robot.py:151)
[robosuite WARNING] The config has defined for the controller "base", but the robot does not have this component. Skipping, but make sure this is intended.Removing the controller config for base from self.part_controller_config. (robot.py:151)
[robosuite WARNING] The config has defined for the controller "legs", but the robot does not have this component. Skipping, but make sure this is intended.Removing the controller config for legs from self.part_controller_config. (robot.py:151)
[robosuite INFO] Loading controller configuration from: /home/lph/.conda/envs/lph/lib/python3.10/site-packages/robosuite/controllers/config/default/composite/basic.json (composite_controller_factory.py:121)
[robosuite WARNING] The config has defined for the controller "left", but the robot does not have this component. Skipping, but make sure this is intended.Removing the controller config for left from self.part_controller_config. (robot.py:151)
[robosuite WARNING] The config has defined for the controller "torso", but the robot does not have this component. Skipping, but make sure this is intended.Removing the controller config for torso from self.part_controller_config. (robot.py:151)
[robosuite WARNING] The config has defined for the controller "head", but the robot does not have this component. Skipping, but make sure this is intended.Removing the controller config for head from self.part_controller_config. (robot.py:151)
[robosuite WARNING] The config has defined for the controller "base", but the robot does not have this component. Skipping, but make sure this is intended.Removing the controller config for base from self.part_controller_config. (robot.py:151)
[robosuite WARNING] The config has defined for the controller "legs", but the robot does not have this component. Skipping, but make sure this is intended.Removing the controller config for legs from self.part_controller_config. (robot.py:151)
[robosuite WARNING] The config has defined for the controller "left", but the robot does not have this component. Skipping, but make sure this is intended.Removing the controller config for left from self.part_controller_config. (robot.py:151)
[robosuite WARNING] The config has defined for the controller "torso", but the robot does not have this component. Skipping, but make sure this is intended.Removing the controller config for torso from self.part_controller_config. (robot.py:151)
[robosuite WARNING] The config has defined for the controller "head", but the robot does not have this component. Skipping, but make sure this is intended.Removing the controller config for head from self.part_controller_config. (robot.py:151)
[robosuite WARNING] The config has defined for the controller "base", but the robot does not have this component. Skipping, but make sure this is intended.Removing the controller config for base from self.part_controller_config. (robot.py:151)
[robosuite WARNING] The config has defined for the controller "legs", but the robot does not have this component. Skipping, but make sure this is intended.Removing the controller config for legs from self.part_controller_config. (robot.py:151)
[robosuite INFO] Loading controller configuration from: /home/lph/.conda/envs/lph/lib/python3.10/site-packages/robosuite/controllers/config/default/composite/basic.json (composite_controller_factory.py:121)
[robosuite WARNING] The config has defined for the controller "left", but the robot does not have this component. Skipping, but make sure this is intended.Removing the controller config for left from self.part_controller_config. (robot.py:151)
[robosuite WARNING] The config has defined for the controller "torso", but the robot does not have this component. Skipping, but make sure this is intended.Removing the controller config for torso from self.part_controller_config. (robot.py:151)
[robosuite WARNING] The config has defined for the controller "head", but the robot does not have this component. Skipping, but make sure this is intended.Removing the controller config for head from self.part_controller_config. (robot.py:151)
[robosuite WARNING] The config has defined for the controller "base", but the robot does not have this component. Skipping, but make sure this is intended.Removing the controller config for base from self.part_controller_config. (robot.py:151)
[robosuite WARNING] The config has defined for the controller "legs", but the robot does not have this component. Skipping, but make sure this is intended.Removing the controller config for legs from self.part_controller_config. (robot.py:151)
[robosuite WARNING] The config has defined for the controller "left", but the robot does not have this component. Skipping, but make sure this is intended.Removing the controller config for left from self.part_controller_config. (robot.py:151)
[robosuite WARNING] The config has defined for the controller "torso", but the robot does not have this component. Skipping, but make sure this is intended.Removing the controller config for torso from self.part_controller_config. (robot.py:151)
[robosuite WARNING] The config has defined for the controller "head", but the robot does not have this component. Skipping, but make sure this is intended.Removing the controller config for head from self.part_controller_config. (robot.py:151)
[robosuite WARNING] The config has defined for the controller "base", but the robot does not have this component. Skipping, but make sure this is intended.Removing the controller config for base from self.part_controller_config. (robot.py:151)
[robosuite WARNING] The config has defined for the controller "legs", but the robot does not have this component. Skipping, but make sure this is intended.Removing the controller config for legs from self.part_controller_config. (robot.py:151)
[robosuite INFO] Loading controller configuration from: /home/lph/.conda/envs/lph/lib/python3.10/site-packages/robosuite/controllers/config/default/composite/basic.json (composite_controller_factory.py:121)
[robosuite WARNING] The config has defined for the controller "left", but the robot does not have this component. Skipping, but make sure this is intended.Removing the controller config for left from self.part_controller_config. (robot.py:151)
[robosuite WARNING] The config has defined for the controller "torso", but the robot does not have this component. Skipping, but make sure this is intended.Removing the controller config for torso from self.part_controller_config. (robot.py:151)
[robosuite WARNING] The config has defined for the controller "head", but the robot does not have this component. Skipping, but make sure this is intended.Removing the controller config for head from self.part_controller_config. (robot.py:151)
[robosuite WARNING] The config has defined for the controller "base", but the robot does not have this component. Skipping, but make sure this is intended.Removing the controller config for base from self.part_controller_config. (robot.py:151)
[robosuite WARNING] The config has defined for the controller "legs", but the robot does not have this component. Skipping, but make sure this is intended.Removing the controller config for legs from self.part_controller_config. (robot.py:151)
[robosuite WARNING] The config has defined for the controller "left", but the robot does not have this component. Skipping, but make sure this is intended.Removing the controller config for left from self.part_controller_config. (robot.py:151)
[robosuite WARNING] The config has defined for the controller "torso", but the robot does not have this component. Skipping, but make sure this is intended.Removing the controller config for torso from self.part_controller_config. (robot.py:151)
[robosuite WARNING] The config has defined for the controller "head", but the robot does not have this component. Skipping, but make sure this is intended.Removing the controller config for head from self.part_controller_config. (robot.py:151)
[robosuite WARNING] The config has defined for the controller "base", but the robot does not have this component. Skipping, but make sure this is intended.Removing the controller config for base from self.part_controller_config. (robot.py:151)
[robosuite WARNING] The config has defined for the controller "legs", but the robot does not have this component. Skipping, but make sure this is intended.Removing the controller config for legs from self.part_controller_config. (robot.py:151)
[robosuite INFO] Loading controller configuration from: /home/lph/.conda/envs/lph/lib/python3.10/site-packages/robosuite/controllers/config/default/composite/basic.json (composite_controller_factory.py:121)
[robosuite WARNING] The config has defined for the controller "left", but the robot does not have this component. Skipping, but make sure this is intended.Removing the controller config for left from self.part_controller_config. (robot.py:151)
[robosuite WARNING] The config has defined for the controller "torso", but the robot does not have this component. Skipping, but make sure this is intended.Removing the controller config for torso from self.part_controller_config. (robot.py:151)
[robosuite WARNING] The config has defined for the controller "head", but the robot does not have this component. Skipping, but make sure this is intended.Removing the controller config for head from self.part_controller_config. (robot.py:151)
[robosuite WARNING] The config has defined for the controller "base", but the robot does not have this component. Skipping, but make sure this is intended.Removing the controller config for base from self.part_controller_config. (robot.py:151)
[robosuite WARNING] The config has defined for the controller "legs", but the robot does not have this component. Skipping, but make sure this is intended.Removing the controller config for legs from self.part_controller_config. (robot.py:151)
[robosuite WARNING] The config has defined for the controller "left", but the robot does not have this component. Skipping, but make sure this is intended.Removing the controller config for left from self.part_controller_config. (robot.py:151)
[robosuite WARNING] The config has defined for the controller "torso", but the robot does not have this component. Skipping, but make sure this is intended.Removing the controller config for torso from self.part_controller_config. (robot.py:151)
[robosuite WARNING] The config has defined for the controller "head", but the robot does not have this component. Skipping, but make sure this is intended.Removing the controller config for head from self.part_controller_config. (robot.py:151)
[robosuite WARNING] The config has defined for the controller "base", but the robot does not have this component. Skipping, but make sure this is intended.Removing the controller config for base from self.part_controller_config. (robot.py:151)
[robosuite WARNING] The config has defined for the controller "legs", but the robot does not have this component. Skipping, but make sure this is intended.Removing the controller config for legs from self.part_controller_config. (robot.py:151)
[robosuite INFO] Loading controller configuration from: /home/lph/.conda/envs/lph/lib/python3.10/site-packages/robosuite/controllers/config/default/composite/basic.json (composite_controller_factory.py:121)
[robosuite WARNING] The config has defined for the controller "left", but the robot does not have this component. Skipping, but make sure this is intended.Removing the controller config for left from self.part_controller_config. (robot.py:151)
[robosuite WARNING] The config has defined for the controller "torso", but the robot does not have this component. Skipping, but make sure this is intended.Removing the controller config for torso from self.part_controller_config. (robot.py:151)
[robosuite WARNING] The config has defined for the controller "head", but the robot does not have this component. Skipping, but make sure this is intended.Removing the controller config for head from self.part_controller_config. (robot.py:151)
[robosuite WARNING] The config has defined for the controller "base", but the robot does not have this component. Skipping, but make sure this is intended.Removing the controller config for base from self.part_controller_config. (robot.py:151)
[robosuite WARNING] The config has defined for the controller "legs", but the robot does not have this component. Skipping, but make sure this is intended.Removing the controller config for legs from self.part_controller_config. (robot.py:151)
[robosuite WARNING] The config has defined for the controller "left", but the robot does not have this component. Skipping, but make sure this is intended.Removing the controller config for left from self.part_controller_config. (robot.py:151)
[robosuite WARNING] The config has defined for the controller "torso", but the robot does not have this component. Skipping, but make sure this is intended.Removing the controller config for torso from self.part_controller_config. (robot.py:151)
[robosuite WARNING] The config has defined for the controller "head", but the robot does not have this component. Skipping, but make sure this is intended.Removing the controller config for head from self.part_controller_config. (robot.py:151)
[robosuite WARNING] The config has defined for the controller "base", but the robot does not have this component. Skipping, but make sure this is intended.Removing the controller config for base from self.part_controller_config. (robot.py:151)
[robosuite WARNING] The config has defined for the controller "legs", but the robot does not have this component. Skipping, but make sure this is intended.Removing the controller config for legs from self.part_controller_config. (robot.py:151)
[robosuite INFO] Loading controller configuration from: /home/lph/.conda/envs/lph/lib/python3.10/site-packages/robosuite/controllers/config/default/composite/basic.json (composite_controller_factory.py:121)
[robosuite WARNING] The config has defined for the controller "left", but the robot does not have this component. Skipping, but make sure this is intended.Removing the controller config for left from self.part_controller_config. (robot.py:151)
[robosuite WARNING] The config has defined for the controller "torso", but the robot does not have this component. Skipping, but make sure this is intended.Removing the controller config for torso from self.part_controller_config. (robot.py:151)
[robosuite WARNING] The config has defined for the controller "head", but the robot does not have this component. Skipping, but make sure this is intended.Removing the controller config for head from self.part_controller_config. (robot.py:151)
[robosuite WARNING] The config has defined for the controller "base", but the robot does not have this component. Skipping, but make sure this is intended.Removing the controller config for base from self.part_controller_config. (robot.py:151)
[robosuite WARNING] The config has defined for the controller "legs", but the robot does not have this component. Skipping, but make sure this is intended.Removing the controller config for legs from self.part_controller_config. (robot.py:151)
[robosuite WARNING] The config has defined for the controller "left", but the robot does not have this component. Skipping, but make sure this is intended.Removing the controller config for left from self.part_controller_config. (robot.py:151)
[robosuite WARNING] The config has defined for the controller "torso", but the robot does not have this component. Skipping, but make sure this is intended.Removing the controller config for torso from self.part_controller_config. (robot.py:151)
[robosuite WARNING] The config has defined for the controller "head", but the robot does not have this component. Skipping, but make sure this is intended.Removing the controller config for head from self.part_controller_config. (robot.py:151)
[robosuite WARNING] The config has defined for the controller "base", but the robot does not have this component. Skipping, but make sure this is intended.Removing the controller config for base from self.part_controller_config. (robot.py:151)
[robosuite WARNING] The config has defined for the controller "legs", but the robot does not have this component. Skipping, but make sure this is intended.Removing the controller config for legs from self.part_controller_config. (robot.py:151)
[robosuite INFO] Loading controller configuration from: /home/lph/.conda/envs/lph/lib/python3.10/site-packages/robosuite/controllers/config/default/composite/basic.json (composite_controller_factory.py:121)
[robosuite WARNING] The config has defined for the controller "left", but the robot does not have this component. Skipping, but make sure this is intended.Removing the controller config for left from self.part_controller_config. (robot.py:151)
[robosuite WARNING] The config has defined for the controller "torso", but the robot does not have this component. Skipping, but make sure this is intended.Removing the controller config for torso from self.part_controller_config. (robot.py:151)
[robosuite WARNING] The config has defined for the controller "head", but the robot does not have this component. Skipping, but make sure this is intended.Removing the controller config for head from self.part_controller_config. (robot.py:151)
[robosuite WARNING] The config has defined for the controller "base", but the robot does not have this component. Skipping, but make sure this is intended.Removing the controller config for base from self.part_controller_config. (robot.py:151)
[robosuite WARNING] The config has defined for the controller "legs", but the robot does not have this component. Skipping, but make sure this is intended.Removing the controller config for legs from self.part_controller_config. (robot.py:151)
[robosuite WARNING] The config has defined for the controller "left", but the robot does not have this component. Skipping, but make sure this is intended.Removing the controller config for left from self.part_controller_config. (robot.py:151)
[robosuite WARNING] The config has defined for the controller "torso", but the robot does not have this component. Skipping, but make sure this is intended.Removing the controller config for torso from self.part_controller_config. (robot.py:151)
[robosuite WARNING] The config has defined for the controller "head", but the robot does not have this component. Skipping, but make sure this is intended.Removing the controller config for head from self.part_controller_config. (robot.py:151)
[robosuite WARNING] The config has defined for the controller "base", but the robot does not have this component. Skipping, but make sure this is intended.Removing the controller config for base from self.part_controller_config. (robot.py:151)
[robosuite WARNING] The config has defined for the controller "legs", but the robot does not have this component. Skipping, but make sure this is intended.Removing the controller config for legs from self.part_controller_config. (robot.py:151)
[robosuite INFO] Loading controller configuration from: /home/lph/.conda/envs/lph/lib/python3.10/site-packages/robosuite/controllers/config/default/composite/basic.json (composite_controller_factory.py:121)
[robosuite WARNING] The config has defined for the controller "left", but the robot does not have this component. Skipping, but make sure this is intended.Removing the controller config for left from self.part_controller_config. (robot.py:151)
[robosuite WARNING] The config has defined for the controller "torso", but the robot does not have this component. Skipping, but make sure this is intended.Removing the controller config for torso from self.part_controller_config. (robot.py:151)
[robosuite WARNING] The config has defined for the controller "head", but the robot does not have this component. Skipping, but make sure this is intended.Removing the controller config for head from self.part_controller_config. (robot.py:151)
[robosuite WARNING] The config has defined for the controller "base", but the robot does not have this component. Skipping, but make sure this is intended.Removing the controller config for base from self.part_controller_config. (robot.py:151)
[robosuite WARNING] The config has defined for the controller "legs", but the robot does not have this component. Skipping, but make sure this is intended.Removing the controller config for legs from self.part_controller_config. (robot.py:151)
[robosuite WARNING] The config has defined for the controller "left", but the robot does not have this component. Skipping, but make sure this is intended.Removing the controller config for left from self.part_controller_config. (robot.py:151)
[robosuite WARNING] The config has defined for the controller "torso", but the robot does not have this component. Skipping, but make sure this is intended.Removing the controller config for torso from self.part_controller_config. (robot.py:151)
[robosuite WARNING] The config has defined for the controller "head", but the robot does not have this component. Skipping, but make sure this is intended.Removing the controller config for head from self.part_controller_config. (robot.py:151)
[robosuite WARNING] The config has defined for the controller "base", but the robot does not have this component. Skipping, but make sure this is intended.Removing the controller config for base from self.part_controller_config. (robot.py:151)
[robosuite WARNING] The config has defined for the controller "legs", but the robot does not have this component. Skipping, but make sure this is intended.Removing the controller config for legs from self.part_controller_config. (robot.py:151)
[robosuite INFO] Loading controller configuration from: /home/lph/.conda/envs/lph/lib/python3.10/site-packages/robosuite/controllers/config/default/composite/basic.json (composite_controller_factory.py:121)
[robosuite WARNING] The config has defined for the controller "left", but the robot does not have this component. Skipping, but make sure this is intended.Removing the controller config for left from self.part_controller_config. (robot.py:151)
[robosuite WARNING] The config has defined for the controller "torso", but the robot does not have this component. Skipping, but make sure this is intended.Removing the controller config for torso from self.part_controller_config. (robot.py:151)
[robosuite WARNING] The config has defined for the controller "head", but the robot does not have this component. Skipping, but make sure this is intended.Removing the controller config for head from self.part_controller_config. (robot.py:151)
[robosuite WARNING] The config has defined for the controller "base", but the robot does not have this component. Skipping, but make sure this is intended.Removing the controller config for base from self.part_controller_config. (robot.py:151)
[robosuite WARNING] The config has defined for the controller "legs", but the robot does not have this component. Skipping, but make sure this is intended.Removing the controller config for legs from self.part_controller_config. (robot.py:151)
[robosuite WARNING] The config has defined for the controller "left", but the robot does not have this component. Skipping, but make sure this is intended.Removing the controller config for left from self.part_controller_config. (robot.py:151)
[robosuite WARNING] The config has defined for the controller "torso", but the robot does not have this component. Skipping, but make sure this is intended.Removing the controller config for torso from self.part_controller_config. (robot.py:151)
[robosuite WARNING] The config has defined for the controller "head", but the robot does not have this component. Skipping, but make sure this is intended.Removing the controller config for head from self.part_controller_config. (robot.py:151)
[robosuite WARNING] The config has defined for the controller "base", but the robot does not have this component. Skipping, but make sure this is intended.Removing the controller config for base from self.part_controller_config. (robot.py:151)
[robosuite WARNING] The config has defined for the controller "legs", but the robot does not have this component. Skipping, but make sure this is intended.Removing the controller config for legs from self.part_controller_config. (robot.py:151)
[robosuite INFO] Loading controller configuration from: /home/lph/.conda/envs/lph/lib/python3.10/site-packages/robosuite/controllers/config/default/composite/basic.json (composite_controller_factory.py:121)
[robosuite WARNING] The config has defined for the controller "left", but the robot does not have this component. Skipping, but make sure this is intended.Removing the controller config for left from self.part_controller_config. (robot.py:151)
[robosuite WARNING] The config has defined for the controller "torso", but the robot does not have this component. Skipping, but make sure this is intended.Removing the controller config for torso from self.part_controller_config. (robot.py:151)
[robosuite WARNING] The config has defined for the controller "head", but the robot does not have this component. Skipping, but make sure this is intended.Removing the controller config for head from self.part_controller_config. (robot.py:151)
[robosuite WARNING] The config has defined for the controller "base", but the robot does not have this component. Skipping, but make sure this is intended.Removing the controller config for base from self.part_controller_config. (robot.py:151)
[robosuite WARNING] The config has defined for the controller "legs", but the robot does not have this component. Skipping, but make sure this is intended.Removing the controller config for legs from self.part_controller_config. (robot.py:151)
[robosuite WARNING] The config has defined for the controller "left", but the robot does not have this component. Skipping, but make sure this is intended.Removing the controller config for left from self.part_controller_config. (robot.py:151)
[robosuite WARNING] The config has defined for the controller "torso", but the robot does not have this component. Skipping, but make sure this is intended.Removing the controller config for torso from self.part_controller_config. (robot.py:151)
[robosuite WARNING] The config has defined for the controller "head", but the robot does not have this component. Skipping, but make sure this is intended.Removing the controller config for head from self.part_controller_config. (robot.py:151)
[robosuite WARNING] The config has defined for the controller "base", but the robot does not have this component. Skipping, but make sure this is intended.Removing the controller config for base from self.part_controller_config. (robot.py:151)
[robosuite WARNING] The config has defined for the controller "legs", but the robot does not have this component. Skipping, but make sure this is intended.Removing the controller config for legs from self.part_controller_config. (robot.py:151)
[robosuite INFO] Loading controller configuration from: /home/lph/.conda/envs/lph/lib/python3.10/site-packages/robosuite/controllers/config/default/composite/basic.json (composite_controller_factory.py:121)
[robosuite WARNING] The config has defined for the controller "left", but the robot does not have this component. Skipping, but make sure this is intended.Removing the controller config for left from self.part_controller_config. (robot.py:151)
[robosuite WARNING] The config has defined for the controller "torso", but the robot does not have this component. Skipping, but make sure this is intended.Removing the controller config for torso from self.part_controller_config. (robot.py:151)
[robosuite WARNING] The config has defined for the controller "head", but the robot does not have this component. Skipping, but make sure this is intended.Removing the controller config for head from self.part_controller_config. (robot.py:151)
[robosuite WARNING] The config has defined for the controller "base", but the robot does not have this component. Skipping, but make sure this is intended.Removing the controller config for base from self.part_controller_config. (robot.py:151)
[robosuite WARNING] The config has defined for the controller "legs", but the robot does not have this component. Skipping, but make sure this is intended.Removing the controller config for legs from self.part_controller_config. (robot.py:151)
[robosuite WARNING] The config has defined for the controller "left", but the robot does not have this component. Skipping, but make sure this is intended.Removing the controller config for left from self.part_controller_config. (robot.py:151)
[robosuite WARNING] The config has defined for the controller "torso", but the robot does not have this component. Skipping, but make sure this is intended.Removing the controller config for torso from self.part_controller_config. (robot.py:151)
[robosuite WARNING] The config has defined for the controller "head", but the robot does not have this component. Skipping, but make sure this is intended.Removing the controller config for head from self.part_controller_config. (robot.py:151)
[robosuite WARNING] The config has defined for the controller "base", but the robot does not have this component. Skipping, but make sure this is intended.Removing the controller config for base from self.part_controller_config. (robot.py:151)
[robosuite WARNING] The config has defined for the controller "legs", but the robot does not have this component. Skipping, but make sure this is intended.Removing the controller config for legs from self.part_controller_config. (robot.py:151)
[robosuite INFO] Loading controller configuration from: /home/lph/.conda/envs/lph/lib/python3.10/site-packages/robosuite/controllers/config/default/composite/basic.json (composite_controller_factory.py:121)
[robosuite WARNING] The config has defined for the controller "left", but the robot does not have this component. Skipping, but make sure this is intended.Removing the controller config for left from self.part_controller_config. (robot.py:151)
[robosuite WARNING] The config has defined for the controller "torso", but the robot does not have this component. Skipping, but make sure this is intended.Removing the controller config for torso from self.part_controller_config. (robot.py:151)
[robosuite WARNING] The config has defined for the controller "head", but the robot does not have this component. Skipping, but make sure this is intended.Removing the controller config for head from self.part_controller_config. (robot.py:151)
[robosuite WARNING] The config has defined for the controller "base", but the robot does not have this component. Skipping, but make sure this is intended.Removing the controller config for base from self.part_controller_config. (robot.py:151)
[robosuite WARNING] The config has defined for the controller "legs", but the robot does not have this component. Skipping, but make sure this is intended.Removing the controller config for legs from self.part_controller_config. (robot.py:151)
[robosuite WARNING] The config has defined for the controller "left", but the robot does not have this component. Skipping, but make sure this is intended.Removing the controller config for left from self.part_controller_config. (robot.py:151)
[robosuite WARNING] The config has defined for the controller "torso", but the robot does not have this component. Skipping, but make sure this is intended.Removing the controller config for torso from self.part_controller_config. (robot.py:151)
[robosuite WARNING] The config has defined for the controller "head", but the robot does not have this component. Skipping, but make sure this is intended.Removing the controller config for head from self.part_controller_config. (robot.py:151)
[robosuite WARNING] The config has defined for the controller "base", but the robot does not have this component. Skipping, but make sure this is intended.Removing the controller config for base from self.part_controller_config. (robot.py:151)
[robosuite WARNING] The config has defined for the controller "legs", but the robot does not have this component. Skipping, but make sure this is intended.Removing the controller config for legs from self.part_controller_config. (robot.py:151)
[robosuite INFO] Loading controller configuration from: /home/lph/.conda/envs/lph/lib/python3.10/site-packages/robosuite/controllers/config/default/composite/basic.json (composite_controller_factory.py:121)
[robosuite WARNING] The config has defined for the controller "left", but the robot does not have this component. Skipping, but make sure this is intended.Removing the controller config for left from self.part_controller_config. (robot.py:151)
[robosuite WARNING] The config has defined for the controller "torso", but the robot does not have this component. Skipping, but make sure this is intended.Removing the controller config for torso from self.part_controller_config. (robot.py:151)
[robosuite WARNING] The config has defined for the controller "head", but the robot does not have this component. Skipping, but make sure this is intended.Removing the controller config for head from self.part_controller_config. (robot.py:151)
[robosuite WARNING] The config has defined for the controller "base", but the robot does not have this component. Skipping, but make sure this is intended.Removing the controller config for base from self.part_controller_config. (robot.py:151)
[robosuite WARNING] The config has defined for the controller "legs", but the robot does not have this component. Skipping, but make sure this is intended.Removing the controller config for legs from self.part_controller_config. (robot.py:151)
[robosuite WARNING] The config has defined for the controller "left", but the robot does not have this component. Skipping, but make sure this is intended.Removing the controller config for left from self.part_controller_config. (robot.py:151)
[robosuite WARNING] The config has defined for the controller "torso", but the robot does not have this component. Skipping, but make sure this is intended.Removing the controller config for torso from self.part_controller_config. (robot.py:151)
[robosuite WARNING] The config has defined for the controller "head", but the robot does not have this component. Skipping, but make sure this is intended.Removing the controller config for head from self.part_controller_config. (robot.py:151)
[robosuite WARNING] The config has defined for the controller "base", but the robot does not have this component. Skipping, but make sure this is intended.Removing the controller config for base from self.part_controller_config. (robot.py:151)
[robosuite WARNING] The config has defined for the controller "legs", but the robot does not have this component. Skipping, but make sure this is intended.Removing the controller config for legs from self.part_controller_config. (robot.py:151)
[robosuite INFO] Loading controller configuration from: /home/lph/.conda/envs/lph/lib/python3.10/site-packages/robosuite/controllers/config/default/composite/basic.json (composite_controller_factory.py:121)
[robosuite WARNING] The config has defined for the controller "left", but the robot does not have this component. Skipping, but make sure this is intended.Removing the controller config for left from self.part_controller_config. (robot.py:151)
[robosuite WARNING] The config has defined for the controller "torso", but the robot does not have this component. Skipping, but make sure this is intended.Removing the controller config for torso from self.part_controller_config. (robot.py:151)
[robosuite WARNING] The config has defined for the controller "head", but the robot does not have this component. Skipping, but make sure this is intended.Removing the controller config for head from self.part_controller_config. (robot.py:151)
[robosuite WARNING] The config has defined for the controller "base", but the robot does not have this component. Skipping, but make sure this is intended.Removing the controller config for base from self.part_controller_config. (robot.py:151)
[robosuite WARNING] The config has defined for the controller "legs", but the robot does not have this component. Skipping, but make sure this is intended.Removing the controller config for legs from self.part_controller_config. (robot.py:151)
[robosuite WARNING] The config has defined for the controller "left", but the robot does not have this component. Skipping, but make sure this is intended.Removing the controller config for left from self.part_controller_config. (robot.py:151)
[robosuite WARNING] The config has defined for the controller "torso", but the robot does not have this component. Skipping, but make sure this is intended.Removing the controller config for torso from self.part_controller_config. (robot.py:151)
[robosuite WARNING] The config has defined for the controller "head", but the robot does not have this component. Skipping, but make sure this is intended.Removing the controller config for head from self.part_controller_config. (robot.py:151)
[robosuite WARNING] The config has defined for the controller "base", but the robot does not have this component. Skipping, but make sure this is intended.Removing the controller config for base from self.part_controller_config. (robot.py:151)
[robosuite WARNING] The config has defined for the controller "legs", but the robot does not have this component. Skipping, but make sure this is intended.Removing the controller config for legs from self.part_controller_config. (robot.py:151)
[robosuite INFO] Loading controller configuration from: /home/lph/.conda/envs/lph/lib/python3.10/site-packages/robosuite/controllers/config/default/composite/basic.json (composite_controller_factory.py:121)
[robosuite WARNING] The config has defined for the controller "left", but the robot does not have this component. Skipping, but make sure this is intended.Removing the controller config for left from self.part_controller_config. (robot.py:151)
[robosuite WARNING] The config has defined for the controller "torso", but the robot does not have this component. Skipping, but make sure this is intended.Removing the controller config for torso from self.part_controller_config. (robot.py:151)
[robosuite WARNING] The config has defined for the controller "head", but the robot does not have this component. Skipping, but make sure this is intended.Removing the controller config for head from self.part_controller_config. (robot.py:151)
[robosuite WARNING] The config has defined for the controller "base", but the robot does not have this component. Skipping, but make sure this is intended.Removing the controller config for base from self.part_controller_config. (robot.py:151)
[robosuite WARNING] The config has defined for the controller "legs", but the robot does not have this component. Skipping, but make sure this is intended.Removing the controller config for legs from self.part_controller_config. (robot.py:151)
[robosuite WARNING] The config has defined for the controller "left", but the robot does not have this component. Skipping, but make sure this is intended.Removing the controller config for left from self.part_controller_config. (robot.py:151)
[robosuite WARNING] The config has defined for the controller "torso", but the robot does not have this component. Skipping, but make sure this is intended.Removing the controller config for torso from self.part_controller_config. (robot.py:151)
[robosuite WARNING] The config has defined for the controller "head", but the robot does not have this component. Skipping, but make sure this is intended.Removing the controller config for head from self.part_controller_config. (robot.py:151)
[robosuite WARNING] The config has defined for the controller "base", but the robot does not have this component. Skipping, but make sure this is intended.Removing the controller config for base from self.part_controller_config. (robot.py:151)
[robosuite WARNING] The config has defined for the controller "legs", but the robot does not have this component. Skipping, but make sure this is intended.Removing the controller config for legs from self.part_controller_config. (robot.py:151)
[robosuite INFO] Loading controller configuration from: /home/lph/.conda/envs/lph/lib/python3.10/site-packages/robosuite/controllers/config/default/composite/basic.json (composite_controller_factory.py:121)
[robosuite WARNING] The config has defined for the controller "left", but the robot does not have this component. Skipping, but make sure this is intended.Removing the controller config for left from self.part_controller_config. (robot.py:151)
[robosuite WARNING] The config has defined for the controller "torso", but the robot does not have this component. Skipping, but make sure this is intended.Removing the controller config for torso from self.part_controller_config. (robot.py:151)
[robosuite WARNING] The config has defined for the controller "head", but the robot does not have this component. Skipping, but make sure this is intended.Removing the controller config for head from self.part_controller_config. (robot.py:151)
[robosuite WARNING] The config has defined for the controller "base", but the robot does not have this component. Skipping, but make sure this is intended.Removing the controller config for base from self.part_controller_config. (robot.py:151)
[robosuite WARNING] The config has defined for the controller "legs", but the robot does not have this component. Skipping, but make sure this is intended.Removing the controller config for legs from self.part_controller_config. (robot.py:151)
[robosuite WARNING] The config has defined for the controller "left", but the robot does not have this component. Skipping, but make sure this is intended.Removing the controller config for left from self.part_controller_config. (robot.py:151)
[robosuite WARNING] The config has defined for the controller "torso", but the robot does not have this component. Skipping, but make sure this is intended.Removing the controller config for torso from self.part_controller_config. (robot.py:151)
[robosuite WARNING] The config has defined for the controller "head", but the robot does not have this component. Skipping, but make sure this is intended.Removing the controller config for head from self.part_controller_config. (robot.py:151)
[robosuite WARNING] The config has defined for the controller "base", but the robot does not have this component. Skipping, but make sure this is intended.Removing the controller config for base from self.part_controller_config. (robot.py:151)
[robosuite WARNING] The config has defined for the controller "legs", but the robot does not have this component. Skipping, but make sure this is intended.Removing the controller config for legs from self.part_controller_config. (robot.py:151)
[robosuite INFO] Loading controller configuration from: /home/lph/.conda/envs/lph/lib/python3.10/site-packages/robosuite/controllers/config/default/composite/basic.json (composite_controller_factory.py:121)
[robosuite WARNING] The config has defined for the controller "left", but the robot does not have this component. Skipping, but make sure this is intended.Removing the controller config for left from self.part_controller_config. (robot.py:151)
[robosuite WARNING] The config has defined for the controller "torso", but the robot does not have this component. Skipping, but make sure this is intended.Removing the controller config for torso from self.part_controller_config. (robot.py:151)
[robosuite WARNING] The config has defined for the controller "head", but the robot does not have this component. Skipping, but make sure this is intended.Removing the controller config for head from self.part_controller_config. (robot.py:151)
[robosuite WARNING] The config has defined for the controller "base", but the robot does not have this component. Skipping, but make sure this is intended.Removing the controller config for base from self.part_controller_config. (robot.py:151)
[robosuite WARNING] The config has defined for the controller "legs", but the robot does not have this component. Skipping, but make sure this is intended.Removing the controller config for legs from self.part_controller_config. (robot.py:151)
[robosuite WARNING] The config has defined for the controller "left", but the robot does not have this component. Skipping, but make sure this is intended.Removing the controller config for left from self.part_controller_config. (robot.py:151)
[robosuite WARNING] The config has defined for the controller "torso", but the robot does not have this component. Skipping, but make sure this is intended.Removing the controller config for torso from self.part_controller_config. (robot.py:151)
[robosuite WARNING] The config has defined for the controller "head", but the robot does not have this component. Skipping, but make sure this is intended.Removing the controller config for head from self.part_controller_config. (robot.py:151)
[robosuite WARNING] The config has defined for the controller "base", but the robot does not have this component. Skipping, but make sure this is intended.Removing the controller config for base from self.part_controller_config. (robot.py:151)
[robosuite WARNING] The config has defined for the controller "legs", but the robot does not have this component. Skipping, but make sure this is intended.Removing the controller config for legs from self.part_controller_config. (robot.py:151)
[robosuite INFO] Loading controller configuration from: /home/lph/.conda/envs/lph/lib/python3.10/site-packages/robosuite/controllers/config/default/composite/basic.json (composite_controller_factory.py:121)
[robosuite WARNING] The config has defined for the controller "left", but the robot does not have this component. Skipping, but make sure this is intended.Removing the controller config for left from self.part_controller_config. (robot.py:151)
[robosuite WARNING] The config has defined for the controller "torso", but the robot does not have this component. Skipping, but make sure this is intended.Removing the controller config for torso from self.part_controller_config. (robot.py:151)
[robosuite WARNING] The config has defined for the controller "head", but the robot does not have this component. Skipping, but make sure this is intended.Removing the controller config for head from self.part_controller_config. (robot.py:151)
[robosuite WARNING] The config has defined for the controller "base", but the robot does not have this component. Skipping, but make sure this is intended.Removing the controller config for base from self.part_controller_config. (robot.py:151)
[robosuite WARNING] The config has defined for the controller "legs", but the robot does not have this component. Skipping, but make sure this is intended.Removing the controller config for legs from self.part_controller_config. (robot.py:151)
[robosuite WARNING] The config has defined for the controller "left", but the robot does not have this component. Skipping, but make sure this is intended.Removing the controller config for left from self.part_controller_config. (robot.py:151)
[robosuite WARNING] The config has defined for the controller "torso", but the robot does not have this component. Skipping, but make sure this is intended.Removing the controller config for torso from self.part_controller_config. (robot.py:151)
[robosuite WARNING] The config has defined for the controller "head", but the robot does not have this component. Skipping, but make sure this is intended.Removing the controller config for head from self.part_controller_config. (robot.py:151)
[robosuite WARNING] The config has defined for the controller "base", but the robot does not have this component. Skipping, but make sure this is intended.Removing the controller config for base from self.part_controller_config. (robot.py:151)
[robosuite WARNING] The config has defined for the controller "legs", but the robot does not have this component. Skipping, but make sure this is intended.Removing the controller config for legs from self.part_controller_config. (robot.py:151)
[robosuite INFO] Loading controller configuration from: /home/lph/.conda/envs/lph/lib/python3.10/site-packages/robosuite/controllers/config/default/composite/basic.json (composite_controller_factory.py:121)
[robosuite WARNING] The config has defined for the controller "left", but the robot does not have this component. Skipping, but make sure this is intended.Removing the controller config for left from self.part_controller_config. (robot.py:151)
[robosuite WARNING] The config has defined for the controller "torso", but the robot does not have this component. Skipping, but make sure this is intended.Removing the controller config for torso from self.part_controller_config. (robot.py:151)
[robosuite WARNING] The config has defined for the controller "head", but the robot does not have this component. Skipping, but make sure this is intended.Removing the controller config for head from self.part_controller_config. (robot.py:151)
[robosuite WARNING] The config has defined for the controller "base", but the robot does not have this component. Skipping, but make sure this is intended.Removing the controller config for base from self.part_controller_config. (robot.py:151)
[robosuite WARNING] The config has defined for the controller "legs", but the robot does not have this component. Skipping, but make sure this is intended.Removing the controller config for legs from self.part_controller_config. (robot.py:151)
[robosuite WARNING] The config has defined for the controller "left", but the robot does not have this component. Skipping, but make sure this is intended.Removing the controller config for left from self.part_controller_config. (robot.py:151)
[robosuite WARNING] The config has defined for the controller "torso", but the robot does not have this component. Skipping, but make sure this is intended.Removing the controller config for torso from self.part_controller_config. (robot.py:151)
[robosuite WARNING] The config has defined for the controller "head", but the robot does not have this component. Skipping, but make sure this is intended.Removing the controller config for head from self.part_controller_config. (robot.py:151)
[robosuite WARNING] The config has defined for the controller "base", but the robot does not have this component. Skipping, but make sure this is intended.Removing the controller config for base from self.part_controller_config. (robot.py:151)
[robosuite WARNING] The config has defined for the controller "legs", but the robot does not have this component. Skipping, but make sure this is intended.Removing the controller config for legs from self.part_controller_config. (robot.py:151)
[robosuite INFO] Loading controller configuration from: /home/lph/.conda/envs/lph/lib/python3.10/site-packages/robosuite/controllers/config/default/composite/basic.json (composite_controller_factory.py:121)
[robosuite WARNING] The config has defined for the controller "left", but the robot does not have this component. Skipping, but make sure this is intended.Removing the controller config for left from self.part_controller_config. (robot.py:151)
[robosuite WARNING] The config has defined for the controller "torso", but the robot does not have this component. Skipping, but make sure this is intended.Removing the controller config for torso from self.part_controller_config. (robot.py:151)
[robosuite WARNING] The config has defined for the controller "head", but the robot does not have this component. Skipping, but make sure this is intended.Removing the controller config for head from self.part_controller_config. (robot.py:151)
[robosuite WARNING] The config has defined for the controller "base", but the robot does not have this component. Skipping, but make sure this is intended.Removing the controller config for base from self.part_controller_config. (robot.py:151)
[robosuite WARNING] The config has defined for the controller "legs", but the robot does not have this component. Skipping, but make sure this is intended.Removing the controller config for legs from self.part_controller_config. (robot.py:151)
[robosuite WARNING] The config has defined for the controller "left", but the robot does not have this component. Skipping, but make sure this is intended.Removing the controller config for left from self.part_controller_config. (robot.py:151)
[robosuite WARNING] The config has defined for the controller "torso", but the robot does not have this component. Skipping, but make sure this is intended.Removing the controller config for torso from self.part_controller_config. (robot.py:151)
[robosuite WARNING] The config has defined for the controller "head", but the robot does not have this component. Skipping, but make sure this is intended.Removing the controller config for head from self.part_controller_config. (robot.py:151)
[robosuite WARNING] The config has defined for the controller "base", but the robot does not have this component. Skipping, but make sure this is intended.Removing the controller config for base from self.part_controller_config. (robot.py:151)
[robosuite WARNING] The config has defined for the controller "legs", but the robot does not have this component. Skipping, but make sure this is intended.Removing the controller config for legs from self.part_controller_config. (robot.py:151)
[robosuite INFO] Loading controller configuration from: /home/lph/.conda/envs/lph/lib/python3.10/site-packages/robosuite/controllers/config/default/composite/basic.json (composite_controller_factory.py:121)
[robosuite WARNING] The config has defined for the controller "left", but the robot does not have this component. Skipping, but make sure this is intended.Removing the controller config for left from self.part_controller_config. (robot.py:151)
[robosuite WARNING] The config has defined for the controller "torso", but the robot does not have this component. Skipping, but make sure this is intended.Removing the controller config for torso from self.part_controller_config. (robot.py:151)
[robosuite WARNING] The config has defined for the controller "head", but the robot does not have this component. Skipping, but make sure this is intended.Removing the controller config for head from self.part_controller_config. (robot.py:151)
[robosuite WARNING] The config has defined for the controller "base", but the robot does not have this component. Skipping, but make sure this is intended.Removing the controller config for base from self.part_controller_config. (robot.py:151)
[robosuite WARNING] The config has defined for the controller "legs", but the robot does not have this component. Skipping, but make sure this is intended.Removing the controller config for legs from self.part_controller_config. (robot.py:151)
[robosuite WARNING] The config has defined for the controller "left", but the robot does not have this component. Skipping, but make sure this is intended.Removing the controller config for left from self.part_controller_config. (robot.py:151)
[robosuite WARNING] The config has defined for the controller "torso", but the robot does not have this component. Skipping, but make sure this is intended.Removing the controller config for torso from self.part_controller_config. (robot.py:151)
[robosuite WARNING] The config has defined for the controller "head", but the robot does not have this component. Skipping, but make sure this is intended.Removing the controller config for head from self.part_controller_config. (robot.py:151)
[robosuite WARNING] The config has defined for the controller "base", but the robot does not have this component. Skipping, but make sure this is intended.Removing the controller config for base from self.part_controller_config. (robot.py:151)
[robosuite WARNING] The config has defined for the controller "legs", but the robot does not have this component. Skipping, but make sure this is intended.Removing the controller config for legs from self.part_controller_config. (robot.py:151)
[robosuite INFO] Loading controller configuration from: /home/lph/.conda/envs/lph/lib/python3.10/site-packages/robosuite/controllers/config/default/composite/basic.json (composite_controller_factory.py:121)
[robosuite WARNING] The config has defined for the controller "left", but the robot does not have this component. Skipping, but make sure this is intended.Removing the controller config for left from self.part_controller_config. (robot.py:151)
[robosuite WARNING] The config has defined for the controller "torso", but the robot does not have this component. Skipping, but make sure this is intended.Removing the controller config for torso from self.part_controller_config. (robot.py:151)
[robosuite WARNING] The config has defined for the controller "head", but the robot does not have this component. Skipping, but make sure this is intended.Removing the controller config for head from self.part_controller_config. (robot.py:151)
[robosuite WARNING] The config has defined for the controller "base", but the robot does not have this component. Skipping, but make sure this is intended.Removing the controller config for base from self.part_controller_config. (robot.py:151)
[robosuite WARNING] The config has defined for the controller "legs", but the robot does not have this component. Skipping, but make sure this is intended.Removing the controller config for legs from self.part_controller_config. (robot.py:151)
[robosuite WARNING] The config has defined for the controller "left", but the robot does not have this component. Skipping, but make sure this is intended.Removing the controller config for left from self.part_controller_config. (robot.py:151)
[robosuite WARNING] The config has defined for the controller "torso", but the robot does not have this component. Skipping, but make sure this is intended.Removing the controller config for torso from self.part_controller_config. (robot.py:151)
[robosuite WARNING] The config has defined for the controller "head", but the robot does not have this component. Skipping, but make sure this is intended.Removing the controller config for head from self.part_controller_config. (robot.py:151)
[robosuite WARNING] The config has defined for the controller "base", but the robot does not have this component. Skipping, but make sure this is intended.Removing the controller config for base from self.part_controller_config. (robot.py:151)
[robosuite WARNING] The config has defined for the controller "legs", but the robot does not have this component. Skipping, but make sure this is intended.Removing the controller config for legs from self.part_controller_config. (robot.py:151)
pygame 2.5.2 (SDL 2.28.2, Python 3.10.4)
Hello from the pygame community. https://www.pygame.org/contribute.html
episode=0 reward=-7.182 success=False grasped=False decisions=240 teacher=0 epsilon=0.000
episode=1 reward=-20.790 success=False grasped=False decisions=240 teacher=0 epsilon=0.000
episode=2 reward=14.461 success=True grasped=True decisions=139 teacher=0 epsilon=0.000
episode=3 reward=-15.950 success=False grasped=False decisions=240 teacher=0 epsilon=0.000
episode=4 reward=-16.152 success=False grasped=False decisions=240 teacher=0 epsilon=0.000
episode=5 reward=-15.928 success=False grasped=False decisions=240 teacher=0 epsilon=0.000
episode=6 reward=-7.497 success=False grasped=False decisions=240 teacher=0 epsilon=0.000
episode=7 reward=13.756 success=True grasped=True decisions=119 teacher=0 epsilon=0.000
episode=8 reward=-18.716 success=False grasped=False decisions=240 teacher=0 epsilon=0.000
episode=9 reward=13.583 success=True grasped=True decisions=178 teacher=0 epsilon=0.000
episode=10 reward=13.068 success=True grasped=True decisions=174 teacher=0 epsilon=0.000
episode=11 reward=-14.062 success=False grasped=False decisions=240 teacher=0 epsilon=0.000
episode=12 reward=-15.142 success=False grasped=False decisions=240 teacher=0 epsilon=0.000
episode=13 reward=13.923 success=True grasped=True decisions=116 teacher=0 epsilon=0.000
episode=14 reward=-7.492 success=False grasped=False decisions=240 teacher=0 epsilon=0.000
episode=15 reward=-14.642 success=False grasped=False decisions=240 teacher=0 epsilon=0.000
episode=16 reward=13.535 success=True grasped=True decisions=190 teacher=0 epsilon=0.000
episode=17 reward=13.807 success=True grasped=True decisions=158 teacher=0 epsilon=0.000
episode=18 reward=-9.352 success=False grasped=False decisions=240 teacher=0 epsilon=0.000
episode=19 reward=-12.312 success=False grasped=False decisions=240 teacher=0 epsilon=0.000
episode=20 reward=13.853 success=True grasped=True decisions=110 teacher=0 epsilon=0.000
episode=21 reward=-19.203 success=False grasped=False decisions=240 teacher=0 epsilon=0.000
episode=22 reward=-24.953 success=False grasped=False decisions=240 teacher=0 epsilon=0.000
episode=23 reward=14.822 success=True grasped=True decisions=128 teacher=0 epsilon=0.000
episode=24 reward=-0.773 success=False grasped=False decisions=240 teacher=0 epsilon=0.000
episode=25 reward=-22.264 success=False grasped=False decisions=240 teacher=0 epsilon=0.000
episode=26 reward=-8.728 success=False grasped=False decisions=240 teacher=0 epsilon=0.000
episode=27 reward=-8.325 success=False grasped=False decisions=240 teacher=0 epsilon=0.000
episode=28 reward=-15.374 success=False grasped=False decisions=240 teacher=0 epsilon=0.000
episode=29 reward=-15.802 success=False grasped=False decisions=240 teacher=0 epsilon=0.000
episode=30 reward=15.892 success=True grasped=True decisions=132 teacher=0 epsilon=0.000
episode=31 reward=-18.684 success=False grasped=False decisions=240 teacher=0 epsilon=0.000
episode=32 reward=-21.365 success=False grasped=False decisions=240 teacher=0 epsilon=0.000
episode=33 reward=-11.425 success=False grasped=False decisions=240 teacher=0 epsilon=0.000
episode=34 reward=15.820 success=True grasped=True decisions=117 teacher=0 epsilon=0.000
episode=35 reward=-16.870 success=False grasped=False decisions=240 teacher=0 epsilon=0.000
episode=36 reward=-16.546 success=False grasped=False decisions=240 teacher=0 epsilon=0.000
episode=37 reward=-8.498 success=False grasped=False decisions=240 teacher=0 epsilon=0.000
episode=38 reward=-7.793 success=False grasped=True decisions=240 teacher=0 epsilon=0.000
episode=39 reward=-7.732 success=False grasped=False decisions=240 teacher=0 epsilon=0.000
episode=40 reward=13.910 success=True grasped=True decisions=120 teacher=0 epsilon=0.000
episode=41 reward=-16.960 success=False grasped=False decisions=240 teacher=0 epsilon=0.000
episode=42 reward=-18.851 success=False grasped=False decisions=240 teacher=0 epsilon=0.000
episode=43 reward=-18.510 success=False grasped=False decisions=240 teacher=0 epsilon=0.000
episode=44 reward=13.867 success=True grasped=True decisions=113 teacher=0 epsilon=0.000
episode=45 reward=-17.097 success=False grasped=False decisions=240 teacher=0 epsilon=0.000
episode=46 reward=-14.921 success=False grasped=False decisions=240 teacher=0 epsilon=0.000
episode=47 reward=-18.450 success=False grasped=False decisions=240 teacher=0 epsilon=0.000
episode=48 reward=-8.284 success=False grasped=False decisions=240 teacher=0 epsilon=0.000
episode=49 reward=-19.621 success=False grasped=False decisions=240 teacher=0 epsilon=0.000
summary: {
  "mean_learning_return": -6.958979915352424,
  "sparse_success_rate": 0.26,
  "grasp_any_rate": 0.28,
  "mean_decisions": 213.48,
  "teacher_assisted_success_rate": NaN,
  "clone_policy_memory": {
    "labeled_states": 0,
    "conflicting_states": 0
  },
  "clone_mlp": {
    "samples": 0,
    "train_loss": NaN,
    "train_accuracy": NaN
  },
  "clone_gru": {
    "episodes": 0,
    "samples": 0,
    "train_loss": NaN,
    "train_accuracy": NaN
  },
  "full_communication_traffic": {
    "rank": 3,
    "mode": "nmf_dlpfc_to_striatum_latent",
    "fitted": true,
    "links": {
      "dlpfc_strd1": {
        "source_dim": 200,
        "latent_dim": 3,
        "target_dim": 8,
        "transport": "binary_if_spike_nmf_latent",
        "spike_transport": {
          "enabled": true,
          "source_neuron": "IF",
          "encoder": "soft_reset_sigma_delta",
          "factor_normalization": true,
          "contrast_encoding": true,
          "threshold": 1.0,
          "projection_current_gain": 0.5,
          "decoder_pulse_gain": 1.0,
          "logical_spike_events": 351395,
          "active_event_samples": 186577,
          "peak_events_per_sample": 3,
          "mean_events_per_sample": 1.2008577677534003,
          "decoder_teacher_updates": 0,
          "decoder_teacher_ranking_updates": 0,
          "shadow_calibration_updates": 0,
          "shadow_calibration_squared_error": 0.0,
          "decoder_teacher_event_mass": 0.0
        },
        "quantization": {
          "enabled": false,
          "bits_per_scalar": 0,
          "fixed_full_scale": 5.0,
          "quantized_vector_records": 0,
          "clipped_values": 0,
          "total_quantized_values": 0,
          "clip_rate": null,
          "current_nrmse_vs_unquantized_latent": 0.6585014366932179,
          "peak_current_error_vs_unquantized_latent": 2.9042587280273438
        },
        "active_samples": 292620,
        "full_warmup_fallback_samples": 0,
        "source_logical_events": 292620,
        "continuous_latent_scalar_values": 877860,
        "continuous_latent_nonzero_values": 837990,
        "transmitted_continuous_vector_records": 0,
        "transmitted_continuous_latent_scalar_values": 0,
        "mean_absolute_latent_value": 0.8007557037904605,
        "peak_absolute_latent_value": 1.0,
        "source_projection_array_activations": 292620,
        "target_decoder_array_activations": 186577,
        "continuous_vector_records": 0,
        "suppressed_repeat_samples": 0,
        "repeat_suppression_rate": 0.0,
        "online_current_ev": 0.5663758573034223,
        "online_current_nrmse": 0.6585014371256738,
        "online_current_peak_absolute_error": 2.9042587280273438
      },
      "dlpfc_strd2": {
        "source_dim": 200,
        "latent_dim": 3,
        "target_dim": 8,
        "transport": "binary_if_spike_nmf_latent",
        "spike_transport": {
          "enabled": true,
          "source_neuron": "IF",
          "encoder": "soft_reset_sigma_delta",
          "factor_normalization": true,
          "contrast_encoding": true,
          "threshold": 1.0,
          "projection_current_gain": 0.5,
          "decoder_pulse_gain": 1.0,
          "logical_spike_events": 370956,
          "active_event_samples": 191636,
          "peak_events_per_sample": 3,
          "mean_events_per_sample": 1.2677055566946893,
          "decoder_teacher_updates": 0,
          "decoder_teacher_ranking_updates": 0,
          "shadow_calibration_updates": 0,
          "shadow_calibration_squared_error": 0.0,
          "decoder_teacher_event_mass": 0.0
        },
        "quantization": {
          "enabled": false,
          "bits_per_scalar": 0,
          "fixed_full_scale": 5.0,
          "quantized_vector_records": 0,
          "clipped_values": 0,
          "total_quantized_values": 0,
          "clip_rate": null,
          "current_nrmse_vs_unquantized_latent": 0.6573147485375039,
          "peak_current_error_vs_unquantized_latent": 1.9489370584487915
        },
        "active_samples": 292620,
        "full_warmup_fallback_samples": 0,
        "source_logical_events": 292620,
        "continuous_latent_scalar_values": 877860,
        "continuous_latent_nonzero_values": 814620,
        "transmitted_continuous_vector_records": 0,
        "transmitted_continuous_latent_scalar_values": 0,
        "mean_absolute_latent_value": 0.8452947578453968,
        "peak_absolute_latent_value": 1.0,
        "source_projection_array_activations": 292620,
        "target_decoder_array_activations": 191636,
        "continuous_vector_records": 0,
        "suppressed_repeat_samples": 0,
        "repeat_suppression_rate": 0.0,
        "online_current_ev": 0.5679373215120884,
        "online_current_nrmse": 0.6573147484180707,
        "online_current_peak_absolute_error": 1.9489370584487915
      }
    },
    "other_full_cross_core_links": {
      "dlpfc_stn": {
        "source_dim": 200,
        "target_dim": 2,
        "samples": 292620,
        "source_logical_events": 292620
      },
      "strd2_gpe": {
        "source_dim": 8,
        "target_dim": 8,
        "samples": 292620,
        "source_logical_events": 1074214
      },
      "stn_gpe": {
        "source_dim": 2,
        "target_dim": 8,
        "samples": 292620,
        "source_logical_events": 275202
      },
      "strd1_gpi": {
        "source_dim": 8,
        "target_dim": 8,
        "samples": 292620,
        "source_logical_events": 616497
      },
      "stn_gpi": {
        "source_dim": 2,
        "target_dim": 8,
        "samples": 292620,
        "source_logical_events": 275202
      },
      "gpe_stn": {
        "source_dim": 8,
        "target_dim": 2,
        "samples": 292620,
        "source_logical_events": 545430
      },
      "gpi_thalamus": {
        "source_dim": 8,
        "target_dim": 8,
        "samples": 292620,
        "source_logical_events": 416135
      },
      "dlpfc_thalamus": {
        "source_dim": 200,
        "target_dim": 8,
        "samples": 292620,
        "source_logical_events": 292620
      }
    }
  },
  "simple_hardware_link_proxy": null,
  "communication_refit_count": 0,
  "coverage_audit": null,
  "pm_offline_training": null,
  "phase_success": {
    "teacher": {
      "episodes": 0,
      "lift_successes": 0
    },
    "dagger": {
      "episodes": 0,
      "lift_successes": 0
    },
    "evaluation": {
      "episodes": 50,
      "lift_successes": 13
    }
  }
}
