[robosuite WARNING] No private macro file found! (macros.py:57)
[robosuite WARNING] It is recommended to use a private macro file (macros.py:58)
[robosuite WARNING] To setup, run: python /home/lph/.conda/envs/lph/lib/python3.10/site-packages/robosuite/scripts/setup_macros.py (macros.py:59)
[robosuite WARNING] Could not import robosuite_models. Some robots may not be available. If you want to use these robots, please install robosuite_models from source (https://github.com/ARISE-Initiative/robosuite_models) or through pip install. (__init__.py:30)
[robosuite WARNING] Could not load the mink-based whole-body IK. Make sure you install related import properly, otherwise you will not be able to use the default IK controller setting for GR1 robot. (__init__.py:40)
[robosuite INFO] Loading controller configuration from: /home/lph/.conda/envs/lph/lib/python3.10/site-packages/robosuite/controllers/config/default/composite/basic.json (composite_controller_factory.py:121)
[robosuite WARNING] The config has defined for the controller "left", but the robot does not have this component. Skipping, but make sure this is intended.Removing the controller config for left from self.part_controller_config. (robot.py:151)
[robosuite WARNING] The config has defined for the controller "torso", but the robot does not have this component. Skipping, but make sure this is intended.Removing the controller config for torso from self.part_controller_config. (robot.py:151)
[robosuite WARNING] The config has defined for the controller "head", but the robot does not have this component. Skipping, but make sure this is intended.Removing the controller config for head from self.part_controller_config. (robot.py:151)
[robosuite WARNING] The config has defined for the controller "base", but the robot does not have this component. Skipping, but make sure this is intended.Removing the controller config for base from self.part_controller_config. (robot.py:151)
[robosuite WARNING] The config has defined for the controller "legs", but the robot does not have this component. Skipping, but make sure this is intended.Removing the controller config for legs from self.part_controller_config. (robot.py:151)
[robosuite WARNING] The config has defined for the controller "left", but the robot does not have this component. Skipping, but make sure this is intended.Removing the controller config for left from self.part_controller_config. (robot.py:151)
[robosuite WARNING] The config has defined for the controller "torso", but the robot does not have this component. Skipping, but make sure this is intended.Removing the controller config for torso from self.part_controller_config. (robot.py:151)
[robosuite WARNING] The config has defined for the controller "head", but the robot does not have this component. Skipping, but make sure this is intended.Removing the controller config for head from self.part_controller_config. (robot.py:151)
[robosuite WARNING] The config has defined for the controller "base", but the robot does not have this component. Skipping, but make sure this is intended.Removing the controller config for base from self.part_controller_config. (robot.py:151)
[robosuite WARNING] The config has defined for the controller "legs", but the robot does not have this component. Skipping, but make sure this is intended.Removing the controller config for legs from self.part_controller_config. (robot.py:151)
[robosuite INFO] Loading controller configuration from: /home/lph/.conda/envs/lph/lib/python3.10/site-packages/robosuite/controllers/config/default/composite/basic.json (composite_controller_factory.py:121)
[robosuite WARNING] The config has defined for the controller "left", but the robot does not have this component. Skipping, but make sure this is intended.Removing the controller config for left from self.part_controller_config. (robot.py:151)
[robosuite WARNING] The config has defined for the controller "torso", but the robot does not have this component. Skipping, but make sure this is intended.Removing the controller config for torso from self.part_controller_config. (robot.py:151)
[robosuite WARNING] The config has defined for the controller "head", but the robot does not have this component. Skipping, but make sure this is intended.Removing the controller config for head from self.part_controller_config. (robot.py:151)
[robosuite WARNING] The config has defined for the controller "base", but the robot does not have this component. Skipping, but make sure this is intended.Removing the controller config for base from self.part_controller_config. (robot.py:151)
[robosuite WARNING] The config has defined for the controller "legs", but the robot does not have this component. Skipping, but make sure this is intended.Removing the controller config for legs from self.part_controller_config. (robot.py:151)
[robosuite WARNING] The config has defined for the controller "left", but the robot does not have this component. Skipping, but make sure this is intended.Removing the controller config for left from self.part_controller_config. (robot.py:151)
[robosuite WARNING] The config has defined for the controller "torso", but the robot does not have this component. Skipping, but make sure this is intended.Removing the controller config for torso from self.part_controller_config. (robot.py:151)
[robosuite WARNING] The config has defined for the controller "head", but the robot does not have this component. Skipping, but make sure this is intended.Removing the controller config for head from self.part_controller_config. (robot.py:151)
[robosuite WARNING] The config has defined for the controller "base", but the robot does not have this component. Skipping, but make sure this is intended.Removing the controller config for base from self.part_controller_config. (robot.py:151)
[robosuite WARNING] The config has defined for the controller "legs", but the robot does not have this component. Skipping, but make sure this is intended.Removing the controller config for legs from self.part_controller_config. (robot.py:151)
[robosuite INFO] Loading controller configuration from: /home/lph/.conda/envs/lph/lib/python3.10/site-packages/robosuite/controllers/config/default/composite/basic.json (composite_controller_factory.py:121)
[robosuite WARNING] The config has defined for the controller "left", but the robot does not have this component. Skipping, but make sure this is intended.Removing the controller config for left from self.part_controller_config. (robot.py:151)
[robosuite WARNING] The config has defined for the controller "torso", but the robot does not have this component. Skipping, but make sure this is intended.Removing the controller config for torso from self.part_controller_config. (robot.py:151)
[robosuite WARNING] The config has defined for the controller "head", but the robot does not have this component. Skipping, but make sure this is intended.Removing the controller config for head from self.part_controller_config. (robot.py:151)
[robosuite WARNING] The config has defined for the controller "base", but the robot does not have this component. Skipping, but make sure this is intended.Removing the controller config for base from self.part_controller_config. (robot.py:151)
[robosuite WARNING] The config has defined for the controller "legs", but the robot does not have this component. Skipping, but make sure this is intended.Removing the controller config for legs from self.part_controller_config. (robot.py:151)
[robosuite WARNING] The config has defined for the controller "left", but the robot does not have this component. Skipping, but make sure this is intended.Removing the controller config for left from self.part_controller_config. (robot.py:151)
[robosuite WARNING] The config has defined for the controller "torso", but the robot does not have this component. Skipping, but make sure this is intended.Removing the controller config for torso from self.part_controller_config. (robot.py:151)
[robosuite WARNING] The config has defined for the controller "head", but the robot does not have this component. Skipping, but make sure this is intended.Removing the controller config for head from self.part_controller_config. (robot.py:151)
[robosuite WARNING] The config has defined for the controller "base", but the robot does not have this component. Skipping, but make sure this is intended.Removing the controller config for base from self.part_controller_config. (robot.py:151)
[robosuite WARNING] The config has defined for the controller "legs", but the robot does not have this component. Skipping, but make sure this is intended.Removing the controller config for legs from self.part_controller_config. (robot.py:151)
[robosuite INFO] Loading controller configuration from: /home/lph/.conda/envs/lph/lib/python3.10/site-packages/robosuite/controllers/config/default/composite/basic.json (composite_controller_factory.py:121)
[robosuite WARNING] The config has defined for the controller "left", but the robot does not have this component. Skipping, but make sure this is intended.Removing the controller config for left from self.part_controller_config. (robot.py:151)
[robosuite WARNING] The config has defined for the controller "torso", but the robot does not have this component. Skipping, but make sure this is intended.Removing the controller config for torso from self.part_controller_config. (robot.py:151)
[robosuite WARNING] The config has defined for the controller "head", but the robot does not have this component. Skipping, but make sure this is intended.Removing the controller config for head from self.part_controller_config. (robot.py:151)
[robosuite WARNING] The config has defined for the controller "base", but the robot does not have this component. Skipping, but make sure this is intended.Removing the controller config for base from self.part_controller_config. (robot.py:151)
[robosuite WARNING] The config has defined for the controller "legs", but the robot does not have this component. Skipping, but make sure this is intended.Removing the controller config for legs from self.part_controller_config. (robot.py:151)
[robosuite WARNING] The config has defined for the controller "left", but the robot does not have this component. Skipping, but make sure this is intended.Removing the controller config for left from self.part_controller_config. (robot.py:151)
[robosuite WARNING] The config has defined for the controller "torso", but the robot does not have this component. Skipping, but make sure this is intended.Removing the controller config for torso from self.part_controller_config. (robot.py:151)
[robosuite WARNING] The config has defined for the controller "head", but the robot does not have this component. Skipping, but make sure this is intended.Removing the controller config for head from self.part_controller_config. (robot.py:151)
[robosuite WARNING] The config has defined for the controller "base", but the robot does not have this component. Skipping, but make sure this is intended.Removing the controller config for base from self.part_controller_config. (robot.py:151)
[robosuite WARNING] The config has defined for the controller "legs", but the robot does not have this component. Skipping, but make sure this is intended.Removing the controller config for legs from self.part_controller_config. (robot.py:151)
[robosuite INFO] Loading controller configuration from: /home/lph/.conda/envs/lph/lib/python3.10/site-packages/robosuite/controllers/config/default/composite/basic.json (composite_controller_factory.py:121)
[robosuite WARNING] The config has defined for the controller "left", but the robot does not have this component. Skipping, but make sure this is intended.Removing the controller config for left from self.part_controller_config. (robot.py:151)
[robosuite WARNING] The config has defined for the controller "torso", but the robot does not have this component. Skipping, but make sure this is intended.Removing the controller config for torso from self.part_controller_config. (robot.py:151)
[robosuite WARNING] The config has defined for the controller "head", but the robot does not have this component. Skipping, but make sure this is intended.Removing the controller config for head from self.part_controller_config. (robot.py:151)
[robosuite WARNING] The config has defined for the controller "base", but the robot does not have this component. Skipping, but make sure this is intended.Removing the controller config for base from self.part_controller_config. (robot.py:151)
[robosuite WARNING] The config has defined for the controller "legs", but the robot does not have this component. Skipping, but make sure this is intended.Removing the controller config for legs from self.part_controller_config. (robot.py:151)
[robosuite WARNING] The config has defined for the controller "left", but the robot does not have this component. Skipping, but make sure this is intended.Removing the controller config for left from self.part_controller_config. (robot.py:151)
[robosuite WARNING] The config has defined for the controller "torso", but the robot does not have this component. Skipping, but make sure this is intended.Removing the controller config for torso from self.part_controller_config. (robot.py:151)
[robosuite WARNING] The config has defined for the controller "head", but the robot does not have this component. Skipping, but make sure this is intended.Removing the controller config for head from self.part_controller_config. (robot.py:151)
[robosuite WARNING] The config has defined for the controller "base", but the robot does not have this component. Skipping, but make sure this is intended.Removing the controller config for base from self.part_controller_config. (robot.py:151)
[robosuite WARNING] The config has defined for the controller "legs", but the robot does not have this component. Skipping, but make sure this is intended.Removing the controller config for legs from self.part_controller_config. (robot.py:151)
[robosuite INFO] Loading controller configuration from: /home/lph/.conda/envs/lph/lib/python3.10/site-packages/robosuite/controllers/config/default/composite/basic.json (composite_controller_factory.py:121)
[robosuite WARNING] The config has defined for the controller "left", but the robot does not have this component. Skipping, but make sure this is intended.Removing the controller config for left from self.part_controller_config. (robot.py:151)
[robosuite WARNING] The config has defined for the controller "torso", but the robot does not have this component. Skipping, but make sure this is intended.Removing the controller config for torso from self.part_controller_config. (robot.py:151)
[robosuite WARNING] The config has defined for the controller "head", but the robot does not have this component. Skipping, but make sure this is intended.Removing the controller config for head from self.part_controller_config. (robot.py:151)
[robosuite WARNING] The config has defined for the controller "base", but the robot does not have this component. Skipping, but make sure this is intended.Removing the controller config for base from self.part_controller_config. (robot.py:151)
[robosuite WARNING] The config has defined for the controller "legs", but the robot does not have this component. Skipping, but make sure this is intended.Removing the controller config for legs from self.part_controller_config. (robot.py:151)
[robosuite WARNING] The config has defined for the controller "left", but the robot does not have this component. Skipping, but make sure this is intended.Removing the controller config for left from self.part_controller_config. (robot.py:151)
[robosuite WARNING] The config has defined for the controller "torso", but the robot does not have this component. Skipping, but make sure this is intended.Removing the controller config for torso from self.part_controller_config. (robot.py:151)
[robosuite WARNING] The config has defined for the controller "head", but the robot does not have this component. Skipping, but make sure this is intended.Removing the controller config for head from self.part_controller_config. (robot.py:151)
[robosuite WARNING] The config has defined for the controller "base", but the robot does not have this component. Skipping, but make sure this is intended.Removing the controller config for base from self.part_controller_config. (robot.py:151)
[robosuite WARNING] The config has defined for the controller "legs", but the robot does not have this component. Skipping, but make sure this is intended.Removing the controller config for legs from self.part_controller_config. (robot.py:151)
[robosuite INFO] Loading controller configuration from: /home/lph/.conda/envs/lph/lib/python3.10/site-packages/robosuite/controllers/config/default/composite/basic.json (composite_controller_factory.py:121)
[robosuite WARNING] The config has defined for the controller "left", but the robot does not have this component. Skipping, but make sure this is intended.Removing the controller config for left from self.part_controller_config. (robot.py:151)
[robosuite WARNING] The config has defined for the controller "torso", but the robot does not have this component. Skipping, but make sure this is intended.Removing the controller config for torso from self.part_controller_config. (robot.py:151)
[robosuite WARNING] The config has defined for the controller "head", but the robot does not have this component. Skipping, but make sure this is intended.Removing the controller config for head from self.part_controller_config. (robot.py:151)
[robosuite WARNING] The config has defined for the controller "base", but the robot does not have this component. Skipping, but make sure this is intended.Removing the controller config for base from self.part_controller_config. (robot.py:151)
[robosuite WARNING] The config has defined for the controller "legs", but the robot does not have this component. Skipping, but make sure this is intended.Removing the controller config for legs from self.part_controller_config. (robot.py:151)
[robosuite WARNING] The config has defined for the controller "left", but the robot does not have this component. Skipping, but make sure this is intended.Removing the controller config for left from self.part_controller_config. (robot.py:151)
[robosuite WARNING] The config has defined for the controller "torso", but the robot does not have this component. Skipping, but make sure this is intended.Removing the controller config for torso from self.part_controller_config. (robot.py:151)
[robosuite WARNING] The config has defined for the controller "head", but the robot does not have this component. Skipping, but make sure this is intended.Removing the controller config for head from self.part_controller_config. (robot.py:151)
[robosuite WARNING] The config has defined for the controller "base", but the robot does not have this component. Skipping, but make sure this is intended.Removing the controller config for base from self.part_controller_config. (robot.py:151)
[robosuite WARNING] The config has defined for the controller "legs", but the robot does not have this component. Skipping, but make sure this is intended.Removing the controller config for legs from self.part_controller_config. (robot.py:151)
[robosuite INFO] Loading controller configuration from: /home/lph/.conda/envs/lph/lib/python3.10/site-packages/robosuite/controllers/config/default/composite/basic.json (composite_controller_factory.py:121)
[robosuite WARNING] The config has defined for the controller "left", but the robot does not have this component. Skipping, but make sure this is intended.Removing the controller config for left from self.part_controller_config. (robot.py:151)
[robosuite WARNING] The config has defined for the controller "torso", but the robot does not have this component. Skipping, but make sure this is intended.Removing the controller config for torso from self.part_controller_config. (robot.py:151)
[robosuite WARNING] The config has defined for the controller "head", but the robot does not have this component. Skipping, but make sure this is intended.Removing the controller config for head from self.part_controller_config. (robot.py:151)
[robosuite WARNING] The config has defined for the controller "base", but the robot does not have this component. Skipping, but make sure this is intended.Removing the controller config for base from self.part_controller_config. (robot.py:151)
[robosuite WARNING] The config has defined for the controller "legs", but the robot does not have this component. Skipping, but make sure this is intended.Removing the controller config for legs from self.part_controller_config. (robot.py:151)
[robosuite WARNING] The config has defined for the controller "left", but the robot does not have this component. Skipping, but make sure this is intended.Removing the controller config for left from self.part_controller_config. (robot.py:151)
[robosuite WARNING] The config has defined for the controller "torso", but the robot does not have this component. Skipping, but make sure this is intended.Removing the controller config for torso from self.part_controller_config. (robot.py:151)
[robosuite WARNING] The config has defined for the controller "head", but the robot does not have this component. Skipping, but make sure this is intended.Removing the controller config for head from self.part_controller_config. (robot.py:151)
[robosuite WARNING] The config has defined for the controller "base", but the robot does not have this component. Skipping, but make sure this is intended.Removing the controller config for base from self.part_controller_config. (robot.py:151)
[robosuite WARNING] The config has defined for the controller "legs", but the robot does not have this component. Skipping, but make sure this is intended.Removing the controller config for legs from self.part_controller_config. (robot.py:151)
[robosuite INFO] Loading controller configuration from: /home/lph/.conda/envs/lph/lib/python3.10/site-packages/robosuite/controllers/config/default/composite/basic.json (composite_controller_factory.py:121)
[robosuite WARNING] The config has defined for the controller "left", but the robot does not have this component. Skipping, but make sure this is intended.Removing the controller config for left from self.part_controller_config. (robot.py:151)
[robosuite WARNING] The config has defined for the controller "torso", but the robot does not have this component. Skipping, but make sure this is intended.Removing the controller config for torso from self.part_controller_config. (robot.py:151)
[robosuite WARNING] The config has defined for the controller "head", but the robot does not have this component. Skipping, but make sure this is intended.Removing the controller config for head from self.part_controller_config. (robot.py:151)
[robosuite WARNING] The config has defined for the controller "base", but the robot does not have this component. Skipping, but make sure this is intended.Removing the controller config for base from self.part_controller_config. (robot.py:151)
[robosuite WARNING] The config has defined for the controller "legs", but the robot does not have this component. Skipping, but make sure this is intended.Removing the controller config for legs from self.part_controller_config. (robot.py:151)
[robosuite WARNING] The config has defined for the controller "left", but the robot does not have this component. Skipping, but make sure this is intended.Removing the controller config for left from self.part_controller_config. (robot.py:151)
[robosuite WARNING] The config has defined for the controller "torso", but the robot does not have this component. Skipping, but make sure this is intended.Removing the controller config for torso from self.part_controller_config. (robot.py:151)
[robosuite WARNING] The config has defined for the controller "head", but the robot does not have this component. Skipping, but make sure this is intended.Removing the controller config for head from self.part_controller_config. (robot.py:151)
[robosuite WARNING] The config has defined for the controller "base", but the robot does not have this component. Skipping, but make sure this is intended.Removing the controller config for base from self.part_controller_config. (robot.py:151)
[robosuite WARNING] The config has defined for the controller "legs", but the robot does not have this component. Skipping, but make sure this is intended.Removing the controller config for legs from self.part_controller_config. (robot.py:151)
[robosuite INFO] Loading controller configuration from: /home/lph/.conda/envs/lph/lib/python3.10/site-packages/robosuite/controllers/config/default/composite/basic.json (composite_controller_factory.py:121)
[robosuite WARNING] The config has defined for the controller "left", but the robot does not have this component. Skipping, but make sure this is intended.Removing the controller config for left from self.part_controller_config. (robot.py:151)
[robosuite WARNING] The config has defined for the controller "torso", but the robot does not have this component. Skipping, but make sure this is intended.Removing the controller config for torso from self.part_controller_config. (robot.py:151)
[robosuite WARNING] The config has defined for the controller "head", but the robot does not have this component. Skipping, but make sure this is intended.Removing the controller config for head from self.part_controller_config. (robot.py:151)
[robosuite WARNING] The config has defined for the controller "base", but the robot does not have this component. Skipping, but make sure this is intended.Removing the controller config for base from self.part_controller_config. (robot.py:151)
[robosuite WARNING] The config has defined for the controller "legs", but the robot does not have this component. Skipping, but make sure this is intended.Removing the controller config for legs from self.part_controller_config. (robot.py:151)
[robosuite WARNING] The config has defined for the controller "left", but the robot does not have this component. Skipping, but make sure this is intended.Removing the controller config for left from self.part_controller_config. (robot.py:151)
[robosuite WARNING] The config has defined for the controller "torso", but the robot does not have this component. Skipping, but make sure this is intended.Removing the controller config for torso from self.part_controller_config. (robot.py:151)
[robosuite WARNING] The config has defined for the controller "head", but the robot does not have this component. Skipping, but make sure this is intended.Removing the controller config for head from self.part_controller_config. (robot.py:151)
[robosuite WARNING] The config has defined for the controller "base", but the robot does not have this component. Skipping, but make sure this is intended.Removing the controller config for base from self.part_controller_config. (robot.py:151)
[robosuite WARNING] The config has defined for the controller "legs", but the robot does not have this component. Skipping, but make sure this is intended.Removing the controller config for legs from self.part_controller_config. (robot.py:151)
[robosuite INFO] Loading controller configuration from: /home/lph/.conda/envs/lph/lib/python3.10/site-packages/robosuite/controllers/config/default/composite/basic.json (composite_controller_factory.py:121)
[robosuite WARNING] The config has defined for the controller "left", but the robot does not have this component. Skipping, but make sure this is intended.Removing the controller config for left from self.part_controller_config. (robot.py:151)
[robosuite WARNING] The config has defined for the controller "torso", but the robot does not have this component. Skipping, but make sure this is intended.Removing the controller config for torso from self.part_controller_config. (robot.py:151)
[robosuite WARNING] The config has defined for the controller "head", but the robot does not have this component. Skipping, but make sure this is intended.Removing the controller config for head from self.part_controller_config. (robot.py:151)
[robosuite WARNING] The config has defined for the controller "base", but the robot does not have this component. Skipping, but make sure this is intended.Removing the controller config for base from self.part_controller_config. (robot.py:151)
[robosuite WARNING] The config has defined for the controller "legs", but the robot does not have this component. Skipping, but make sure this is intended.Removing the controller config for legs from self.part_controller_config. (robot.py:151)
[robosuite WARNING] The config has defined for the controller "left", but the robot does not have this component. Skipping, but make sure this is intended.Removing the controller config for left from self.part_controller_config. (robot.py:151)
[robosuite WARNING] The config has defined for the controller "torso", but the robot does not have this component. Skipping, but make sure this is intended.Removing the controller config for torso from self.part_controller_config. (robot.py:151)
[robosuite WARNING] The config has defined for the controller "head", but the robot does not have this component. Skipping, but make sure this is intended.Removing the controller config for head from self.part_controller_config. (robot.py:151)
[robosuite WARNING] The config has defined for the controller "base", but the robot does not have this component. Skipping, but make sure this is intended.Removing the controller config for base from self.part_controller_config. (robot.py:151)
[robosuite WARNING] The config has defined for the controller "legs", but the robot does not have this component. Skipping, but make sure this is intended.Removing the controller config for legs from self.part_controller_config. (robot.py:151)
[robosuite INFO] Loading controller configuration from: /home/lph/.conda/envs/lph/lib/python3.10/site-packages/robosuite/controllers/config/default/composite/basic.json (composite_controller_factory.py:121)
[robosuite WARNING] The config has defined for the controller "left", but the robot does not have this component. Skipping, but make sure this is intended.Removing the controller config for left from self.part_controller_config. (robot.py:151)
[robosuite WARNING] The config has defined for the controller "torso", but the robot does not have this component. Skipping, but make sure this is intended.Removing the controller config for torso from self.part_controller_config. (robot.py:151)
[robosuite WARNING] The config has defined for the controller "head", but the robot does not have this component. Skipping, but make sure this is intended.Removing the controller config for head from self.part_controller_config. (robot.py:151)
[robosuite WARNING] The config has defined for the controller "base", but the robot does not have this component. Skipping, but make sure this is intended.Removing the controller config for base from self.part_controller_config. (robot.py:151)
[robosuite WARNING] The config has defined for the controller "legs", but the robot does not have this component. Skipping, but make sure this is intended.Removing the controller config for legs from self.part_controller_config. (robot.py:151)
[robosuite WARNING] The config has defined for the controller "left", but the robot does not have this component. Skipping, but make sure this is intended.Removing the controller config for left from self.part_controller_config. (robot.py:151)
[robosuite WARNING] The config has defined for the controller "torso", but the robot does not have this component. Skipping, but make sure this is intended.Removing the controller config for torso from self.part_controller_config. (robot.py:151)
[robosuite WARNING] The config has defined for the controller "head", but the robot does not have this component. Skipping, but make sure this is intended.Removing the controller config for head from self.part_controller_config. (robot.py:151)
[robosuite WARNING] The config has defined for the controller "base", but the robot does not have this component. Skipping, but make sure this is intended.Removing the controller config for base from self.part_controller_config. (robot.py:151)
[robosuite WARNING] The config has defined for the controller "legs", but the robot does not have this component. Skipping, but make sure this is intended.Removing the controller config for legs from self.part_controller_config. (robot.py:151)
[robosuite INFO] Loading controller configuration from: /home/lph/.conda/envs/lph/lib/python3.10/site-packages/robosuite/controllers/config/default/composite/basic.json (composite_controller_factory.py:121)
[robosuite WARNING] The config has defined for the controller "left", but the robot does not have this component. Skipping, but make sure this is intended.Removing the controller config for left from self.part_controller_config. (robot.py:151)
[robosuite WARNING] The config has defined for the controller "torso", but the robot does not have this component. Skipping, but make sure this is intended.Removing the controller config for torso from self.part_controller_config. (robot.py:151)
[robosuite WARNING] The config has defined for the controller "head", but the robot does not have this component. Skipping, but make sure this is intended.Removing the controller config for head from self.part_controller_config. (robot.py:151)
[robosuite WARNING] The config has defined for the controller "base", but the robot does not have this component. Skipping, but make sure this is intended.Removing the controller config for base from self.part_controller_config. (robot.py:151)
[robosuite WARNING] The config has defined for the controller "legs", but the robot does not have this component. Skipping, but make sure this is intended.Removing the controller config for legs from self.part_controller_config. (robot.py:151)
[robosuite WARNING] The config has defined for the controller "left", but the robot does not have this component. Skipping, but make sure this is intended.Removing the controller config for left from self.part_controller_config. (robot.py:151)
[robosuite WARNING] The config has defined for the controller "torso", but the robot does not have this component. Skipping, but make sure this is intended.Removing the controller config for torso from self.part_controller_config. (robot.py:151)
[robosuite WARNING] The config has defined for the controller "head", but the robot does not have this component. Skipping, but make sure this is intended.Removing the controller config for head from self.part_controller_config. (robot.py:151)
[robosuite WARNING] The config has defined for the controller "base", but the robot does not have this component. Skipping, but make sure this is intended.Removing the controller config for base from self.part_controller_config. (robot.py:151)
[robosuite WARNING] The config has defined for the controller "legs", but the robot does not have this component. Skipping, but make sure this is intended.Removing the controller config for legs from self.part_controller_config. (robot.py:151)
[robosuite INFO] Loading controller configuration from: /home/lph/.conda/envs/lph/lib/python3.10/site-packages/robosuite/controllers/config/default/composite/basic.json (composite_controller_factory.py:121)
[robosuite WARNING] The config has defined for the controller "left", but the robot does not have this component. Skipping, but make sure this is intended.Removing the controller config for left from self.part_controller_config. (robot.py:151)
[robosuite WARNING] The config has defined for the controller "torso", but the robot does not have this component. Skipping, but make sure this is intended.Removing the controller config for torso from self.part_controller_config. (robot.py:151)
[robosuite WARNING] The config has defined for the controller "head", but the robot does not have this component. Skipping, but make sure this is intended.Removing the controller config for head from self.part_controller_config. (robot.py:151)
[robosuite WARNING] The config has defined for the controller "base", but the robot does not have this component. Skipping, but make sure this is intended.Removing the controller config for base from self.part_controller_config. (robot.py:151)
[robosuite WARNING] The config has defined for the controller "legs", but the robot does not have this component. Skipping, but make sure this is intended.Removing the controller config for legs from self.part_controller_config. (robot.py:151)
[robosuite WARNING] The config has defined for the controller "left", but the robot does not have this component. Skipping, but make sure this is intended.Removing the controller config for left from self.part_controller_config. (robot.py:151)
[robosuite WARNING] The config has defined for the controller "torso", but the robot does not have this component. Skipping, but make sure this is intended.Removing the controller config for torso from self.part_controller_config. (robot.py:151)
[robosuite WARNING] The config has defined for the controller "head", but the robot does not have this component. Skipping, but make sure this is intended.Removing the controller config for head from self.part_controller_config. (robot.py:151)
[robosuite WARNING] The config has defined for the controller "base", but the robot does not have this component. Skipping, but make sure this is intended.Removing the controller config for base from self.part_controller_config. (robot.py:151)
[robosuite WARNING] The config has defined for the controller "legs", but the robot does not have this component. Skipping, but make sure this is intended.Removing the controller config for legs from self.part_controller_config. (robot.py:151)
[robosuite INFO] Loading controller configuration from: /home/lph/.conda/envs/lph/lib/python3.10/site-packages/robosuite/controllers/config/default/composite/basic.json (composite_controller_factory.py:121)
[robosuite WARNING] The config has defined for the controller "left", but the robot does not have this component. Skipping, but make sure this is intended.Removing the controller config for left from self.part_controller_config. (robot.py:151)
[robosuite WARNING] The config has defined for the controller "torso", but the robot does not have this component. Skipping, but make sure this is intended.Removing the controller config for torso from self.part_controller_config. (robot.py:151)
[robosuite WARNING] The config has defined for the controller "head", but the robot does not have this component. Skipping, but make sure this is intended.Removing the controller config for head from self.part_controller_config. (robot.py:151)
[robosuite WARNING] The config has defined for the controller "base", but the robot does not have this component. Skipping, but make sure this is intended.Removing the controller config for base from self.part_controller_config. (robot.py:151)
[robosuite WARNING] The config has defined for the controller "legs", but the robot does not have this component. Skipping, but make sure this is intended.Removing the controller config for legs from self.part_controller_config. (robot.py:151)
[robosuite WARNING] The config has defined for the controller "left", but the robot does not have this component. Skipping, but make sure this is intended.Removing the controller config for left from self.part_controller_config. (robot.py:151)
[robosuite WARNING] The config has defined for the controller "torso", but the robot does not have this component. Skipping, but make sure this is intended.Removing the controller config for torso from self.part_controller_config. (robot.py:151)
[robosuite WARNING] The config has defined for the controller "head", but the robot does not have this component. Skipping, but make sure this is intended.Removing the controller config for head from self.part_controller_config. (robot.py:151)
[robosuite WARNING] The config has defined for the controller "base", but the robot does not have this component. Skipping, but make sure this is intended.Removing the controller config for base from self.part_controller_config. (robot.py:151)
[robosuite WARNING] The config has defined for the controller "legs", but the robot does not have this component. Skipping, but make sure this is intended.Removing the controller config for legs from self.part_controller_config. (robot.py:151)
[robosuite INFO] Loading controller configuration from: /home/lph/.conda/envs/lph/lib/python3.10/site-packages/robosuite/controllers/config/default/composite/basic.json (composite_controller_factory.py:121)
[robosuite WARNING] The config has defined for the controller "left", but the robot does not have this component. Skipping, but make sure this is intended.Removing the controller config for left from self.part_controller_config. (robot.py:151)
[robosuite WARNING] The config has defined for the controller "torso", but the robot does not have this component. Skipping, but make sure this is intended.Removing the controller config for torso from self.part_controller_config. (robot.py:151)
[robosuite WARNING] The config has defined for the controller "head", but the robot does not have this component. Skipping, but make sure this is intended.Removing the controller config for head from self.part_controller_config. (robot.py:151)
[robosuite WARNING] The config has defined for the controller "base", but the robot does not have this component. Skipping, but make sure this is intended.Removing the controller config for base from self.part_controller_config. (robot.py:151)
[robosuite WARNING] The config has defined for the controller "legs", but the robot does not have this component. Skipping, but make sure this is intended.Removing the controller config for legs from self.part_controller_config. (robot.py:151)
[robosuite WARNING] The config has defined for the controller "left", but the robot does not have this component. Skipping, but make sure this is intended.Removing the controller config for left from self.part_controller_config. (robot.py:151)
[robosuite WARNING] The config has defined for the controller "torso", but the robot does not have this component. Skipping, but make sure this is intended.Removing the controller config for torso from self.part_controller_config. (robot.py:151)
[robosuite WARNING] The config has defined for the controller "head", but the robot does not have this component. Skipping, but make sure this is intended.Removing the controller config for head from self.part_controller_config. (robot.py:151)
[robosuite WARNING] The config has defined for the controller "base", but the robot does not have this component. Skipping, but make sure this is intended.Removing the controller config for base from self.part_controller_config. (robot.py:151)
[robosuite WARNING] The config has defined for the controller "legs", but the robot does not have this component. Skipping, but make sure this is intended.Removing the controller config for legs from self.part_controller_config. (robot.py:151)
[robosuite INFO] Loading controller configuration from: /home/lph/.conda/envs/lph/lib/python3.10/site-packages/robosuite/controllers/config/default/composite/basic.json (composite_controller_factory.py:121)
[robosuite WARNING] The config has defined for the controller "left", but the robot does not have this component. Skipping, but make sure this is intended.Removing the controller config for left from self.part_controller_config. (robot.py:151)
[robosuite WARNING] The config has defined for the controller "torso", but the robot does not have this component. Skipping, but make sure this is intended.Removing the controller config for torso from self.part_controller_config. (robot.py:151)
[robosuite WARNING] The config has defined for the controller "head", but the robot does not have this component. Skipping, but make sure this is intended.Removing the controller config for head from self.part_controller_config. (robot.py:151)
[robosuite WARNING] The config has defined for the controller "base", but the robot does not have this component. Skipping, but make sure this is intended.Removing the controller config for base from self.part_controller_config. (robot.py:151)
[robosuite WARNING] The config has defined for the controller "legs", but the robot does not have this component. Skipping, but make sure this is intended.Removing the controller config for legs from self.part_controller_config. (robot.py:151)
[robosuite WARNING] The config has defined for the controller "left", but the robot does not have this component. Skipping, but make sure this is intended.Removing the controller config for left from self.part_controller_config. (robot.py:151)
[robosuite WARNING] The config has defined for the controller "torso", but the robot does not have this component. Skipping, but make sure this is intended.Removing the controller config for torso from self.part_controller_config. (robot.py:151)
[robosuite WARNING] The config has defined for the controller "head", but the robot does not have this component. Skipping, but make sure this is intended.Removing the controller config for head from self.part_controller_config. (robot.py:151)
[robosuite WARNING] The config has defined for the controller "base", but the robot does not have this component. Skipping, but make sure this is intended.Removing the controller config for base from self.part_controller_config. (robot.py:151)
[robosuite WARNING] The config has defined for the controller "legs", but the robot does not have this component. Skipping, but make sure this is intended.Removing the controller config for legs from self.part_controller_config. (robot.py:151)
[robosuite INFO] Loading controller configuration from: /home/lph/.conda/envs/lph/lib/python3.10/site-packages/robosuite/controllers/config/default/composite/basic.json (composite_controller_factory.py:121)
[robosuite WARNING] The config has defined for the controller "left", but the robot does not have this component. Skipping, but make sure this is intended.Removing the controller config for left from self.part_controller_config. (robot.py:151)
[robosuite WARNING] The config has defined for the controller "torso", but the robot does not have this component. Skipping, but make sure this is intended.Removing the controller config for torso from self.part_controller_config. (robot.py:151)
[robosuite WARNING] The config has defined for the controller "head", but the robot does not have this component. Skipping, but make sure this is intended.Removing the controller config for head from self.part_controller_config. (robot.py:151)
[robosuite WARNING] The config has defined for the controller "base", but the robot does not have this component. Skipping, but make sure this is intended.Removing the controller config for base from self.part_controller_config. (robot.py:151)
[robosuite WARNING] The config has defined for the controller "legs", but the robot does not have this component. Skipping, but make sure this is intended.Removing the controller config for legs from self.part_controller_config. (robot.py:151)
[robosuite WARNING] The config has defined for the controller "left", but the robot does not have this component. Skipping, but make sure this is intended.Removing the controller config for left from self.part_controller_config. (robot.py:151)
[robosuite WARNING] The config has defined for the controller "torso", but the robot does not have this component. Skipping, but make sure this is intended.Removing the controller config for torso from self.part_controller_config. (robot.py:151)
[robosuite WARNING] The config has defined for the controller "head", but the robot does not have this component. Skipping, but make sure this is intended.Removing the controller config for head from self.part_controller_config. (robot.py:151)
[robosuite WARNING] The config has defined for the controller "base", but the robot does not have this component. Skipping, but make sure this is intended.Removing the controller config for base from self.part_controller_config. (robot.py:151)
[robosuite WARNING] The config has defined for the controller "legs", but the robot does not have this component. Skipping, but make sure this is intended.Removing the controller config for legs from self.part_controller_config. (robot.py:151)
[robosuite INFO] Loading controller configuration from: /home/lph/.conda/envs/lph/lib/python3.10/site-packages/robosuite/controllers/config/default/composite/basic.json (composite_controller_factory.py:121)
[robosuite WARNING] The config has defined for the controller "left", but the robot does not have this component. Skipping, but make sure this is intended.Removing the controller config for left from self.part_controller_config. (robot.py:151)
[robosuite WARNING] The config has defined for the controller "torso", but the robot does not have this component. Skipping, but make sure this is intended.Removing the controller config for torso from self.part_controller_config. (robot.py:151)
[robosuite WARNING] The config has defined for the controller "head", but the robot does not have this component. Skipping, but make sure this is intended.Removing the controller config for head from self.part_controller_config. (robot.py:151)
[robosuite WARNING] The config has defined for the controller "base", but the robot does not have this component. Skipping, but make sure this is intended.Removing the controller config for base from self.part_controller_config. (robot.py:151)
[robosuite WARNING] The config has defined for the controller "legs", but the robot does not have this component. Skipping, but make sure this is intended.Removing the controller config for legs from self.part_controller_config. (robot.py:151)
[robosuite WARNING] The config has defined for the controller "left", but the robot does not have this component. Skipping, but make sure this is intended.Removing the controller config for left from self.part_controller_config. (robot.py:151)
[robosuite WARNING] The config has defined for the controller "torso", but the robot does not have this component. Skipping, but make sure this is intended.Removing the controller config for torso from self.part_controller_config. (robot.py:151)
[robosuite WARNING] The config has defined for the controller "head", but the robot does not have this component. Skipping, but make sure this is intended.Removing the controller config for head from self.part_controller_config. (robot.py:151)
[robosuite WARNING] The config has defined for the controller "base", but the robot does not have this component. Skipping, but make sure this is intended.Removing the controller config for base from self.part_controller_config. (robot.py:151)
[robosuite WARNING] The config has defined for the controller "legs", but the robot does not have this component. Skipping, but make sure this is intended.Removing the controller config for legs from self.part_controller_config. (robot.py:151)
[robosuite INFO] Loading controller configuration from: /home/lph/.conda/envs/lph/lib/python3.10/site-packages/robosuite/controllers/config/default/composite/basic.json (composite_controller_factory.py:121)
[robosuite WARNING] The config has defined for the controller "left", but the robot does not have this component. Skipping, but make sure this is intended.Removing the controller config for left from self.part_controller_config. (robot.py:151)
[robosuite WARNING] The config has defined for the controller "torso", but the robot does not have this component. Skipping, but make sure this is intended.Removing the controller config for torso from self.part_controller_config. (robot.py:151)
[robosuite WARNING] The config has defined for the controller "head", but the robot does not have this component. Skipping, but make sure this is intended.Removing the controller config for head from self.part_controller_config. (robot.py:151)
[robosuite WARNING] The config has defined for the controller "base", but the robot does not have this component. Skipping, but make sure this is intended.Removing the controller config for base from self.part_controller_config. (robot.py:151)
[robosuite WARNING] The config has defined for the controller "legs", but the robot does not have this component. Skipping, but make sure this is intended.Removing the controller config for legs from self.part_controller_config. (robot.py:151)
[robosuite WARNING] The config has defined for the controller "left", but the robot does not have this component. Skipping, but make sure this is intended.Removing the controller config for left from self.part_controller_config. (robot.py:151)
[robosuite WARNING] The config has defined for the controller "torso", but the robot does not have this component. Skipping, but make sure this is intended.Removing the controller config for torso from self.part_controller_config. (robot.py:151)
[robosuite WARNING] The config has defined for the controller "head", but the robot does not have this component. Skipping, but make sure this is intended.Removing the controller config for head from self.part_controller_config. (robot.py:151)
[robosuite WARNING] The config has defined for the controller "base", but the robot does not have this component. Skipping, but make sure this is intended.Removing the controller config for base from self.part_controller_config. (robot.py:151)
[robosuite WARNING] The config has defined for the controller "legs", but the robot does not have this component. Skipping, but make sure this is intended.Removing the controller config for legs from self.part_controller_config. (robot.py:151)
[robosuite INFO] Loading controller configuration from: /home/lph/.conda/envs/lph/lib/python3.10/site-packages/robosuite/controllers/config/default/composite/basic.json (composite_controller_factory.py:121)
[robosuite WARNING] The config has defined for the controller "left", but the robot does not have this component. Skipping, but make sure this is intended.Removing the controller config for left from self.part_controller_config. (robot.py:151)
[robosuite WARNING] The config has defined for the controller "torso", but the robot does not have this component. Skipping, but make sure this is intended.Removing the controller config for torso from self.part_controller_config. (robot.py:151)
[robosuite WARNING] The config has defined for the controller "head", but the robot does not have this component. Skipping, but make sure this is intended.Removing the controller config for head from self.part_controller_config. (robot.py:151)
[robosuite WARNING] The config has defined for the controller "base", but the robot does not have this component. Skipping, but make sure this is intended.Removing the controller config for base from self.part_controller_config. (robot.py:151)
[robosuite WARNING] The config has defined for the controller "legs", but the robot does not have this component. Skipping, but make sure this is intended.Removing the controller config for legs from self.part_controller_config. (robot.py:151)
[robosuite WARNING] The config has defined for the controller "left", but the robot does not have this component. Skipping, but make sure this is intended.Removing the controller config for left from self.part_controller_config. (robot.py:151)
[robosuite WARNING] The config has defined for the controller "torso", but the robot does not have this component. Skipping, but make sure this is intended.Removing the controller config for torso from self.part_controller_config. (robot.py:151)
[robosuite WARNING] The config has defined for the controller "head", but the robot does not have this component. Skipping, but make sure this is intended.Removing the controller config for head from self.part_controller_config. (robot.py:151)
[robosuite WARNING] The config has defined for the controller "base", but the robot does not have this component. Skipping, but make sure this is intended.Removing the controller config for base from self.part_controller_config. (robot.py:151)
[robosuite WARNING] The config has defined for the controller "legs", but the robot does not have this component. Skipping, but make sure this is intended.Removing the controller config for legs from self.part_controller_config. (robot.py:151)
[robosuite INFO] Loading controller configuration from: /home/lph/.conda/envs/lph/lib/python3.10/site-packages/robosuite/controllers/config/default/composite/basic.json (composite_controller_factory.py:121)
[robosuite WARNING] The config has defined for the controller "left", but the robot does not have this component. Skipping, but make sure this is intended.Removing the controller config for left from self.part_controller_config. (robot.py:151)
[robosuite WARNING] The config has defined for the controller "torso", but the robot does not have this component. Skipping, but make sure this is intended.Removing the controller config for torso from self.part_controller_config. (robot.py:151)
[robosuite WARNING] The config has defined for the controller "head", but the robot does not have this component. Skipping, but make sure this is intended.Removing the controller config for head from self.part_controller_config. (robot.py:151)
[robosuite WARNING] The config has defined for the controller "base", but the robot does not have this component. Skipping, but make sure this is intended.Removing the controller config for base from self.part_controller_config. (robot.py:151)
[robosuite WARNING] The config has defined for the controller "legs", but the robot does not have this component. Skipping, but make sure this is intended.Removing the controller config for legs from self.part_controller_config. (robot.py:151)
[robosuite WARNING] The config has defined for the controller "left", but the robot does not have this component. Skipping, but make sure this is intended.Removing the controller config for left from self.part_controller_config. (robot.py:151)
[robosuite WARNING] The config has defined for the controller "torso", but the robot does not have this component. Skipping, but make sure this is intended.Removing the controller config for torso from self.part_controller_config. (robot.py:151)
[robosuite WARNING] The config has defined for the controller "head", but the robot does not have this component. Skipping, but make sure this is intended.Removing the controller config for head from self.part_controller_config. (robot.py:151)
[robosuite WARNING] The config has defined for the controller "base", but the robot does not have this component. Skipping, but make sure this is intended.Removing the controller config for base from self.part_controller_config. (robot.py:151)
[robosuite WARNING] The config has defined for the controller "legs", but the robot does not have this component. Skipping, but make sure this is intended.Removing the controller config for legs from self.part_controller_config. (robot.py:151)
[robosuite INFO] Loading controller configuration from: /home/lph/.conda/envs/lph/lib/python3.10/site-packages/robosuite/controllers/config/default/composite/basic.json (composite_controller_factory.py:121)
[robosuite WARNING] The config has defined for the controller "left", but the robot does not have this component. Skipping, but make sure this is intended.Removing the controller config for left from self.part_controller_config. (robot.py:151)
[robosuite WARNING] The config has defined for the controller "torso", but the robot does not have this component. Skipping, but make sure this is intended.Removing the controller config for torso from self.part_controller_config. (robot.py:151)
[robosuite WARNING] The config has defined for the controller "head", but the robot does not have this component. Skipping, but make sure this is intended.Removing the controller config for head from self.part_controller_config. (robot.py:151)
[robosuite WARNING] The config has defined for the controller "base", but the robot does not have this component. Skipping, but make sure this is intended.Removing the controller config for base from self.part_controller_config. (robot.py:151)
[robosuite WARNING] The config has defined for the controller "legs", but the robot does not have this component. Skipping, but make sure this is intended.Removing the controller config for legs from self.part_controller_config. (robot.py:151)
[robosuite WARNING] The config has defined for the controller "left", but the robot does not have this component. Skipping, but make sure this is intended.Removing the controller config for left from self.part_controller_config. (robot.py:151)
[robosuite WARNING] The config has defined for the controller "torso", but the robot does not have this component. Skipping, but make sure this is intended.Removing the controller config for torso from self.part_controller_config. (robot.py:151)
[robosuite WARNING] The config has defined for the controller "head", but the robot does not have this component. Skipping, but make sure this is intended.Removing the controller config for head from self.part_controller_config. (robot.py:151)
[robosuite WARNING] The config has defined for the controller "base", but the robot does not have this component. Skipping, but make sure this is intended.Removing the controller config for base from self.part_controller_config. (robot.py:151)
[robosuite WARNING] The config has defined for the controller "legs", but the robot does not have this component. Skipping, but make sure this is intended.Removing the controller config for legs from self.part_controller_config. (robot.py:151)
[robosuite INFO] Loading controller configuration from: /home/lph/.conda/envs/lph/lib/python3.10/site-packages/robosuite/controllers/config/default/composite/basic.json (composite_controller_factory.py:121)
[robosuite WARNING] The config has defined for the controller "left", but the robot does not have this component. Skipping, but make sure this is intended.Removing the controller config for left from self.part_controller_config. (robot.py:151)
[robosuite WARNING] The config has defined for the controller "torso", but the robot does not have this component. Skipping, but make sure this is intended.Removing the controller config for torso from self.part_controller_config. (robot.py:151)
[robosuite WARNING] The config has defined for the controller "head", but the robot does not have this component. Skipping, but make sure this is intended.Removing the controller config for head from self.part_controller_config. (robot.py:151)
[robosuite WARNING] The config has defined for the controller "base", but the robot does not have this component. Skipping, but make sure this is intended.Removing the controller config for base from self.part_controller_config. (robot.py:151)
[robosuite WARNING] The config has defined for the controller "legs", but the robot does not have this component. Skipping, but make sure this is intended.Removing the controller config for legs from self.part_controller_config. (robot.py:151)
[robosuite WARNING] The config has defined for the controller "left", but the robot does not have this component. Skipping, but make sure this is intended.Removing the controller config for left from self.part_controller_config. (robot.py:151)
[robosuite WARNING] The config has defined for the controller "torso", but the robot does not have this component. Skipping, but make sure this is intended.Removing the controller config for torso from self.part_controller_config. (robot.py:151)
[robosuite WARNING] The config has defined for the controller "head", but the robot does not have this component. Skipping, but make sure this is intended.Removing the controller config for head from self.part_controller_config. (robot.py:151)
[robosuite WARNING] The config has defined for the controller "base", but the robot does not have this component. Skipping, but make sure this is intended.Removing the controller config for base from self.part_controller_config. (robot.py:151)
[robosuite WARNING] The config has defined for the controller "legs", but the robot does not have this component. Skipping, but make sure this is intended.Removing the controller config for legs from self.part_controller_config. (robot.py:151)
[robosuite INFO] Loading controller configuration from: /home/lph/.conda/envs/lph/lib/python3.10/site-packages/robosuite/controllers/config/default/composite/basic.json (composite_controller_factory.py:121)
[robosuite WARNING] The config has defined for the controller "left", but the robot does not have this component. Skipping, but make sure this is intended.Removing the controller config for left from self.part_controller_config. (robot.py:151)
[robosuite WARNING] The config has defined for the controller "torso", but the robot does not have this component. Skipping, but make sure this is intended.Removing the controller config for torso from self.part_controller_config. (robot.py:151)
[robosuite WARNING] The config has defined for the controller "head", but the robot does not have this component. Skipping, but make sure this is intended.Removing the controller config for head from self.part_controller_config. (robot.py:151)
[robosuite WARNING] The config has defined for the controller "base", but the robot does not have this component. Skipping, but make sure this is intended.Removing the controller config for base from self.part_controller_config. (robot.py:151)
[robosuite WARNING] The config has defined for the controller "legs", but the robot does not have this component. Skipping, but make sure this is intended.Removing the controller config for legs from self.part_controller_config. (robot.py:151)
[robosuite WARNING] The config has defined for the controller "left", but the robot does not have this component. Skipping, but make sure this is intended.Removing the controller config for left from self.part_controller_config. (robot.py:151)
[robosuite WARNING] The config has defined for the controller "torso", but the robot does not have this component. Skipping, but make sure this is intended.Removing the controller config for torso from self.part_controller_config. (robot.py:151)
[robosuite WARNING] The config has defined for the controller "head", but the robot does not have this component. Skipping, but make sure this is intended.Removing the controller config for head from self.part_controller_config. (robot.py:151)
[robosuite WARNING] The config has defined for the controller "base", but the robot does not have this component. Skipping, but make sure this is intended.Removing the controller config for base from self.part_controller_config. (robot.py:151)
[robosuite WARNING] The config has defined for the controller "legs", but the robot does not have this component. Skipping, but make sure this is intended.Removing the controller config for legs from self.part_controller_config. (robot.py:151)
[robosuite INFO] Loading controller configuration from: /home/lph/.conda/envs/lph/lib/python3.10/site-packages/robosuite/controllers/config/default/composite/basic.json (composite_controller_factory.py:121)
[robosuite WARNING] The config has defined for the controller "left", but the robot does not have this component. Skipping, but make sure this is intended.Removing the controller config for left from self.part_controller_config. (robot.py:151)
[robosuite WARNING] The config has defined for the controller "torso", but the robot does not have this component. Skipping, but make sure this is intended.Removing the controller config for torso from self.part_controller_config. (robot.py:151)
[robosuite WARNING] The config has defined for the controller "head", but the robot does not have this component. Skipping, but make sure this is intended.Removing the controller config for head from self.part_controller_config. (robot.py:151)
[robosuite WARNING] The config has defined for the controller "base", but the robot does not have this component. Skipping, but make sure this is intended.Removing the controller config for base from self.part_controller_config. (robot.py:151)
[robosuite WARNING] The config has defined for the controller "legs", but the robot does not have this component. Skipping, but make sure this is intended.Removing the controller config for legs from self.part_controller_config. (robot.py:151)
[robosuite WARNING] The config has defined for the controller "left", but the robot does not have this component. Skipping, but make sure this is intended.Removing the controller config for left from self.part_controller_config. (robot.py:151)
[robosuite WARNING] The config has defined for the controller "torso", but the robot does not have this component. Skipping, but make sure this is intended.Removing the controller config for torso from self.part_controller_config. (robot.py:151)
[robosuite WARNING] The config has defined for the controller "head", but the robot does not have this component. Skipping, but make sure this is intended.Removing the controller config for head from self.part_controller_config. (robot.py:151)
[robosuite WARNING] The config has defined for the controller "base", but the robot does not have this component. Skipping, but make sure this is intended.Removing the controller config for base from self.part_controller_config. (robot.py:151)
[robosuite WARNING] The config has defined for the controller "legs", but the robot does not have this component. Skipping, but make sure this is intended.Removing the controller config for legs from self.part_controller_config. (robot.py:151)
[robosuite INFO] Loading controller configuration from: /home/lph/.conda/envs/lph/lib/python3.10/site-packages/robosuite/controllers/config/default/composite/basic.json (composite_controller_factory.py:121)
[robosuite WARNING] The config has defined for the controller "left", but the robot does not have this component. Skipping, but make sure this is intended.Removing the controller config for left from self.part_controller_config. (robot.py:151)
[robosuite WARNING] The config has defined for the controller "torso", but the robot does not have this component. Skipping, but make sure this is intended.Removing the controller config for torso from self.part_controller_config. (robot.py:151)
[robosuite WARNING] The config has defined for the controller "head", but the robot does not have this component. Skipping, but make sure this is intended.Removing the controller config for head from self.part_controller_config. (robot.py:151)
[robosuite WARNING] The config has defined for the controller "base", but the robot does not have this component. Skipping, but make sure this is intended.Removing the controller config for base from self.part_controller_config. (robot.py:151)
[robosuite WARNING] The config has defined for the controller "legs", but the robot does not have this component. Skipping, but make sure this is intended.Removing the controller config for legs from self.part_controller_config. (robot.py:151)
[robosuite WARNING] The config has defined for the controller "left", but the robot does not have this component. Skipping, but make sure this is intended.Removing the controller config for left from self.part_controller_config. (robot.py:151)
[robosuite WARNING] The config has defined for the controller "torso", but the robot does not have this component. Skipping, but make sure this is intended.Removing the controller config for torso from self.part_controller_config. (robot.py:151)
[robosuite WARNING] The config has defined for the controller "head", but the robot does not have this component. Skipping, but make sure this is intended.Removing the controller config for head from self.part_controller_config. (robot.py:151)
[robosuite WARNING] The config has defined for the controller "base", but the robot does not have this component. Skipping, but make sure this is intended.Removing the controller config for base from self.part_controller_config. (robot.py:151)
[robosuite WARNING] The config has defined for the controller "legs", but the robot does not have this component. Skipping, but make sure this is intended.Removing the controller config for legs from self.part_controller_config. (robot.py:151)
[robosuite INFO] Loading controller configuration from: /home/lph/.conda/envs/lph/lib/python3.10/site-packages/robosuite/controllers/config/default/composite/basic.json (composite_controller_factory.py:121)
[robosuite WARNING] The config has defined for the controller "left", but the robot does not have this component. Skipping, but make sure this is intended.Removing the controller config for left from self.part_controller_config. (robot.py:151)
[robosuite WARNING] The config has defined for the controller "torso", but the robot does not have this component. Skipping, but make sure this is intended.Removing the controller config for torso from self.part_controller_config. (robot.py:151)
[robosuite WARNING] The config has defined for the controller "head", but the robot does not have this component. Skipping, but make sure this is intended.Removing the controller config for head from self.part_controller_config. (robot.py:151)
[robosuite WARNING] The config has defined for the controller "base", but the robot does not have this component. Skipping, but make sure this is intended.Removing the controller config for base from self.part_controller_config. (robot.py:151)
[robosuite WARNING] The config has defined for the controller "legs", but the robot does not have this component. Skipping, but make sure this is intended.Removing the controller config for legs from self.part_controller_config. (robot.py:151)
[robosuite WARNING] The config has defined for the controller "left", but the robot does not have this component. Skipping, but make sure this is intended.Removing the controller config for left from self.part_controller_config. (robot.py:151)
[robosuite WARNING] The config has defined for the controller "torso", but the robot does not have this component. Skipping, but make sure this is intended.Removing the controller config for torso from self.part_controller_config. (robot.py:151)
[robosuite WARNING] The config has defined for the controller "head", but the robot does not have this component. Skipping, but make sure this is intended.Removing the controller config for head from self.part_controller_config. (robot.py:151)
[robosuite WARNING] The config has defined for the controller "base", but the robot does not have this component. Skipping, but make sure this is intended.Removing the controller config for base from self.part_controller_config. (robot.py:151)
[robosuite WARNING] The config has defined for the controller "legs", but the robot does not have this component. Skipping, but make sure this is intended.Removing the controller config for legs from self.part_controller_config. (robot.py:151)
[robosuite INFO] Loading controller configuration from: /home/lph/.conda/envs/lph/lib/python3.10/site-packages/robosuite/controllers/config/default/composite/basic.json (composite_controller_factory.py:121)
[robosuite WARNING] The config has defined for the controller "left", but the robot does not have this component. Skipping, but make sure this is intended.Removing the controller config for left from self.part_controller_config. (robot.py:151)
[robosuite WARNING] The config has defined for the controller "torso", but the robot does not have this component. Skipping, but make sure this is intended.Removing the controller config for torso from self.part_controller_config. (robot.py:151)
[robosuite WARNING] The config has defined for the controller "head", but the robot does not have this component. Skipping, but make sure this is intended.Removing the controller config for head from self.part_controller_config. (robot.py:151)
[robosuite WARNING] The config has defined for the controller "base", but the robot does not have this component. Skipping, but make sure this is intended.Removing the controller config for base from self.part_controller_config. (robot.py:151)
[robosuite WARNING] The config has defined for the controller "legs", but the robot does not have this component. Skipping, but make sure this is intended.Removing the controller config for legs from self.part_controller_config. (robot.py:151)
[robosuite WARNING] The config has defined for the controller "left", but the robot does not have this component. Skipping, but make sure this is intended.Removing the controller config for left from self.part_controller_config. (robot.py:151)
[robosuite WARNING] The config has defined for the controller "torso", but the robot does not have this component. Skipping, but make sure this is intended.Removing the controller config for torso from self.part_controller_config. (robot.py:151)
[robosuite WARNING] The config has defined for the controller "head", but the robot does not have this component. Skipping, but make sure this is intended.Removing the controller config for head from self.part_controller_config. (robot.py:151)
[robosuite WARNING] The config has defined for the controller "base", but the robot does not have this component. Skipping, but make sure this is intended.Removing the controller config for base from self.part_controller_config. (robot.py:151)
[robosuite WARNING] The config has defined for the controller "legs", but the robot does not have this component. Skipping, but make sure this is intended.Removing the controller config for legs from self.part_controller_config. (robot.py:151)
[robosuite INFO] Loading controller configuration from: /home/lph/.conda/envs/lph/lib/python3.10/site-packages/robosuite/controllers/config/default/composite/basic.json (composite_controller_factory.py:121)
[robosuite WARNING] The config has defined for the controller "left", but the robot does not have this component. Skipping, but make sure this is intended.Removing the controller config for left from self.part_controller_config. (robot.py:151)
[robosuite WARNING] The config has defined for the controller "torso", but the robot does not have this component. Skipping, but make sure this is intended.Removing the controller config for torso from self.part_controller_config. (robot.py:151)
[robosuite WARNING] The config has defined for the controller "head", but the robot does not have this component. Skipping, but make sure this is intended.Removing the controller config for head from self.part_controller_config. (robot.py:151)
[robosuite WARNING] The config has defined for the controller "base", but the robot does not have this component. Skipping, but make sure this is intended.Removing the controller config for base from self.part_controller_config. (robot.py:151)
[robosuite WARNING] The config has defined for the controller "legs", but the robot does not have this component. Skipping, but make sure this is intended.Removing the controller config for legs from self.part_controller_config. (robot.py:151)
[robosuite WARNING] The config has defined for the controller "left", but the robot does not have this component. Skipping, but make sure this is intended.Removing the controller config for left from self.part_controller_config. (robot.py:151)
[robosuite WARNING] The config has defined for the controller "torso", but the robot does not have this component. Skipping, but make sure this is intended.Removing the controller config for torso from self.part_controller_config. (robot.py:151)
[robosuite WARNING] The config has defined for the controller "head", but the robot does not have this component. Skipping, but make sure this is intended.Removing the controller config for head from self.part_controller_config. (robot.py:151)
[robosuite WARNING] The config has defined for the controller "base", but the robot does not have this component. Skipping, but make sure this is intended.Removing the controller config for base from self.part_controller_config. (robot.py:151)
[robosuite WARNING] The config has defined for the controller "legs", but the robot does not have this component. Skipping, but make sure this is intended.Removing the controller config for legs from self.part_controller_config. (robot.py:151)
[robosuite INFO] Loading controller configuration from: /home/lph/.conda/envs/lph/lib/python3.10/site-packages/robosuite/controllers/config/default/composite/basic.json (composite_controller_factory.py:121)
[robosuite WARNING] The config has defined for the controller "left", but the robot does not have this component. Skipping, but make sure this is intended.Removing the controller config for left from self.part_controller_config. (robot.py:151)
[robosuite WARNING] The config has defined for the controller "torso", but the robot does not have this component. Skipping, but make sure this is intended.Removing the controller config for torso from self.part_controller_config. (robot.py:151)
[robosuite WARNING] The config has defined for the controller "head", but the robot does not have this component. Skipping, but make sure this is intended.Removing the controller config for head from self.part_controller_config. (robot.py:151)
[robosuite WARNING] The config has defined for the controller "base", but the robot does not have this component. Skipping, but make sure this is intended.Removing the controller config for base from self.part_controller_config. (robot.py:151)
[robosuite WARNING] The config has defined for the controller "legs", but the robot does not have this component. Skipping, but make sure this is intended.Removing the controller config for legs from self.part_controller_config. (robot.py:151)
[robosuite WARNING] The config has defined for the controller "left", but the robot does not have this component. Skipping, but make sure this is intended.Removing the controller config for left from self.part_controller_config. (robot.py:151)
[robosuite WARNING] The config has defined for the controller "torso", but the robot does not have this component. Skipping, but make sure this is intended.Removing the controller config for torso from self.part_controller_config. (robot.py:151)
[robosuite WARNING] The config has defined for the controller "head", but the robot does not have this component. Skipping, but make sure this is intended.Removing the controller config for head from self.part_controller_config. (robot.py:151)
[robosuite WARNING] The config has defined for the controller "base", but the robot does not have this component. Skipping, but make sure this is intended.Removing the controller config for base from self.part_controller_config. (robot.py:151)
[robosuite WARNING] The config has defined for the controller "legs", but the robot does not have this component. Skipping, but make sure this is intended.Removing the controller config for legs from self.part_controller_config. (robot.py:151)
[robosuite INFO] Loading controller configuration from: /home/lph/.conda/envs/lph/lib/python3.10/site-packages/robosuite/controllers/config/default/composite/basic.json (composite_controller_factory.py:121)
[robosuite WARNING] The config has defined for the controller "left", but the robot does not have this component. Skipping, but make sure this is intended.Removing the controller config for left from self.part_controller_config. (robot.py:151)
[robosuite WARNING] The config has defined for the controller "torso", but the robot does not have this component. Skipping, but make sure this is intended.Removing the controller config for torso from self.part_controller_config. (robot.py:151)
[robosuite WARNING] The config has defined for the controller "head", but the robot does not have this component. Skipping, but make sure this is intended.Removing the controller config for head from self.part_controller_config. (robot.py:151)
[robosuite WARNING] The config has defined for the controller "base", but the robot does not have this component. Skipping, but make sure this is intended.Removing the controller config for base from self.part_controller_config. (robot.py:151)
[robosuite WARNING] The config has defined for the controller "legs", but the robot does not have this component. Skipping, but make sure this is intended.Removing the controller config for legs from self.part_controller_config. (robot.py:151)
[robosuite WARNING] The config has defined for the controller "left", but the robot does not have this component. Skipping, but make sure this is intended.Removing the controller config for left from self.part_controller_config. (robot.py:151)
[robosuite WARNING] The config has defined for the controller "torso", but the robot does not have this component. Skipping, but make sure this is intended.Removing the controller config for torso from self.part_controller_config. (robot.py:151)
[robosuite WARNING] The config has defined for the controller "head", but the robot does not have this component. Skipping, but make sure this is intended.Removing the controller config for head from self.part_controller_config. (robot.py:151)
[robosuite WARNING] The config has defined for the controller "base", but the robot does not have this component. Skipping, but make sure this is intended.Removing the controller config for base from self.part_controller_config. (robot.py:151)
[robosuite WARNING] The config has defined for the controller "legs", but the robot does not have this component. Skipping, but make sure this is intended.Removing the controller config for legs from self.part_controller_config. (robot.py:151)
[robosuite INFO] Loading controller configuration from: /home/lph/.conda/envs/lph/lib/python3.10/site-packages/robosuite/controllers/config/default/composite/basic.json (composite_controller_factory.py:121)
[robosuite WARNING] The config has defined for the controller "left", but the robot does not have this component. Skipping, but make sure this is intended.Removing the controller config for left from self.part_controller_config. (robot.py:151)
[robosuite WARNING] The config has defined for the controller "torso", but the robot does not have this component. Skipping, but make sure this is intended.Removing the controller config for torso from self.part_controller_config. (robot.py:151)
[robosuite WARNING] The config has defined for the controller "head", but the robot does not have this component. Skipping, but make sure this is intended.Removing the controller config for head from self.part_controller_config. (robot.py:151)
[robosuite WARNING] The config has defined for the controller "base", but the robot does not have this component. Skipping, but make sure this is intended.Removing the controller config for base from self.part_controller_config. (robot.py:151)
[robosuite WARNING] The config has defined for the controller "legs", but the robot does not have this component. Skipping, but make sure this is intended.Removing the controller config for legs from self.part_controller_config. (robot.py:151)
[robosuite WARNING] The config has defined for the controller "left", but the robot does not have this component. Skipping, but make sure this is intended.Removing the controller config for left from self.part_controller_config. (robot.py:151)
[robosuite WARNING] The config has defined for the controller "torso", but the robot does not have this component. Skipping, but make sure this is intended.Removing the controller config for torso from self.part_controller_config. (robot.py:151)
[robosuite WARNING] The config has defined for the controller "head", but the robot does not have this component. Skipping, but make sure this is intended.Removing the controller config for head from self.part_controller_config. (robot.py:151)
[robosuite WARNING] The config has defined for the controller "base", but the robot does not have this component. Skipping, but make sure this is intended.Removing the controller config for base from self.part_controller_config. (robot.py:151)
[robosuite WARNING] The config has defined for the controller "legs", but the robot does not have this component. Skipping, but make sure this is intended.Removing the controller config for legs from self.part_controller_config. (robot.py:151)
[robosuite INFO] Loading controller configuration from: /home/lph/.conda/envs/lph/lib/python3.10/site-packages/robosuite/controllers/config/default/composite/basic.json (composite_controller_factory.py:121)
[robosuite WARNING] The config has defined for the controller "left", but the robot does not have this component. Skipping, but make sure this is intended.Removing the controller config for left from self.part_controller_config. (robot.py:151)
[robosuite WARNING] The config has defined for the controller "torso", but the robot does not have this component. Skipping, but make sure this is intended.Removing the controller config for torso from self.part_controller_config. (robot.py:151)
[robosuite WARNING] The config has defined for the controller "head", but the robot does not have this component. Skipping, but make sure this is intended.Removing the controller config for head from self.part_controller_config. (robot.py:151)
[robosuite WARNING] The config has defined for the controller "base", but the robot does not have this component. Skipping, but make sure this is intended.Removing the controller config for base from self.part_controller_config. (robot.py:151)
[robosuite WARNING] The config has defined for the controller "legs", but the robot does not have this component. Skipping, but make sure this is intended.Removing the controller config for legs from self.part_controller_config. (robot.py:151)
[robosuite WARNING] The config has defined for the controller "left", but the robot does not have this component. Skipping, but make sure this is intended.Removing the controller config for left from self.part_controller_config. (robot.py:151)
[robosuite WARNING] The config has defined for the controller "torso", but the robot does not have this component. Skipping, but make sure this is intended.Removing the controller config for torso from self.part_controller_config. (robot.py:151)
[robosuite WARNING] The config has defined for the controller "head", but the robot does not have this component. Skipping, but make sure this is intended.Removing the controller config for head from self.part_controller_config. (robot.py:151)
[robosuite WARNING] The config has defined for the controller "base", but the robot does not have this component. Skipping, but make sure this is intended.Removing the controller config for base from self.part_controller_config. (robot.py:151)
[robosuite WARNING] The config has defined for the controller "legs", but the robot does not have this component. Skipping, but make sure this is intended.Removing the controller config for legs from self.part_controller_config. (robot.py:151)
[robosuite INFO] Loading controller configuration from: /home/lph/.conda/envs/lph/lib/python3.10/site-packages/robosuite/controllers/config/default/composite/basic.json (composite_controller_factory.py:121)
[robosuite WARNING] The config has defined for the controller "left", but the robot does not have this component. Skipping, but make sure this is intended.Removing the controller config for left from self.part_controller_config. (robot.py:151)
[robosuite WARNING] The config has defined for the controller "torso", but the robot does not have this component. Skipping, but make sure this is intended.Removing the controller config for torso from self.part_controller_config. (robot.py:151)
[robosuite WARNING] The config has defined for the controller "head", but the robot does not have this component. Skipping, but make sure this is intended.Removing the controller config for head from self.part_controller_config. (robot.py:151)
[robosuite WARNING] The config has defined for the controller "base", but the robot does not have this component. Skipping, but make sure this is intended.Removing the controller config for base from self.part_controller_config. (robot.py:151)
[robosuite WARNING] The config has defined for the controller "legs", but the robot does not have this component. Skipping, but make sure this is intended.Removing the controller config for legs from self.part_controller_config. (robot.py:151)
[robosuite WARNING] The config has defined for the controller "left", but the robot does not have this component. Skipping, but make sure this is intended.Removing the controller config for left from self.part_controller_config. (robot.py:151)
[robosuite WARNING] The config has defined for the controller "torso", but the robot does not have this component. Skipping, but make sure this is intended.Removing the controller config for torso from self.part_controller_config. (robot.py:151)
[robosuite WARNING] The config has defined for the controller "head", but the robot does not have this component. Skipping, but make sure this is intended.Removing the controller config for head from self.part_controller_config. (robot.py:151)
[robosuite WARNING] The config has defined for the controller "base", but the robot does not have this component. Skipping, but make sure this is intended.Removing the controller config for base from self.part_controller_config. (robot.py:151)
[robosuite WARNING] The config has defined for the controller "legs", but the robot does not have this component. Skipping, but make sure this is intended.Removing the controller config for legs from self.part_controller_config. (robot.py:151)
[robosuite INFO] Loading controller configuration from: /home/lph/.conda/envs/lph/lib/python3.10/site-packages/robosuite/controllers/config/default/composite/basic.json (composite_controller_factory.py:121)
[robosuite WARNING] The config has defined for the controller "left", but the robot does not have this component. Skipping, but make sure this is intended.Removing the controller config for left from self.part_controller_config. (robot.py:151)
[robosuite WARNING] The config has defined for the controller "torso", but the robot does not have this component. Skipping, but make sure this is intended.Removing the controller config for torso from self.part_controller_config. (robot.py:151)
[robosuite WARNING] The config has defined for the controller "head", but the robot does not have this component. Skipping, but make sure this is intended.Removing the controller config for head from self.part_controller_config. (robot.py:151)
[robosuite WARNING] The config has defined for the controller "base", but the robot does not have this component. Skipping, but make sure this is intended.Removing the controller config for base from self.part_controller_config. (robot.py:151)
[robosuite WARNING] The config has defined for the controller "legs", but the robot does not have this component. Skipping, but make sure this is intended.Removing the controller config for legs from self.part_controller_config. (robot.py:151)
[robosuite WARNING] The config has defined for the controller "left", but the robot does not have this component. Skipping, but make sure this is intended.Removing the controller config for left from self.part_controller_config. (robot.py:151)
[robosuite WARNING] The config has defined for the controller "torso", but the robot does not have this component. Skipping, but make sure this is intended.Removing the controller config for torso from self.part_controller_config. (robot.py:151)
[robosuite WARNING] The config has defined for the controller "head", but the robot does not have this component. Skipping, but make sure this is intended.Removing the controller config for head from self.part_controller_config. (robot.py:151)
[robosuite WARNING] The config has defined for the controller "base", but the robot does not have this component. Skipping, but make sure this is intended.Removing the controller config for base from self.part_controller_config. (robot.py:151)
[robosuite WARNING] The config has defined for the controller "legs", but the robot does not have this component. Skipping, but make sure this is intended.Removing the controller config for legs from self.part_controller_config. (robot.py:151)
[robosuite INFO] Loading controller configuration from: /home/lph/.conda/envs/lph/lib/python3.10/site-packages/robosuite/controllers/config/default/composite/basic.json (composite_controller_factory.py:121)
[robosuite WARNING] The config has defined for the controller "left", but the robot does not have this component. Skipping, but make sure this is intended.Removing the controller config for left from self.part_controller_config. (robot.py:151)
[robosuite WARNING] The config has defined for the controller "torso", but the robot does not have this component. Skipping, but make sure this is intended.Removing the controller config for torso from self.part_controller_config. (robot.py:151)
[robosuite WARNING] The config has defined for the controller "head", but the robot does not have this component. Skipping, but make sure this is intended.Removing the controller config for head from self.part_controller_config. (robot.py:151)
[robosuite WARNING] The config has defined for the controller "base", but the robot does not have this component. Skipping, but make sure this is intended.Removing the controller config for base from self.part_controller_config. (robot.py:151)
[robosuite WARNING] The config has defined for the controller "legs", but the robot does not have this component. Skipping, but make sure this is intended.Removing the controller config for legs from self.part_controller_config. (robot.py:151)
[robosuite WARNING] The config has defined for the controller "left", but the robot does not have this component. Skipping, but make sure this is intended.Removing the controller config for left from self.part_controller_config. (robot.py:151)
[robosuite WARNING] The config has defined for the controller "torso", but the robot does not have this component. Skipping, but make sure this is intended.Removing the controller config for torso from self.part_controller_config. (robot.py:151)
[robosuite WARNING] The config has defined for the controller "head", but the robot does not have this component. Skipping, but make sure this is intended.Removing the controller config for head from self.part_controller_config. (robot.py:151)
[robosuite WARNING] The config has defined for the controller "base", but the robot does not have this component. Skipping, but make sure this is intended.Removing the controller config for base from self.part_controller_config. (robot.py:151)
[robosuite WARNING] The config has defined for the controller "legs", but the robot does not have this component. Skipping, but make sure this is intended.Removing the controller config for legs from self.part_controller_config. (robot.py:151)
[robosuite INFO] Loading controller configuration from: /home/lph/.conda/envs/lph/lib/python3.10/site-packages/robosuite/controllers/config/default/composite/basic.json (composite_controller_factory.py:121)
[robosuite WARNING] The config has defined for the controller "left", but the robot does not have this component. Skipping, but make sure this is intended.Removing the controller config for left from self.part_controller_config. (robot.py:151)
[robosuite WARNING] The config has defined for the controller "torso", but the robot does not have this component. Skipping, but make sure this is intended.Removing the controller config for torso from self.part_controller_config. (robot.py:151)
[robosuite WARNING] The config has defined for the controller "head", but the robot does not have this component. Skipping, but make sure this is intended.Removing the controller config for head from self.part_controller_config. (robot.py:151)
[robosuite WARNING] The config has defined for the controller "base", but the robot does not have this component. Skipping, but make sure this is intended.Removing the controller config for base from self.part_controller_config. (robot.py:151)
[robosuite WARNING] The config has defined for the controller "legs", but the robot does not have this component. Skipping, but make sure this is intended.Removing the controller config for legs from self.part_controller_config. (robot.py:151)
[robosuite WARNING] The config has defined for the controller "left", but the robot does not have this component. Skipping, but make sure this is intended.Removing the controller config for left from self.part_controller_config. (robot.py:151)
[robosuite WARNING] The config has defined for the controller "torso", but the robot does not have this component. Skipping, but make sure this is intended.Removing the controller config for torso from self.part_controller_config. (robot.py:151)
[robosuite WARNING] The config has defined for the controller "head", but the robot does not have this component. Skipping, but make sure this is intended.Removing the controller config for head from self.part_controller_config. (robot.py:151)
[robosuite WARNING] The config has defined for the controller "base", but the robot does not have this component. Skipping, but make sure this is intended.Removing the controller config for base from self.part_controller_config. (robot.py:151)
[robosuite WARNING] The config has defined for the controller "legs", but the robot does not have this component. Skipping, but make sure this is intended.Removing the controller config for legs from self.part_controller_config. (robot.py:151)
[robosuite INFO] Loading controller configuration from: /home/lph/.conda/envs/lph/lib/python3.10/site-packages/robosuite/controllers/config/default/composite/basic.json (composite_controller_factory.py:121)
[robosuite WARNING] The config has defined for the controller "left", but the robot does not have this component. Skipping, but make sure this is intended.Removing the controller config for left from self.part_controller_config. (robot.py:151)
[robosuite WARNING] The config has defined for the controller "torso", but the robot does not have this component. Skipping, but make sure this is intended.Removing the controller config for torso from self.part_controller_config. (robot.py:151)
[robosuite WARNING] The config has defined for the controller "head", but the robot does not have this component. Skipping, but make sure this is intended.Removing the controller config for head from self.part_controller_config. (robot.py:151)
[robosuite WARNING] The config has defined for the controller "base", but the robot does not have this component. Skipping, but make sure this is intended.Removing the controller config for base from self.part_controller_config. (robot.py:151)
[robosuite WARNING] The config has defined for the controller "legs", but the robot does not have this component. Skipping, but make sure this is intended.Removing the controller config for legs from self.part_controller_config. (robot.py:151)
[robosuite WARNING] The config has defined for the controller "left", but the robot does not have this component. Skipping, but make sure this is intended.Removing the controller config for left from self.part_controller_config. (robot.py:151)
[robosuite WARNING] The config has defined for the controller "torso", but the robot does not have this component. Skipping, but make sure this is intended.Removing the controller config for torso from self.part_controller_config. (robot.py:151)
[robosuite WARNING] The config has defined for the controller "head", but the robot does not have this component. Skipping, but make sure this is intended.Removing the controller config for head from self.part_controller_config. (robot.py:151)
[robosuite WARNING] The config has defined for the controller "base", but the robot does not have this component. Skipping, but make sure this is intended.Removing the controller config for base from self.part_controller_config. (robot.py:151)
[robosuite WARNING] The config has defined for the controller "legs", but the robot does not have this component. Skipping, but make sure this is intended.Removing the controller config for legs from self.part_controller_config. (robot.py:151)
[robosuite INFO] Loading controller configuration from: /home/lph/.conda/envs/lph/lib/python3.10/site-packages/robosuite/controllers/config/default/composite/basic.json (composite_controller_factory.py:121)
[robosuite WARNING] The config has defined for the controller "left", but the robot does not have this component. Skipping, but make sure this is intended.Removing the controller config for left from self.part_controller_config. (robot.py:151)
[robosuite WARNING] The config has defined for the controller "torso", but the robot does not have this component. Skipping, but make sure this is intended.Removing the controller config for torso from self.part_controller_config. (robot.py:151)
[robosuite WARNING] The config has defined for the controller "head", but the robot does not have this component. Skipping, but make sure this is intended.Removing the controller config for head from self.part_controller_config. (robot.py:151)
[robosuite WARNING] The config has defined for the controller "base", but the robot does not have this component. Skipping, but make sure this is intended.Removing the controller config for base from self.part_controller_config. (robot.py:151)
[robosuite WARNING] The config has defined for the controller "legs", but the robot does not have this component. Skipping, but make sure this is intended.Removing the controller config for legs from self.part_controller_config. (robot.py:151)
[robosuite WARNING] The config has defined for the controller "left", but the robot does not have this component. Skipping, but make sure this is intended.Removing the controller config for left from self.part_controller_config. (robot.py:151)
[robosuite WARNING] The config has defined for the controller "torso", but the robot does not have this component. Skipping, but make sure this is intended.Removing the controller config for torso from self.part_controller_config. (robot.py:151)
[robosuite WARNING] The config has defined for the controller "head", but the robot does not have this component. Skipping, but make sure this is intended.Removing the controller config for head from self.part_controller_config. (robot.py:151)
[robosuite WARNING] The config has defined for the controller "base", but the robot does not have this component. Skipping, but make sure this is intended.Removing the controller config for base from self.part_controller_config. (robot.py:151)
[robosuite WARNING] The config has defined for the controller "legs", but the robot does not have this component. Skipping, but make sure this is intended.Removing the controller config for legs from self.part_controller_config. (robot.py:151)
[robosuite INFO] Loading controller configuration from: /home/lph/.conda/envs/lph/lib/python3.10/site-packages/robosuite/controllers/config/default/composite/basic.json (composite_controller_factory.py:121)
[robosuite WARNING] The config has defined for the controller "left", but the robot does not have this component. Skipping, but make sure this is intended.Removing the controller config for left from self.part_controller_config. (robot.py:151)
[robosuite WARNING] The config has defined for the controller "torso", but the robot does not have this component. Skipping, but make sure this is intended.Removing the controller config for torso from self.part_controller_config. (robot.py:151)
[robosuite WARNING] The config has defined for the controller "head", but the robot does not have this component. Skipping, but make sure this is intended.Removing the controller config for head from self.part_controller_config. (robot.py:151)
[robosuite WARNING] The config has defined for the controller "base", but the robot does not have this component. Skipping, but make sure this is intended.Removing the controller config for base from self.part_controller_config. (robot.py:151)
[robosuite WARNING] The config has defined for the controller "legs", but the robot does not have this component. Skipping, but make sure this is intended.Removing the controller config for legs from self.part_controller_config. (robot.py:151)
[robosuite WARNING] The config has defined for the controller "left", but the robot does not have this component. Skipping, but make sure this is intended.Removing the controller config for left from self.part_controller_config. (robot.py:151)
[robosuite WARNING] The config has defined for the controller "torso", but the robot does not have this component. Skipping, but make sure this is intended.Removing the controller config for torso from self.part_controller_config. (robot.py:151)
[robosuite WARNING] The config has defined for the controller "head", but the robot does not have this component. Skipping, but make sure this is intended.Removing the controller config for head from self.part_controller_config. (robot.py:151)
[robosuite WARNING] The config has defined for the controller "base", but the robot does not have this component. Skipping, but make sure this is intended.Removing the controller config for base from self.part_controller_config. (robot.py:151)
[robosuite WARNING] The config has defined for the controller "legs", but the robot does not have this component. Skipping, but make sure this is intended.Removing the controller config for legs from self.part_controller_config. (robot.py:151)
[robosuite INFO] Loading controller configuration from: /home/lph/.conda/envs/lph/lib/python3.10/site-packages/robosuite/controllers/config/default/composite/basic.json (composite_controller_factory.py:121)
[robosuite WARNING] The config has defined for the controller "left", but the robot does not have this component. Skipping, but make sure this is intended.Removing the controller config for left from self.part_controller_config. (robot.py:151)
[robosuite WARNING] The config has defined for the controller "torso", but the robot does not have this component. Skipping, but make sure this is intended.Removing the controller config for torso from self.part_controller_config. (robot.py:151)
[robosuite WARNING] The config has defined for the controller "head", but the robot does not have this component. Skipping, but make sure this is intended.Removing the controller config for head from self.part_controller_config. (robot.py:151)
[robosuite WARNING] The config has defined for the controller "base", but the robot does not have this component. Skipping, but make sure this is intended.Removing the controller config for base from self.part_controller_config. (robot.py:151)
[robosuite WARNING] The config has defined for the controller "legs", but the robot does not have this component. Skipping, but make sure this is intended.Removing the controller config for legs from self.part_controller_config. (robot.py:151)
[robosuite WARNING] The config has defined for the controller "left", but the robot does not have this component. Skipping, but make sure this is intended.Removing the controller config for left from self.part_controller_config. (robot.py:151)
[robosuite WARNING] The config has defined for the controller "torso", but the robot does not have this component. Skipping, but make sure this is intended.Removing the controller config for torso from self.part_controller_config. (robot.py:151)
[robosuite WARNING] The config has defined for the controller "head", but the robot does not have this component. Skipping, but make sure this is intended.Removing the controller config for head from self.part_controller_config. (robot.py:151)
[robosuite WARNING] The config has defined for the controller "base", but the robot does not have this component. Skipping, but make sure this is intended.Removing the controller config for base from self.part_controller_config. (robot.py:151)
[robosuite WARNING] The config has defined for the controller "legs", but the robot does not have this component. Skipping, but make sure this is intended.Removing the controller config for legs from self.part_controller_config. (robot.py:151)
[robosuite INFO] Loading controller configuration from: /home/lph/.conda/envs/lph/lib/python3.10/site-packages/robosuite/controllers/config/default/composite/basic.json (composite_controller_factory.py:121)
[robosuite WARNING] The config has defined for the controller "left", but the robot does not have this component. Skipping, but make sure this is intended.Removing the controller config for left from self.part_controller_config. (robot.py:151)
[robosuite WARNING] The config has defined for the controller "torso", but the robot does not have this component. Skipping, but make sure this is intended.Removing the controller config for torso from self.part_controller_config. (robot.py:151)
[robosuite WARNING] The config has defined for the controller "head", but the robot does not have this component. Skipping, but make sure this is intended.Removing the controller config for head from self.part_controller_config. (robot.py:151)
[robosuite WARNING] The config has defined for the controller "base", but the robot does not have this component. Skipping, but make sure this is intended.Removing the controller config for base from self.part_controller_config. (robot.py:151)
[robosuite WARNING] The config has defined for the controller "legs", but the robot does not have this component. Skipping, but make sure this is intended.Removing the controller config for legs from self.part_controller_config. (robot.py:151)
[robosuite WARNING] The config has defined for the controller "left", but the robot does not have this component. Skipping, but make sure this is intended.Removing the controller config for left from self.part_controller_config. (robot.py:151)
[robosuite WARNING] The config has defined for the controller "torso", but the robot does not have this component. Skipping, but make sure this is intended.Removing the controller config for torso from self.part_controller_config. (robot.py:151)
[robosuite WARNING] The config has defined for the controller "head", but the robot does not have this component. Skipping, but make sure this is intended.Removing the controller config for head from self.part_controller_config. (robot.py:151)
[robosuite WARNING] The config has defined for the controller "base", but the robot does not have this component. Skipping, but make sure this is intended.Removing the controller config for base from self.part_controller_config. (robot.py:151)
[robosuite WARNING] The config has defined for the controller "legs", but the robot does not have this component. Skipping, but make sure this is intended.Removing the controller config for legs from self.part_controller_config. (robot.py:151)
[robosuite INFO] Loading controller configuration from: /home/lph/.conda/envs/lph/lib/python3.10/site-packages/robosuite/controllers/config/default/composite/basic.json (composite_controller_factory.py:121)
[robosuite WARNING] The config has defined for the controller "left", but the robot does not have this component. Skipping, but make sure this is intended.Removing the controller config for left from self.part_controller_config. (robot.py:151)
[robosuite WARNING] The config has defined for the controller "torso", but the robot does not have this component. Skipping, but make sure this is intended.Removing the controller config for torso from self.part_controller_config. (robot.py:151)
[robosuite WARNING] The config has defined for the controller "head", but the robot does not have this component. Skipping, but make sure this is intended.Removing the controller config for head from self.part_controller_config. (robot.py:151)
[robosuite WARNING] The config has defined for the controller "base", but the robot does not have this component. Skipping, but make sure this is intended.Removing the controller config for base from self.part_controller_config. (robot.py:151)
[robosuite WARNING] The config has defined for the controller "legs", but the robot does not have this component. Skipping, but make sure this is intended.Removing the controller config for legs from self.part_controller_config. (robot.py:151)
[robosuite WARNING] The config has defined for the controller "left", but the robot does not have this component. Skipping, but make sure this is intended.Removing the controller config for left from self.part_controller_config. (robot.py:151)
[robosuite WARNING] The config has defined for the controller "torso", but the robot does not have this component. Skipping, but make sure this is intended.Removing the controller config for torso from self.part_controller_config. (robot.py:151)
[robosuite WARNING] The config has defined for the controller "head", but the robot does not have this component. Skipping, but make sure this is intended.Removing the controller config for head from self.part_controller_config. (robot.py:151)
[robosuite WARNING] The config has defined for the controller "base", but the robot does not have this component. Skipping, but make sure this is intended.Removing the controller config for base from self.part_controller_config. (robot.py:151)
[robosuite WARNING] The config has defined for the controller "legs", but the robot does not have this component. Skipping, but make sure this is intended.Removing the controller config for legs from self.part_controller_config. (robot.py:151)
[robosuite INFO] Loading controller configuration from: /home/lph/.conda/envs/lph/lib/python3.10/site-packages/robosuite/controllers/config/default/composite/basic.json (composite_controller_factory.py:121)
[robosuite WARNING] The config has defined for the controller "left", but the robot does not have this component. Skipping, but make sure this is intended.Removing the controller config for left from self.part_controller_config. (robot.py:151)
[robosuite WARNING] The config has defined for the controller "torso", but the robot does not have this component. Skipping, but make sure this is intended.Removing the controller config for torso from self.part_controller_config. (robot.py:151)
[robosuite WARNING] The config has defined for the controller "head", but the robot does not have this component. Skipping, but make sure this is intended.Removing the controller config for head from self.part_controller_config. (robot.py:151)
[robosuite WARNING] The config has defined for the controller "base", but the robot does not have this component. Skipping, but make sure this is intended.Removing the controller config for base from self.part_controller_config. (robot.py:151)
[robosuite WARNING] The config has defined for the controller "legs", but the robot does not have this component. Skipping, but make sure this is intended.Removing the controller config for legs from self.part_controller_config. (robot.py:151)
[robosuite WARNING] The config has defined for the controller "left", but the robot does not have this component. Skipping, but make sure this is intended.Removing the controller config for left from self.part_controller_config. (robot.py:151)
[robosuite WARNING] The config has defined for the controller "torso", but the robot does not have this component. Skipping, but make sure this is intended.Removing the controller config for torso from self.part_controller_config. (robot.py:151)
[robosuite WARNING] The config has defined for the controller "head", but the robot does not have this component. Skipping, but make sure this is intended.Removing the controller config for head from self.part_controller_config. (robot.py:151)
[robosuite WARNING] The config has defined for the controller "base", but the robot does not have this component. Skipping, but make sure this is intended.Removing the controller config for base from self.part_controller_config. (robot.py:151)
[robosuite WARNING] The config has defined for the controller "legs", but the robot does not have this component. Skipping, but make sure this is intended.Removing the controller config for legs from self.part_controller_config. (robot.py:151)
[robosuite INFO] Loading controller configuration from: /home/lph/.conda/envs/lph/lib/python3.10/site-packages/robosuite/controllers/config/default/composite/basic.json (composite_controller_factory.py:121)
[robosuite WARNING] The config has defined for the controller "left", but the robot does not have this component. Skipping, but make sure this is intended.Removing the controller config for left from self.part_controller_config. (robot.py:151)
[robosuite WARNING] The config has defined for the controller "torso", but the robot does not have this component. Skipping, but make sure this is intended.Removing the controller config for torso from self.part_controller_config. (robot.py:151)
[robosuite WARNING] The config has defined for the controller "head", but the robot does not have this component. Skipping, but make sure this is intended.Removing the controller config for head from self.part_controller_config. (robot.py:151)
[robosuite WARNING] The config has defined for the controller "base", but the robot does not have this component. Skipping, but make sure this is intended.Removing the controller config for base from self.part_controller_config. (robot.py:151)
[robosuite WARNING] The config has defined for the controller "legs", but the robot does not have this component. Skipping, but make sure this is intended.Removing the controller config for legs from self.part_controller_config. (robot.py:151)
[robosuite WARNING] The config has defined for the controller "left", but the robot does not have this component. Skipping, but make sure this is intended.Removing the controller config for left from self.part_controller_config. (robot.py:151)
[robosuite WARNING] The config has defined for the controller "torso", but the robot does not have this component. Skipping, but make sure this is intended.Removing the controller config for torso from self.part_controller_config. (robot.py:151)
[robosuite WARNING] The config has defined for the controller "head", but the robot does not have this component. Skipping, but make sure this is intended.Removing the controller config for head from self.part_controller_config. (robot.py:151)
[robosuite WARNING] The config has defined for the controller "base", but the robot does not have this component. Skipping, but make sure this is intended.Removing the controller config for base from self.part_controller_config. (robot.py:151)
[robosuite WARNING] The config has defined for the controller "legs", but the robot does not have this component. Skipping, but make sure this is intended.Removing the controller config for legs from self.part_controller_config. (robot.py:151)
[robosuite INFO] Loading controller configuration from: /home/lph/.conda/envs/lph/lib/python3.10/site-packages/robosuite/controllers/config/default/composite/basic.json (composite_controller_factory.py:121)
[robosuite WARNING] The config has defined for the controller "left", but the robot does not have this component. Skipping, but make sure this is intended.Removing the controller config for left from self.part_controller_config. (robot.py:151)
[robosuite WARNING] The config has defined for the controller "torso", but the robot does not have this component. Skipping, but make sure this is intended.Removing the controller config for torso from self.part_controller_config. (robot.py:151)
[robosuite WARNING] The config has defined for the controller "head", but the robot does not have this component. Skipping, but make sure this is intended.Removing the controller config for head from self.part_controller_config. (robot.py:151)
[robosuite WARNING] The config has defined for the controller "base", but the robot does not have this component. Skipping, but make sure this is intended.Removing the controller config for base from self.part_controller_config. (robot.py:151)
[robosuite WARNING] The config has defined for the controller "legs", but the robot does not have this component. Skipping, but make sure this is intended.Removing the controller config for legs from self.part_controller_config. (robot.py:151)
[robosuite WARNING] The config has defined for the controller "left", but the robot does not have this component. Skipping, but make sure this is intended.Removing the controller config for left from self.part_controller_config. (robot.py:151)
[robosuite WARNING] The config has defined for the controller "torso", but the robot does not have this component. Skipping, but make sure this is intended.Removing the controller config for torso from self.part_controller_config. (robot.py:151)
[robosuite WARNING] The config has defined for the controller "head", but the robot does not have this component. Skipping, but make sure this is intended.Removing the controller config for head from self.part_controller_config. (robot.py:151)
[robosuite WARNING] The config has defined for the controller "base", but the robot does not have this component. Skipping, but make sure this is intended.Removing the controller config for base from self.part_controller_config. (robot.py:151)
[robosuite WARNING] The config has defined for the controller "legs", but the robot does not have this component. Skipping, but make sure this is intended.Removing the controller config for legs from self.part_controller_config. (robot.py:151)
[robosuite INFO] Loading controller configuration from: /home/lph/.conda/envs/lph/lib/python3.10/site-packages/robosuite/controllers/config/default/composite/basic.json (composite_controller_factory.py:121)
[robosuite WARNING] The config has defined for the controller "left", but the robot does not have this component. Skipping, but make sure this is intended.Removing the controller config for left from self.part_controller_config. (robot.py:151)
[robosuite WARNING] The config has defined for the controller "torso", but the robot does not have this component. Skipping, but make sure this is intended.Removing the controller config for torso from self.part_controller_config. (robot.py:151)
[robosuite WARNING] The config has defined for the controller "head", but the robot does not have this component. Skipping, but make sure this is intended.Removing the controller config for head from self.part_controller_config. (robot.py:151)
[robosuite WARNING] The config has defined for the controller "base", but the robot does not have this component. Skipping, but make sure this is intended.Removing the controller config for base from self.part_controller_config. (robot.py:151)
[robosuite WARNING] The config has defined for the controller "legs", but the robot does not have this component. Skipping, but make sure this is intended.Removing the controller config for legs from self.part_controller_config. (robot.py:151)
[robosuite WARNING] The config has defined for the controller "left", but the robot does not have this component. Skipping, but make sure this is intended.Removing the controller config for left from self.part_controller_config. (robot.py:151)
[robosuite WARNING] The config has defined for the controller "torso", but the robot does not have this component. Skipping, but make sure this is intended.Removing the controller config for torso from self.part_controller_config. (robot.py:151)
[robosuite WARNING] The config has defined for the controller "head", but the robot does not have this component. Skipping, but make sure this is intended.Removing the controller config for head from self.part_controller_config. (robot.py:151)
[robosuite WARNING] The config has defined for the controller "base", but the robot does not have this component. Skipping, but make sure this is intended.Removing the controller config for base from self.part_controller_config. (robot.py:151)
[robosuite WARNING] The config has defined for the controller "legs", but the robot does not have this component. Skipping, but make sure this is intended.Removing the controller config for legs from self.part_controller_config. (robot.py:151)
[robosuite INFO] Loading controller configuration from: /home/lph/.conda/envs/lph/lib/python3.10/site-packages/robosuite/controllers/config/default/composite/basic.json (composite_controller_factory.py:121)
[robosuite WARNING] The config has defined for the controller "left", but the robot does not have this component. Skipping, but make sure this is intended.Removing the controller config for left from self.part_controller_config. (robot.py:151)
[robosuite WARNING] The config has defined for the controller "torso", but the robot does not have this component. Skipping, but make sure this is intended.Removing the controller config for torso from self.part_controller_config. (robot.py:151)
[robosuite WARNING] The config has defined for the controller "head", but the robot does not have this component. Skipping, but make sure this is intended.Removing the controller config for head from self.part_controller_config. (robot.py:151)
[robosuite WARNING] The config has defined for the controller "base", but the robot does not have this component. Skipping, but make sure this is intended.Removing the controller config for base from self.part_controller_config. (robot.py:151)
[robosuite WARNING] The config has defined for the controller "legs", but the robot does not have this component. Skipping, but make sure this is intended.Removing the controller config for legs from self.part_controller_config. (robot.py:151)
[robosuite WARNING] The config has defined for the controller "left", but the robot does not have this component. Skipping, but make sure this is intended.Removing the controller config for left from self.part_controller_config. (robot.py:151)
[robosuite WARNING] The config has defined for the controller "torso", but the robot does not have this component. Skipping, but make sure this is intended.Removing the controller config for torso from self.part_controller_config. (robot.py:151)
[robosuite WARNING] The config has defined for the controller "head", but the robot does not have this component. Skipping, but make sure this is intended.Removing the controller config for head from self.part_controller_config. (robot.py:151)
[robosuite WARNING] The config has defined for the controller "base", but the robot does not have this component. Skipping, but make sure this is intended.Removing the controller config for base from self.part_controller_config. (robot.py:151)
[robosuite WARNING] The config has defined for the controller "legs", but the robot does not have this component. Skipping, but make sure this is intended.Removing the controller config for legs from self.part_controller_config. (robot.py:151)
[robosuite INFO] Loading controller configuration from: /home/lph/.conda/envs/lph/lib/python3.10/site-packages/robosuite/controllers/config/default/composite/basic.json (composite_controller_factory.py:121)
[robosuite WARNING] The config has defined for the controller "left", but the robot does not have this component. Skipping, but make sure this is intended.Removing the controller config for left from self.part_controller_config. (robot.py:151)
[robosuite WARNING] The config has defined for the controller "torso", but the robot does not have this component. Skipping, but make sure this is intended.Removing the controller config for torso from self.part_controller_config. (robot.py:151)
[robosuite WARNING] The config has defined for the controller "head", but the robot does not have this component. Skipping, but make sure this is intended.Removing the controller config for head from self.part_controller_config. (robot.py:151)
[robosuite WARNING] The config has defined for the controller "base", but the robot does not have this component. Skipping, but make sure this is intended.Removing the controller config for base from self.part_controller_config. (robot.py:151)
[robosuite WARNING] The config has defined for the controller "legs", but the robot does not have this component. Skipping, but make sure this is intended.Removing the controller config for legs from self.part_controller_config. (robot.py:151)
[robosuite WARNING] The config has defined for the controller "left", but the robot does not have this component. Skipping, but make sure this is intended.Removing the controller config for left from self.part_controller_config. (robot.py:151)
[robosuite WARNING] The config has defined for the controller "torso", but the robot does not have this component. Skipping, but make sure this is intended.Removing the controller config for torso from self.part_controller_config. (robot.py:151)
[robosuite WARNING] The config has defined for the controller "head", but the robot does not have this component. Skipping, but make sure this is intended.Removing the controller config for head from self.part_controller_config. (robot.py:151)
[robosuite WARNING] The config has defined for the controller "base", but the robot does not have this component. Skipping, but make sure this is intended.Removing the controller config for base from self.part_controller_config. (robot.py:151)
[robosuite WARNING] The config has defined for the controller "legs", but the robot does not have this component. Skipping, but make sure this is intended.Removing the controller config for legs from self.part_controller_config. (robot.py:151)
[robosuite INFO] Loading controller configuration from: /home/lph/.conda/envs/lph/lib/python3.10/site-packages/robosuite/controllers/config/default/composite/basic.json (composite_controller_factory.py:121)
[robosuite WARNING] The config has defined for the controller "left", but the robot does not have this component. Skipping, but make sure this is intended.Removing the controller config for left from self.part_controller_config. (robot.py:151)
[robosuite WARNING] The config has defined for the controller "torso", but the robot does not have this component. Skipping, but make sure this is intended.Removing the controller config for torso from self.part_controller_config. (robot.py:151)
[robosuite WARNING] The config has defined for the controller "head", but the robot does not have this component. Skipping, but make sure this is intended.Removing the controller config for head from self.part_controller_config. (robot.py:151)
[robosuite WARNING] The config has defined for the controller "base", but the robot does not have this component. Skipping, but make sure this is intended.Removing the controller config for base from self.part_controller_config. (robot.py:151)
[robosuite WARNING] The config has defined for the controller "legs", but the robot does not have this component. Skipping, but make sure this is intended.Removing the controller config for legs from self.part_controller_config. (robot.py:151)
[robosuite WARNING] The config has defined for the controller "left", but the robot does not have this component. Skipping, but make sure this is intended.Removing the controller config for left from self.part_controller_config. (robot.py:151)
[robosuite WARNING] The config has defined for the controller "torso", but the robot does not have this component. Skipping, but make sure this is intended.Removing the controller config for torso from self.part_controller_config. (robot.py:151)
[robosuite WARNING] The config has defined for the controller "head", but the robot does not have this component. Skipping, but make sure this is intended.Removing the controller config for head from self.part_controller_config. (robot.py:151)
[robosuite WARNING] The config has defined for the controller "base", but the robot does not have this component. Skipping, but make sure this is intended.Removing the controller config for base from self.part_controller_config. (robot.py:151)
[robosuite WARNING] The config has defined for the controller "legs", but the robot does not have this component. Skipping, but make sure this is intended.Removing the controller config for legs from self.part_controller_config. (robot.py:151)
[robosuite INFO] Loading controller configuration from: /home/lph/.conda/envs/lph/lib/python3.10/site-packages/robosuite/controllers/config/default/composite/basic.json (composite_controller_factory.py:121)
[robosuite WARNING] The config has defined for the controller "left", but the robot does not have this component. Skipping, but make sure this is intended.Removing the controller config for left from self.part_controller_config. (robot.py:151)
[robosuite WARNING] The config has defined for the controller "torso", but the robot does not have this component. Skipping, but make sure this is intended.Removing the controller config for torso from self.part_controller_config. (robot.py:151)
[robosuite WARNING] The config has defined for the controller "head", but the robot does not have this component. Skipping, but make sure this is intended.Removing the controller config for head from self.part_controller_config. (robot.py:151)
[robosuite WARNING] The config has defined for the controller "base", but the robot does not have this component. Skipping, but make sure this is intended.Removing the controller config for base from self.part_controller_config. (robot.py:151)
[robosuite WARNING] The config has defined for the controller "legs", but the robot does not have this component. Skipping, but make sure this is intended.Removing the controller config for legs from self.part_controller_config. (robot.py:151)
[robosuite WARNING] The config has defined for the controller "left", but the robot does not have this component. Skipping, but make sure this is intended.Removing the controller config for left from self.part_controller_config. (robot.py:151)
[robosuite WARNING] The config has defined for the controller "torso", but the robot does not have this component. Skipping, but make sure this is intended.Removing the controller config for torso from self.part_controller_config. (robot.py:151)
[robosuite WARNING] The config has defined for the controller "head", but the robot does not have this component. Skipping, but make sure this is intended.Removing the controller config for head from self.part_controller_config. (robot.py:151)
[robosuite WARNING] The config has defined for the controller "base", but the robot does not have this component. Skipping, but make sure this is intended.Removing the controller config for base from self.part_controller_config. (robot.py:151)
[robosuite WARNING] The config has defined for the controller "legs", but the robot does not have this component. Skipping, but make sure this is intended.Removing the controller config for legs from self.part_controller_config. (robot.py:151)
[robosuite INFO] Loading controller configuration from: /home/lph/.conda/envs/lph/lib/python3.10/site-packages/robosuite/controllers/config/default/composite/basic.json (composite_controller_factory.py:121)
[robosuite WARNING] The config has defined for the controller "left", but the robot does not have this component. Skipping, but make sure this is intended.Removing the controller config for left from self.part_controller_config. (robot.py:151)
[robosuite WARNING] The config has defined for the controller "torso", but the robot does not have this component. Skipping, but make sure this is intended.Removing the controller config for torso from self.part_controller_config. (robot.py:151)
[robosuite WARNING] The config has defined for the controller "head", but the robot does not have this component. Skipping, but make sure this is intended.Removing the controller config for head from self.part_controller_config. (robot.py:151)
[robosuite WARNING] The config has defined for the controller "base", but the robot does not have this component. Skipping, but make sure this is intended.Removing the controller config for base from self.part_controller_config. (robot.py:151)
[robosuite WARNING] The config has defined for the controller "legs", but the robot does not have this component. Skipping, but make sure this is intended.Removing the controller config for legs from self.part_controller_config. (robot.py:151)
[robosuite WARNING] The config has defined for the controller "left", but the robot does not have this component. Skipping, but make sure this is intended.Removing the controller config for left from self.part_controller_config. (robot.py:151)
[robosuite WARNING] The config has defined for the controller "torso", but the robot does not have this component. Skipping, but make sure this is intended.Removing the controller config for torso from self.part_controller_config. (robot.py:151)
[robosuite WARNING] The config has defined for the controller "head", but the robot does not have this component. Skipping, but make sure this is intended.Removing the controller config for head from self.part_controller_config. (robot.py:151)
[robosuite WARNING] The config has defined for the controller "base", but the robot does not have this component. Skipping, but make sure this is intended.Removing the controller config for base from self.part_controller_config. (robot.py:151)
[robosuite WARNING] The config has defined for the controller "legs", but the robot does not have this component. Skipping, but make sure this is intended.Removing the controller config for legs from self.part_controller_config. (robot.py:151)
[robosuite INFO] Loading controller configuration from: /home/lph/.conda/envs/lph/lib/python3.10/site-packages/robosuite/controllers/config/default/composite/basic.json (composite_controller_factory.py:121)
[robosuite WARNING] The config has defined for the controller "left", but the robot does not have this component. Skipping, but make sure this is intended.Removing the controller config for left from self.part_controller_config. (robot.py:151)
[robosuite WARNING] The config has defined for the controller "torso", but the robot does not have this component. Skipping, but make sure this is intended.Removing the controller config for torso from self.part_controller_config. (robot.py:151)
[robosuite WARNING] The config has defined for the controller "head", but the robot does not have this component. Skipping, but make sure this is intended.Removing the controller config for head from self.part_controller_config. (robot.py:151)
[robosuite WARNING] The config has defined for the controller "base", but the robot does not have this component. Skipping, but make sure this is intended.Removing the controller config for base from self.part_controller_config. (robot.py:151)
[robosuite WARNING] The config has defined for the controller "legs", but the robot does not have this component. Skipping, but make sure this is intended.Removing the controller config for legs from self.part_controller_config. (robot.py:151)
[robosuite WARNING] The config has defined for the controller "left", but the robot does not have this component. Skipping, but make sure this is intended.Removing the controller config for left from self.part_controller_config. (robot.py:151)
[robosuite WARNING] The config has defined for the controller "torso", but the robot does not have this component. Skipping, but make sure this is intended.Removing the controller config for torso from self.part_controller_config. (robot.py:151)
[robosuite WARNING] The config has defined for the controller "head", but the robot does not have this component. Skipping, but make sure this is intended.Removing the controller config for head from self.part_controller_config. (robot.py:151)
[robosuite WARNING] The config has defined for the controller "base", but the robot does not have this component. Skipping, but make sure this is intended.Removing the controller config for base from self.part_controller_config. (robot.py:151)
[robosuite WARNING] The config has defined for the controller "legs", but the robot does not have this component. Skipping, but make sure this is intended.Removing the controller config for legs from self.part_controller_config. (robot.py:151)
[robosuite INFO] Loading controller configuration from: /home/lph/.conda/envs/lph/lib/python3.10/site-packages/robosuite/controllers/config/default/composite/basic.json (composite_controller_factory.py:121)
[robosuite WARNING] The config has defined for the controller "left", but the robot does not have this component. Skipping, but make sure this is intended.Removing the controller config for left from self.part_controller_config. (robot.py:151)
[robosuite WARNING] The config has defined for the controller "torso", but the robot does not have this component. Skipping, but make sure this is intended.Removing the controller config for torso from self.part_controller_config. (robot.py:151)
[robosuite WARNING] The config has defined for the controller "head", but the robot does not have this component. Skipping, but make sure this is intended.Removing the controller config for head from self.part_controller_config. (robot.py:151)
[robosuite WARNING] The config has defined for the controller "base", but the robot does not have this component. Skipping, but make sure this is intended.Removing the controller config for base from self.part_controller_config. (robot.py:151)
[robosuite WARNING] The config has defined for the controller "legs", but the robot does not have this component. Skipping, but make sure this is intended.Removing the controller config for legs from self.part_controller_config. (robot.py:151)
[robosuite WARNING] The config has defined for the controller "left", but the robot does not have this component. Skipping, but make sure this is intended.Removing the controller config for left from self.part_controller_config. (robot.py:151)
[robosuite WARNING] The config has defined for the controller "torso", but the robot does not have this component. Skipping, but make sure this is intended.Removing the controller config for torso from self.part_controller_config. (robot.py:151)
[robosuite WARNING] The config has defined for the controller "head", but the robot does not have this component. Skipping, but make sure this is intended.Removing the controller config for head from self.part_controller_config. (robot.py:151)
[robosuite WARNING] The config has defined for the controller "base", but the robot does not have this component. Skipping, but make sure this is intended.Removing the controller config for base from self.part_controller_config. (robot.py:151)
[robosuite WARNING] The config has defined for the controller "legs", but the robot does not have this component. Skipping, but make sure this is intended.Removing the controller config for legs from self.part_controller_config. (robot.py:151)
[robosuite INFO] Loading controller configuration from: /home/lph/.conda/envs/lph/lib/python3.10/site-packages/robosuite/controllers/config/default/composite/basic.json (composite_controller_factory.py:121)
[robosuite WARNING] The config has defined for the controller "left", but the robot does not have this component. Skipping, but make sure this is intended.Removing the controller config for left from self.part_controller_config. (robot.py:151)
[robosuite WARNING] The config has defined for the controller "torso", but the robot does not have this component. Skipping, but make sure this is intended.Removing the controller config for torso from self.part_controller_config. (robot.py:151)
[robosuite WARNING] The config has defined for the controller "head", but the robot does not have this component. Skipping, but make sure this is intended.Removing the controller config for head from self.part_controller_config. (robot.py:151)
[robosuite WARNING] The config has defined for the controller "base", but the robot does not have this component. Skipping, but make sure this is intended.Removing the controller config for base from self.part_controller_config. (robot.py:151)
[robosuite WARNING] The config has defined for the controller "legs", but the robot does not have this component. Skipping, but make sure this is intended.Removing the controller config for legs from self.part_controller_config. (robot.py:151)
[robosuite WARNING] The config has defined for the controller "left", but the robot does not have this component. Skipping, but make sure this is intended.Removing the controller config for left from self.part_controller_config. (robot.py:151)
[robosuite WARNING] The config has defined for the controller "torso", but the robot does not have this component. Skipping, but make sure this is intended.Removing the controller config for torso from self.part_controller_config. (robot.py:151)
[robosuite WARNING] The config has defined for the controller "head", but the robot does not have this component. Skipping, but make sure this is intended.Removing the controller config for head from self.part_controller_config. (robot.py:151)
[robosuite WARNING] The config has defined for the controller "base", but the robot does not have this component. Skipping, but make sure this is intended.Removing the controller config for base from self.part_controller_config. (robot.py:151)
[robosuite WARNING] The config has defined for the controller "legs", but the robot does not have this component. Skipping, but make sure this is intended.Removing the controller config for legs from self.part_controller_config. (robot.py:151)
[robosuite INFO] Loading controller configuration from: /home/lph/.conda/envs/lph/lib/python3.10/site-packages/robosuite/controllers/config/default/composite/basic.json (composite_controller_factory.py:121)
[robosuite WARNING] The config has defined for the controller "left", but the robot does not have this component. Skipping, but make sure this is intended.Removing the controller config for left from self.part_controller_config. (robot.py:151)
[robosuite WARNING] The config has defined for the controller "torso", but the robot does not have this component. Skipping, but make sure this is intended.Removing the controller config for torso from self.part_controller_config. (robot.py:151)
[robosuite WARNING] The config has defined for the controller "head", but the robot does not have this component. Skipping, but make sure this is intended.Removing the controller config for head from self.part_controller_config. (robot.py:151)
[robosuite WARNING] The config has defined for the controller "base", but the robot does not have this component. Skipping, but make sure this is intended.Removing the controller config for base from self.part_controller_config. (robot.py:151)
[robosuite WARNING] The config has defined for the controller "legs", but the robot does not have this component. Skipping, but make sure this is intended.Removing the controller config for legs from self.part_controller_config. (robot.py:151)
[robosuite WARNING] The config has defined for the controller "left", but the robot does not have this component. Skipping, but make sure this is intended.Removing the controller config for left from self.part_controller_config. (robot.py:151)
[robosuite WARNING] The config has defined for the controller "torso", but the robot does not have this component. Skipping, but make sure this is intended.Removing the controller config for torso from self.part_controller_config. (robot.py:151)
[robosuite WARNING] The config has defined for the controller "head", but the robot does not have this component. Skipping, but make sure this is intended.Removing the controller config for head from self.part_controller_config. (robot.py:151)
[robosuite WARNING] The config has defined for the controller "base", but the robot does not have this component. Skipping, but make sure this is intended.Removing the controller config for base from self.part_controller_config. (robot.py:151)
[robosuite WARNING] The config has defined for the controller "legs", but the robot does not have this component. Skipping, but make sure this is intended.Removing the controller config for legs from self.part_controller_config. (robot.py:151)
[robosuite INFO] Loading controller configuration from: /home/lph/.conda/envs/lph/lib/python3.10/site-packages/robosuite/controllers/config/default/composite/basic.json (composite_controller_factory.py:121)
[robosuite WARNING] The config has defined for the controller "left", but the robot does not have this component. Skipping, but make sure this is intended.Removing the controller config for left from self.part_controller_config. (robot.py:151)
[robosuite WARNING] The config has defined for the controller "torso", but the robot does not have this component. Skipping, but make sure this is intended.Removing the controller config for torso from self.part_controller_config. (robot.py:151)
[robosuite WARNING] The config has defined for the controller "head", but the robot does not have this component. Skipping, but make sure this is intended.Removing the controller config for head from self.part_controller_config. (robot.py:151)
[robosuite WARNING] The config has defined for the controller "base", but the robot does not have this component. Skipping, but make sure this is intended.Removing the controller config for base from self.part_controller_config. (robot.py:151)
[robosuite WARNING] The config has defined for the controller "legs", but the robot does not have this component. Skipping, but make sure this is intended.Removing the controller config for legs from self.part_controller_config. (robot.py:151)
[robosuite WARNING] The config has defined for the controller "left", but the robot does not have this component. Skipping, but make sure this is intended.Removing the controller config for left from self.part_controller_config. (robot.py:151)
[robosuite WARNING] The config has defined for the controller "torso", but the robot does not have this component. Skipping, but make sure this is intended.Removing the controller config for torso from self.part_controller_config. (robot.py:151)
[robosuite WARNING] The config has defined for the controller "head", but the robot does not have this component. Skipping, but make sure this is intended.Removing the controller config for head from self.part_controller_config. (robot.py:151)
[robosuite WARNING] The config has defined for the controller "base", but the robot does not have this component. Skipping, but make sure this is intended.Removing the controller config for base from self.part_controller_config. (robot.py:151)
[robosuite WARNING] The config has defined for the controller "legs", but the robot does not have this component. Skipping, but make sure this is intended.Removing the controller config for legs from self.part_controller_config. (robot.py:151)
[robosuite INFO] Loading controller configuration from: /home/lph/.conda/envs/lph/lib/python3.10/site-packages/robosuite/controllers/config/default/composite/basic.json (composite_controller_factory.py:121)
[robosuite WARNING] The config has defined for the controller "left", but the robot does not have this component. Skipping, but make sure this is intended.Removing the controller config for left from self.part_controller_config. (robot.py:151)
[robosuite WARNING] The config has defined for the controller "torso", but the robot does not have this component. Skipping, but make sure this is intended.Removing the controller config for torso from self.part_controller_config. (robot.py:151)
[robosuite WARNING] The config has defined for the controller "head", but the robot does not have this component. Skipping, but make sure this is intended.Removing the controller config for head from self.part_controller_config. (robot.py:151)
[robosuite WARNING] The config has defined for the controller "base", but the robot does not have this component. Skipping, but make sure this is intended.Removing the controller config for base from self.part_controller_config. (robot.py:151)
[robosuite WARNING] The config has defined for the controller "legs", but the robot does not have this component. Skipping, but make sure this is intended.Removing the controller config for legs from self.part_controller_config. (robot.py:151)
[robosuite WARNING] The config has defined for the controller "left", but the robot does not have this component. Skipping, but make sure this is intended.Removing the controller config for left from self.part_controller_config. (robot.py:151)
[robosuite WARNING] The config has defined for the controller "torso", but the robot does not have this component. Skipping, but make sure this is intended.Removing the controller config for torso from self.part_controller_config. (robot.py:151)
[robosuite WARNING] The config has defined for the controller "head", but the robot does not have this component. Skipping, but make sure this is intended.Removing the controller config for head from self.part_controller_config. (robot.py:151)
[robosuite WARNING] The config has defined for the controller "base", but the robot does not have this component. Skipping, but make sure this is intended.Removing the controller config for base from self.part_controller_config. (robot.py:151)
[robosuite WARNING] The config has defined for the controller "legs", but the robot does not have this component. Skipping, but make sure this is intended.Removing the controller config for legs from self.part_controller_config. (robot.py:151)
[robosuite INFO] Loading controller configuration from: /home/lph/.conda/envs/lph/lib/python3.10/site-packages/robosuite/controllers/config/default/composite/basic.json (composite_controller_factory.py:121)
[robosuite WARNING] The config has defined for the controller "left", but the robot does not have this component. Skipping, but make sure this is intended.Removing the controller config for left from self.part_controller_config. (robot.py:151)
[robosuite WARNING] The config has defined for the controller "torso", but the robot does not have this component. Skipping, but make sure this is intended.Removing the controller config for torso from self.part_controller_config. (robot.py:151)
[robosuite WARNING] The config has defined for the controller "head", but the robot does not have this component. Skipping, but make sure this is intended.Removing the controller config for head from self.part_controller_config. (robot.py:151)
[robosuite WARNING] The config has defined for the controller "base", but the robot does not have this component. Skipping, but make sure this is intended.Removing the controller config for base from self.part_controller_config. (robot.py:151)
[robosuite WARNING] The config has defined for the controller "legs", but the robot does not have this component. Skipping, but make sure this is intended.Removing the controller config for legs from self.part_controller_config. (robot.py:151)
[robosuite WARNING] The config has defined for the controller "left", but the robot does not have this component. Skipping, but make sure this is intended.Removing the controller config for left from self.part_controller_config. (robot.py:151)
[robosuite WARNING] The config has defined for the controller "torso", but the robot does not have this component. Skipping, but make sure this is intended.Removing the controller config for torso from self.part_controller_config. (robot.py:151)
[robosuite WARNING] The config has defined for the controller "head", but the robot does not have this component. Skipping, but make sure this is intended.Removing the controller config for head from self.part_controller_config. (robot.py:151)
[robosuite WARNING] The config has defined for the controller "base", but the robot does not have this component. Skipping, but make sure this is intended.Removing the controller config for base from self.part_controller_config. (robot.py:151)
[robosuite WARNING] The config has defined for the controller "legs", but the robot does not have this component. Skipping, but make sure this is intended.Removing the controller config for legs from self.part_controller_config. (robot.py:151)
[robosuite INFO] Loading controller configuration from: /home/lph/.conda/envs/lph/lib/python3.10/site-packages/robosuite/controllers/config/default/composite/basic.json (composite_controller_factory.py:121)
[robosuite WARNING] The config has defined for the controller "left", but the robot does not have this component. Skipping, but make sure this is intended.Removing the controller config for left from self.part_controller_config. (robot.py:151)
[robosuite WARNING] The config has defined for the controller "torso", but the robot does not have this component. Skipping, but make sure this is intended.Removing the controller config for torso from self.part_controller_config. (robot.py:151)
[robosuite WARNING] The config has defined for the controller "head", but the robot does not have this component. Skipping, but make sure this is intended.Removing the controller config for head from self.part_controller_config. (robot.py:151)
[robosuite WARNING] The config has defined for the controller "base", but the robot does not have this component. Skipping, but make sure this is intended.Removing the controller config for base from self.part_controller_config. (robot.py:151)
[robosuite WARNING] The config has defined for the controller "legs", but the robot does not have this component. Skipping, but make sure this is intended.Removing the controller config for legs from self.part_controller_config. (robot.py:151)
[robosuite WARNING] The config has defined for the controller "left", but the robot does not have this component. Skipping, but make sure this is intended.Removing the controller config for left from self.part_controller_config. (robot.py:151)
[robosuite WARNING] The config has defined for the controller "torso", but the robot does not have this component. Skipping, but make sure this is intended.Removing the controller config for torso from self.part_controller_config. (robot.py:151)
[robosuite WARNING] The config has defined for the controller "head", but the robot does not have this component. Skipping, but make sure this is intended.Removing the controller config for head from self.part_controller_config. (robot.py:151)
[robosuite WARNING] The config has defined for the controller "base", but the robot does not have this component. Skipping, but make sure this is intended.Removing the controller config for base from self.part_controller_config. (robot.py:151)
[robosuite WARNING] The config has defined for the controller "legs", but the robot does not have this component. Skipping, but make sure this is intended.Removing the controller config for legs from self.part_controller_config. (robot.py:151)
[robosuite INFO] Loading controller configuration from: /home/lph/.conda/envs/lph/lib/python3.10/site-packages/robosuite/controllers/config/default/composite/basic.json (composite_controller_factory.py:121)
[robosuite WARNING] The config has defined for the controller "left", but the robot does not have this component. Skipping, but make sure this is intended.Removing the controller config for left from self.part_controller_config. (robot.py:151)
[robosuite WARNING] The config has defined for the controller "torso", but the robot does not have this component. Skipping, but make sure this is intended.Removing the controller config for torso from self.part_controller_config. (robot.py:151)
[robosuite WARNING] The config has defined for the controller "head", but the robot does not have this component. Skipping, but make sure this is intended.Removing the controller config for head from self.part_controller_config. (robot.py:151)
[robosuite WARNING] The config has defined for the controller "base", but the robot does not have this component. Skipping, but make sure this is intended.Removing the controller config for base from self.part_controller_config. (robot.py:151)
[robosuite WARNING] The config has defined for the controller "legs", but the robot does not have this component. Skipping, but make sure this is intended.Removing the controller config for legs from self.part_controller_config. (robot.py:151)
[robosuite WARNING] The config has defined for the controller "left", but the robot does not have this component. Skipping, but make sure this is intended.Removing the controller config for left from self.part_controller_config. (robot.py:151)
[robosuite WARNING] The config has defined for the controller "torso", but the robot does not have this component. Skipping, but make sure this is intended.Removing the controller config for torso from self.part_controller_config. (robot.py:151)
[robosuite WARNING] The config has defined for the controller "head", but the robot does not have this component. Skipping, but make sure this is intended.Removing the controller config for head from self.part_controller_config. (robot.py:151)
[robosuite WARNING] The config has defined for the controller "base", but the robot does not have this component. Skipping, but make sure this is intended.Removing the controller config for base from self.part_controller_config. (robot.py:151)
[robosuite WARNING] The config has defined for the controller "legs", but the robot does not have this component. Skipping, but make sure this is intended.Removing the controller config for legs from self.part_controller_config. (robot.py:151)
[robosuite INFO] Loading controller configuration from: /home/lph/.conda/envs/lph/lib/python3.10/site-packages/robosuite/controllers/config/default/composite/basic.json (composite_controller_factory.py:121)
[robosuite WARNING] The config has defined for the controller "left", but the robot does not have this component. Skipping, but make sure this is intended.Removing the controller config for left from self.part_controller_config. (robot.py:151)
[robosuite WARNING] The config has defined for the controller "torso", but the robot does not have this component. Skipping, but make sure this is intended.Removing the controller config for torso from self.part_controller_config. (robot.py:151)
[robosuite WARNING] The config has defined for the controller "head", but the robot does not have this component. Skipping, but make sure this is intended.Removing the controller config for head from self.part_controller_config. (robot.py:151)
[robosuite WARNING] The config has defined for the controller "base", but the robot does not have this component. Skipping, but make sure this is intended.Removing the controller config for base from self.part_controller_config. (robot.py:151)
[robosuite WARNING] The config has defined for the controller "legs", but the robot does not have this component. Skipping, but make sure this is intended.Removing the controller config for legs from self.part_controller_config. (robot.py:151)
[robosuite WARNING] The config has defined for the controller "left", but the robot does not have this component. Skipping, but make sure this is intended.Removing the controller config for left from self.part_controller_config. (robot.py:151)
[robosuite WARNING] The config has defined for the controller "torso", but the robot does not have this component. Skipping, but make sure this is intended.Removing the controller config for torso from self.part_controller_config. (robot.py:151)
[robosuite WARNING] The config has defined for the controller "head", but the robot does not have this component. Skipping, but make sure this is intended.Removing the controller config for head from self.part_controller_config. (robot.py:151)
[robosuite WARNING] The config has defined for the controller "base", but the robot does not have this component. Skipping, but make sure this is intended.Removing the controller config for base from self.part_controller_config. (robot.py:151)
[robosuite WARNING] The config has defined for the controller "legs", but the robot does not have this component. Skipping, but make sure this is intended.Removing the controller config for legs from self.part_controller_config. (robot.py:151)
[robosuite INFO] Loading controller configuration from: /home/lph/.conda/envs/lph/lib/python3.10/site-packages/robosuite/controllers/config/default/composite/basic.json (composite_controller_factory.py:121)
[robosuite WARNING] The config has defined for the controller "left", but the robot does not have this component. Skipping, but make sure this is intended.Removing the controller config for left from self.part_controller_config. (robot.py:151)
[robosuite WARNING] The config has defined for the controller "torso", but the robot does not have this component. Skipping, but make sure this is intended.Removing the controller config for torso from self.part_controller_config. (robot.py:151)
[robosuite WARNING] The config has defined for the controller "head", but the robot does not have this component. Skipping, but make sure this is intended.Removing the controller config for head from self.part_controller_config. (robot.py:151)
[robosuite WARNING] The config has defined for the controller "base", but the robot does not have this component. Skipping, but make sure this is intended.Removing the controller config for base from self.part_controller_config. (robot.py:151)
[robosuite WARNING] The config has defined for the controller "legs", but the robot does not have this component. Skipping, but make sure this is intended.Removing the controller config for legs from self.part_controller_config. (robot.py:151)
[robosuite WARNING] The config has defined for the controller "left", but the robot does not have this component. Skipping, but make sure this is intended.Removing the controller config for left from self.part_controller_config. (robot.py:151)
[robosuite WARNING] The config has defined for the controller "torso", but the robot does not have this component. Skipping, but make sure this is intended.Removing the controller config for torso from self.part_controller_config. (robot.py:151)
[robosuite WARNING] The config has defined for the controller "head", but the robot does not have this component. Skipping, but make sure this is intended.Removing the controller config for head from self.part_controller_config. (robot.py:151)
[robosuite WARNING] The config has defined for the controller "base", but the robot does not have this component. Skipping, but make sure this is intended.Removing the controller config for base from self.part_controller_config. (robot.py:151)
[robosuite WARNING] The config has defined for the controller "legs", but the robot does not have this component. Skipping, but make sure this is intended.Removing the controller config for legs from self.part_controller_config. (robot.py:151)
[robosuite INFO] Loading controller configuration from: /home/lph/.conda/envs/lph/lib/python3.10/site-packages/robosuite/controllers/config/default/composite/basic.json (composite_controller_factory.py:121)
[robosuite WARNING] The config has defined for the controller "left", but the robot does not have this component. Skipping, but make sure this is intended.Removing the controller config for left from self.part_controller_config. (robot.py:151)
[robosuite WARNING] The config has defined for the controller "torso", but the robot does not have this component. Skipping, but make sure this is intended.Removing the controller config for torso from self.part_controller_config. (robot.py:151)
[robosuite WARNING] The config has defined for the controller "head", but the robot does not have this component. Skipping, but make sure this is intended.Removing the controller config for head from self.part_controller_config. (robot.py:151)
[robosuite WARNING] The config has defined for the controller "base", but the robot does not have this component. Skipping, but make sure this is intended.Removing the controller config for base from self.part_controller_config. (robot.py:151)
[robosuite WARNING] The config has defined for the controller "legs", but the robot does not have this component. Skipping, but make sure this is intended.Removing the controller config for legs from self.part_controller_config. (robot.py:151)
[robosuite WARNING] The config has defined for the controller "left", but the robot does not have this component. Skipping, but make sure this is intended.Removing the controller config for left from self.part_controller_config. (robot.py:151)
[robosuite WARNING] The config has defined for the controller "torso", but the robot does not have this component. Skipping, but make sure this is intended.Removing the controller config for torso from self.part_controller_config. (robot.py:151)
[robosuite WARNING] The config has defined for the controller "head", but the robot does not have this component. Skipping, but make sure this is intended.Removing the controller config for head from self.part_controller_config. (robot.py:151)
[robosuite WARNING] The config has defined for the controller "base", but the robot does not have this component. Skipping, but make sure this is intended.Removing the controller config for base from self.part_controller_config. (robot.py:151)
[robosuite WARNING] The config has defined for the controller "legs", but the robot does not have this component. Skipping, but make sure this is intended.Removing the controller config for legs from self.part_controller_config. (robot.py:151)
[robosuite INFO] Loading controller configuration from: /home/lph/.conda/envs/lph/lib/python3.10/site-packages/robosuite/controllers/config/default/composite/basic.json (composite_controller_factory.py:121)
[robosuite WARNING] The config has defined for the controller "left", but the robot does not have this component. Skipping, but make sure this is intended.Removing the controller config for left from self.part_controller_config. (robot.py:151)
[robosuite WARNING] The config has defined for the controller "torso", but the robot does not have this component. Skipping, but make sure this is intended.Removing the controller config for torso from self.part_controller_config. (robot.py:151)
[robosuite WARNING] The config has defined for the controller "head", but the robot does not have this component. Skipping, but make sure this is intended.Removing the controller config for head from self.part_controller_config. (robot.py:151)
[robosuite WARNING] The config has defined for the controller "base", but the robot does not have this component. Skipping, but make sure this is intended.Removing the controller config for base from self.part_controller_config. (robot.py:151)
[robosuite WARNING] The config has defined for the controller "legs", but the robot does not have this component. Skipping, but make sure this is intended.Removing the controller config for legs from self.part_controller_config. (robot.py:151)
[robosuite WARNING] The config has defined for the controller "left", but the robot does not have this component. Skipping, but make sure this is intended.Removing the controller config for left from self.part_controller_config. (robot.py:151)
[robosuite WARNING] The config has defined for the controller "torso", but the robot does not have this component. Skipping, but make sure this is intended.Removing the controller config for torso from self.part_controller_config. (robot.py:151)
[robosuite WARNING] The config has defined for the controller "head", but the robot does not have this component. Skipping, but make sure this is intended.Removing the controller config for head from self.part_controller_config. (robot.py:151)
[robosuite WARNING] The config has defined for the controller "base", but the robot does not have this component. Skipping, but make sure this is intended.Removing the controller config for base from self.part_controller_config. (robot.py:151)
[robosuite WARNING] The config has defined for the controller "legs", but the robot does not have this component. Skipping, but make sure this is intended.Removing the controller config for legs from self.part_controller_config. (robot.py:151)
[robosuite INFO] Loading controller configuration from: /home/lph/.conda/envs/lph/lib/python3.10/site-packages/robosuite/controllers/config/default/composite/basic.json (composite_controller_factory.py:121)
[robosuite WARNING] The config has defined for the controller "left", but the robot does not have this component. Skipping, but make sure this is intended.Removing the controller config for left from self.part_controller_config. (robot.py:151)
[robosuite WARNING] The config has defined for the controller "torso", but the robot does not have this component. Skipping, but make sure this is intended.Removing the controller config for torso from self.part_controller_config. (robot.py:151)
[robosuite WARNING] The config has defined for the controller "head", but the robot does not have this component. Skipping, but make sure this is intended.Removing the controller config for head from self.part_controller_config. (robot.py:151)
[robosuite WARNING] The config has defined for the controller "base", but the robot does not have this component. Skipping, but make sure this is intended.Removing the controller config for base from self.part_controller_config. (robot.py:151)
[robosuite WARNING] The config has defined for the controller "legs", but the robot does not have this component. Skipping, but make sure this is intended.Removing the controller config for legs from self.part_controller_config. (robot.py:151)
[robosuite WARNING] The config has defined for the controller "left", but the robot does not have this component. Skipping, but make sure this is intended.Removing the controller config for left from self.part_controller_config. (robot.py:151)
[robosuite WARNING] The config has defined for the controller "torso", but the robot does not have this component. Skipping, but make sure this is intended.Removing the controller config for torso from self.part_controller_config. (robot.py:151)
[robosuite WARNING] The config has defined for the controller "head", but the robot does not have this component. Skipping, but make sure this is intended.Removing the controller config for head from self.part_controller_config. (robot.py:151)
[robosuite WARNING] The config has defined for the controller "base", but the robot does not have this component. Skipping, but make sure this is intended.Removing the controller config for base from self.part_controller_config. (robot.py:151)
[robosuite WARNING] The config has defined for the controller "legs", but the robot does not have this component. Skipping, but make sure this is intended.Removing the controller config for legs from self.part_controller_config. (robot.py:151)
[robosuite INFO] Loading controller configuration from: /home/lph/.conda/envs/lph/lib/python3.10/site-packages/robosuite/controllers/config/default/composite/basic.json (composite_controller_factory.py:121)
[robosuite WARNING] The config has defined for the controller "left", but the robot does not have this component. Skipping, but make sure this is intended.Removing the controller config for left from self.part_controller_config. (robot.py:151)
[robosuite WARNING] The config has defined for the controller "torso", but the robot does not have this component. Skipping, but make sure this is intended.Removing the controller config for torso from self.part_controller_config. (robot.py:151)
[robosuite WARNING] The config has defined for the controller "head", but the robot does not have this component. Skipping, but make sure this is intended.Removing the controller config for head from self.part_controller_config. (robot.py:151)
[robosuite WARNING] The config has defined for the controller "base", but the robot does not have this component. Skipping, but make sure this is intended.Removing the controller config for base from self.part_controller_config. (robot.py:151)
[robosuite WARNING] The config has defined for the controller "legs", but the robot does not have this component. Skipping, but make sure this is intended.Removing the controller config for legs from self.part_controller_config. (robot.py:151)
[robosuite WARNING] The config has defined for the controller "left", but the robot does not have this component. Skipping, but make sure this is intended.Removing the controller config for left from self.part_controller_config. (robot.py:151)
[robosuite WARNING] The config has defined for the controller "torso", but the robot does not have this component. Skipping, but make sure this is intended.Removing the controller config for torso from self.part_controller_config. (robot.py:151)
[robosuite WARNING] The config has defined for the controller "head", but the robot does not have this component. Skipping, but make sure this is intended.Removing the controller config for head from self.part_controller_config. (robot.py:151)
[robosuite WARNING] The config has defined for the controller "base", but the robot does not have this component. Skipping, but make sure this is intended.Removing the controller config for base from self.part_controller_config. (robot.py:151)
[robosuite WARNING] The config has defined for the controller "legs", but the robot does not have this component. Skipping, but make sure this is intended.Removing the controller config for legs from self.part_controller_config. (robot.py:151)
[robosuite INFO] Loading controller configuration from: /home/lph/.conda/envs/lph/lib/python3.10/site-packages/robosuite/controllers/config/default/composite/basic.json (composite_controller_factory.py:121)
[robosuite WARNING] The config has defined for the controller "left", but the robot does not have this component. Skipping, but make sure this is intended.Removing the controller config for left from self.part_controller_config. (robot.py:151)
[robosuite WARNING] The config has defined for the controller "torso", but the robot does not have this component. Skipping, but make sure this is intended.Removing the controller config for torso from self.part_controller_config. (robot.py:151)
[robosuite WARNING] The config has defined for the controller "head", but the robot does not have this component. Skipping, but make sure this is intended.Removing the controller config for head from self.part_controller_config. (robot.py:151)
[robosuite WARNING] The config has defined for the controller "base", but the robot does not have this component. Skipping, but make sure this is intended.Removing the controller config for base from self.part_controller_config. (robot.py:151)
[robosuite WARNING] The config has defined for the controller "legs", but the robot does not have this component. Skipping, but make sure this is intended.Removing the controller config for legs from self.part_controller_config. (robot.py:151)
[robosuite WARNING] The config has defined for the controller "left", but the robot does not have this component. Skipping, but make sure this is intended.Removing the controller config for left from self.part_controller_config. (robot.py:151)
[robosuite WARNING] The config has defined for the controller "torso", but the robot does not have this component. Skipping, but make sure this is intended.Removing the controller config for torso from self.part_controller_config. (robot.py:151)
[robosuite WARNING] The config has defined for the controller "head", but the robot does not have this component. Skipping, but make sure this is intended.Removing the controller config for head from self.part_controller_config. (robot.py:151)
[robosuite WARNING] The config has defined for the controller "base", but the robot does not have this component. Skipping, but make sure this is intended.Removing the controller config for base from self.part_controller_config. (robot.py:151)
[robosuite WARNING] The config has defined for the controller "legs", but the robot does not have this component. Skipping, but make sure this is intended.Removing the controller config for legs from self.part_controller_config. (robot.py:151)
[robosuite INFO] Loading controller configuration from: /home/lph/.conda/envs/lph/lib/python3.10/site-packages/robosuite/controllers/config/default/composite/basic.json (composite_controller_factory.py:121)
[robosuite WARNING] The config has defined for the controller "left", but the robot does not have this component. Skipping, but make sure this is intended.Removing the controller config for left from self.part_controller_config. (robot.py:151)
[robosuite WARNING] The config has defined for the controller "torso", but the robot does not have this component. Skipping, but make sure this is intended.Removing the controller config for torso from self.part_controller_config. (robot.py:151)
[robosuite WARNING] The config has defined for the controller "head", but the robot does not have this component. Skipping, but make sure this is intended.Removing the controller config for head from self.part_controller_config. (robot.py:151)
[robosuite WARNING] The config has defined for the controller "base", but the robot does not have this component. Skipping, but make sure this is intended.Removing the controller config for base from self.part_controller_config. (robot.py:151)
[robosuite WARNING] The config has defined for the controller "legs", but the robot does not have this component. Skipping, but make sure this is intended.Removing the controller config for legs from self.part_controller_config. (robot.py:151)
[robosuite WARNING] The config has defined for the controller "left", but the robot does not have this component. Skipping, but make sure this is intended.Removing the controller config for left from self.part_controller_config. (robot.py:151)
[robosuite WARNING] The config has defined for the controller "torso", but the robot does not have this component. Skipping, but make sure this is intended.Removing the controller config for torso from self.part_controller_config. (robot.py:151)
[robosuite WARNING] The config has defined for the controller "head", but the robot does not have this component. Skipping, but make sure this is intended.Removing the controller config for head from self.part_controller_config. (robot.py:151)
[robosuite WARNING] The config has defined for the controller "base", but the robot does not have this component. Skipping, but make sure this is intended.Removing the controller config for base from self.part_controller_config. (robot.py:151)
[robosuite WARNING] The config has defined for the controller "legs", but the robot does not have this component. Skipping, but make sure this is intended.Removing the controller config for legs from self.part_controller_config. (robot.py:151)
pygame 2.5.2 (SDL 2.28.2, Python 3.10.4)
Hello from the pygame community. https://www.pygame.org/contribute.html
episode=0 reward=13.713 success=True grasped=True decisions=111 teacher=111 epsilon=0.700
episode=1 reward=13.686 success=True grasped=True decisions=111 teacher=111 epsilon=0.644
episode=2 reward=13.669 success=True grasped=True decisions=111 teacher=111 epsilon=0.592
episode=3 reward=1.944 success=False grasped=True decisions=240 teacher=240 epsilon=0.545
episode=4 reward=4.473 success=False grasped=True decisions=240 teacher=240 epsilon=0.501
episode=5 reward=13.747 success=True grasped=True decisions=111 teacher=111 epsilon=0.461
episode=6 reward=4.999 success=False grasped=True decisions=240 teacher=240 epsilon=0.424
episode=7 reward=13.676 success=True grasped=True decisions=112 teacher=112 epsilon=0.390
episode=8 reward=1.423 success=False grasped=True decisions=240 teacher=240 epsilon=0.359
episode=9 reward=13.665 success=True grasped=True decisions=111 teacher=111 epsilon=0.331
episode=10 reward=13.737 success=True grasped=True decisions=110 teacher=110 epsilon=0.304
episode=11 reward=13.698 success=True grasped=True decisions=111 teacher=111 epsilon=0.280
episode=12 reward=13.677 success=True grasped=True decisions=111 teacher=111 epsilon=0.257
episode=13 reward=13.702 success=True grasped=True decisions=111 teacher=111 epsilon=0.237
episode=14 reward=13.741 success=True grasped=True decisions=109 teacher=109 epsilon=0.218
episode=15 reward=13.684 success=True grasped=True decisions=111 teacher=111 epsilon=0.200
episode=16 reward=13.736 success=True grasped=True decisions=109 teacher=109 epsilon=0.184
episode=17 reward=2.123 success=False grasped=True decisions=240 teacher=240 epsilon=0.170
episode=18 reward=13.675 success=True grasped=True decisions=111 teacher=111 epsilon=0.156
episode=19 reward=13.737 success=True grasped=True decisions=109 teacher=109 epsilon=0.144
episode=20 reward=11.769 success=True grasped=True decisions=204 teacher=0 epsilon=0.000
episode=21 reward=-4.912 success=False grasped=False decisions=240 teacher=0 epsilon=0.000
episode=22 reward=-4.608 success=False grasped=False decisions=240 teacher=0 epsilon=0.000
episode=23 reward=10.788 success=True grasped=True decisions=217 teacher=0 epsilon=0.000
episode=24 reward=-7.102 success=False grasped=False decisions=240 teacher=0 epsilon=0.000
episode=25 reward=-5.542 success=False grasped=False decisions=240 teacher=0 epsilon=0.000
episode=26 reward=11.761 success=True grasped=True decisions=164 teacher=0 epsilon=0.000
episode=27 reward=-3.238 success=False grasped=False decisions=240 teacher=0 epsilon=0.000
episode=28 reward=10.989 success=True grasped=True decisions=179 teacher=0 epsilon=0.000
episode=29 reward=10.169 success=True grasped=True decisions=198 teacher=0 epsilon=0.000
episode=30 reward=-0.336 success=False grasped=True decisions=240 teacher=0 epsilon=0.000
episode=31 reward=12.217 success=True grasped=True decisions=152 teacher=0 epsilon=0.000
episode=32 reward=10.408 success=True grasped=True decisions=237 teacher=0 epsilon=0.000
episode=33 reward=-0.792 success=False grasped=True decisions=240 teacher=0 epsilon=0.000
episode=34 reward=-4.059 success=False grasped=False decisions=240 teacher=0 epsilon=0.000
episode=35 reward=12.172 success=True grasped=True decisions=158 teacher=0 epsilon=0.000
episode=36 reward=10.965 success=True grasped=True decisions=188 teacher=0 epsilon=0.000
episode=37 reward=-5.342 success=False grasped=False decisions=240 teacher=0 epsilon=0.000
episode=38 reward=12.424 success=True grasped=True decisions=143 teacher=0 epsilon=0.000
episode=39 reward=11.053 success=True grasped=True decisions=193 teacher=0 epsilon=0.000
episode=40 reward=-3.041 success=False grasped=False decisions=240 teacher=0 epsilon=0.000
episode=41 reward=12.343 success=True grasped=True decisions=149 teacher=0 epsilon=0.000
episode=42 reward=-5.281 success=False grasped=False decisions=240 teacher=0 epsilon=0.000
episode=43 reward=-3.591 success=False grasped=False decisions=240 teacher=0 epsilon=0.000
episode=44 reward=3.913 success=False grasped=True decisions=240 teacher=0 epsilon=0.000
episode=45 reward=-1.108 success=False grasped=True decisions=240 teacher=0 epsilon=0.000
episode=46 reward=-0.983 success=False grasped=True decisions=240 teacher=0 epsilon=0.000
episode=47 reward=11.115 success=True grasped=True decisions=229 teacher=0 epsilon=0.000
episode=48 reward=-2.854 success=False grasped=False decisions=240 teacher=0 epsilon=0.000
episode=49 reward=12.293 success=True grasped=True decisions=153 teacher=0 epsilon=0.000
episode=50 reward=0.326 success=False grasped=True decisions=240 teacher=0 epsilon=0.000
episode=51 reward=-1.016 success=False grasped=True decisions=240 teacher=0 epsilon=0.000
episode=52 reward=-4.098 success=False grasped=False decisions=240 teacher=0 epsilon=0.000
episode=53 reward=-2.413 success=False grasped=False decisions=240 teacher=0 epsilon=0.000
episode=54 reward=11.589 success=True grasped=True decisions=150 teacher=0 epsilon=0.000
episode=55 reward=-0.116 success=False grasped=True decisions=240 teacher=0 epsilon=0.000
episode=56 reward=12.512 success=True grasped=True decisions=145 teacher=0 epsilon=0.000
episode=57 reward=12.521 success=True grasped=True decisions=146 teacher=0 epsilon=0.000
episode=58 reward=12.130 success=True grasped=True decisions=158 teacher=0 epsilon=0.000
episode=59 reward=0.572 success=False grasped=True decisions=240 teacher=0 epsilon=0.000
episode=60 reward=12.398 success=True grasped=True decisions=151 teacher=0 epsilon=0.000
episode=61 reward=11.666 success=True grasped=True decisions=168 teacher=0 epsilon=0.000
episode=62 reward=10.583 success=True grasped=True decisions=199 teacher=0 epsilon=0.000
episode=63 reward=11.968 success=True grasped=True decisions=140 teacher=0 epsilon=0.000
episode=64 reward=12.614 success=True grasped=True decisions=175 teacher=0 epsilon=0.000
episode=65 reward=11.865 success=True grasped=True decisions=143 teacher=0 epsilon=0.000
episode=66 reward=11.122 success=True grasped=True decisions=233 teacher=0 epsilon=0.000
episode=67 reward=-7.879 success=False grasped=False decisions=240 teacher=0 epsilon=0.000
episode=68 reward=11.450 success=True grasped=True decisions=155 teacher=0 epsilon=0.000
episode=69 reward=9.605 success=True grasped=True decisions=224 teacher=0 epsilon=0.000
summary: {
  "mean_learning_return": 6.707071473092728,
  "sparse_success_rate": 0.6,
  "grasp_any_rate": 0.8,
  "mean_decisions": 187.57142857142858,
  "teacher_assisted_success_rate": 0.75,
  "clone_policy_memory": {
    "labeled_states": 20,
    "conflicting_states": 0
  },
  "clone_mlp": {
    "samples": 2859,
    "train_loss": NaN,
    "train_accuracy": NaN
  },
  "clone_gru": {
    "episodes": 20,
    "samples": 2859,
    "train_loss": NaN,
    "train_accuracy": NaN
  },
  "full_communication_traffic": {
    "rank": {
      "stn_gpe": 1,
      "stn_gpi": 1,
      "gpe_stn": 1
    },
    "mode": "all_cross_core",
    "fitted": true,
    "links": {
      "stn_gpe": {
        "source_dim": 2,
        "target_dim": 8,
        "rank": 1,
        "retained_variance": 1.0,
        "fitted": true,
        "transport": {
          "observed_samples": 36862,
          "observed_source_logical_events": 44893,
          "full_fallback_samples": 63,
          "full_fallback_source_logical_events": 82,
          "latent_samples": 36799,
          "latent_active_rank": 1,
          "continuous_latent_scalar_values": 36799,
          "last_refit_status": "fitted",
          "online_prediction_samples": 36799,
          "online_prediction_ev": 0.9999999999999775,
          "online_prediction_nrmse": 1.5025772403408556e-07,
          "online_prediction_peak_absolute_error": 2.0265579223632812e-06
        }
      },
      "stn_gpi": {
        "source_dim": 2,
        "target_dim": 8,
        "rank": 1,
        "retained_variance": 1.0,
        "fitted": true,
        "transport": {
          "observed_samples": 36862,
          "observed_source_logical_events": 44893,
          "full_fallback_samples": 63,
          "full_fallback_source_logical_events": 82,
          "latent_samples": 36799,
          "latent_active_rank": 1,
          "continuous_latent_scalar_values": 36799,
          "last_refit_status": "fitted",
          "online_prediction_samples": 36799,
          "online_prediction_ev": 0.9999999999999775,
          "online_prediction_nrmse": 1.5025772403408556e-07,
          "online_prediction_peak_absolute_error": 2.0265579223632812e-06
        }
      },
      "gpe_stn": {
        "source_dim": 8,
        "target_dim": 2,
        "rank": 1,
        "retained_variance": 1.0,
        "fitted": true,
        "transport": {
          "observed_samples": 36862,
          "observed_source_logical_events": 62747,
          "full_fallback_samples": 63,
          "full_fallback_source_logical_events": 111,
          "latent_samples": 36799,
          "latent_active_rank": 1,
          "continuous_latent_scalar_values": 36799,
          "last_refit_status": "fitted",
          "online_prediction_samples": 36799,
          "online_prediction_ev": 0.9999999999999476,
          "online_prediction_nrmse": 2.2880017014699457e-07,
          "online_prediction_peak_absolute_error": 1.3113021850585938e-06
        }
      }
    }
  },
  "communication_refit_count": 8529,
  "coverage_audit": {
    "continuous_distance_threshold_m": 0.006,
    "teacher_labeled_state_count": 20,
    "teacher_conflicting_state_count": 0,
    "teacher_mean_label_entropy_bits": 0.0,
    "student_during_curriculum": {
      "decisions": 1180,
      "state_out_of_demo_rate": 0.0,
      "continuous_out_of_demo_rate": 0.0,
      "both_out_of_demo_rate": 0.0,
      "mean_nearest_teacher_distance_m": 0.0,
      "network_teacher_agreement_rate": 0.8533898305084746,
      "executed_teacher_agreement_rate": 1.0,
      "option_decisions": {
        "align": 1180,
        "descend": 0,
        "close": 0,
        "lift": 0,
        "recover": 0
      }
    },
    "student_dagger_against_initial_teacher": {
      "decisions": 0
    },
    "student_evaluation": {
      "decisions": 7368,
      "state_out_of_demo_rate": 0.2244842562432139,
      "continuous_out_of_demo_rate": 0.4767915309446254,
      "both_out_of_demo_rate": 0.22421281216069489,
      "mean_nearest_teacher_distance_m": 0.013749300861484496,
      "network_teacher_agreement_rate": 0.5924267100977199,
      "executed_teacher_agreement_rate": 0.5924267100977199,
      "option_decisions": {
        "align": 7368,
        "descend": 0,
        "close": 0,
        "lift": 0,
        "recover": 0
      }
    },
    "student_deployment": {
      "decisions": 7368,
      "state_out_of_demo_rate": 0.2244842562432139,
      "continuous_out_of_demo_rate": 0.4767915309446254,
      "both_out_of_demo_rate": 0.22421281216069489,
      "mean_nearest_teacher_distance_m": 0.013749300861484496,
      "network_teacher_agreement_rate": 0.5924267100977199,
      "executed_teacher_agreement_rate": 0.5924267100977199,
      "option_decisions": {
        "align": 7368,
        "descend": 0,
        "close": 0,
        "lift": 0,
        "recover": 0
      }
    },
    "per_option_xy_error_histograms": {
      "align": {
        "teacher_count": 1180,
        "deployment_count": 7368,
        "xy_error_histogram_teacher": [
          [
            0.0,
            0.0,
            0.0,
            0.0,
            0.0,
            0.0,
            0.0,
            0.0
          ],
          [
            0.0,
            0.0,
            0.0,
            0.0,
            5.0,
            0.0,
            0.0,
            0.0
          ],
          [
            0.0,
            0.0,
            0.0,
            0.0,
            7.0,
            0.0,
            0.0,
            0.0
          ],
          [
            0.0,
            0.0,
            0.0,
            118.0,
            140.0,
            3.0,
            0.0,
            0.0
          ],
          [
            0.0,
            0.0,
            0.0,
            6.0,
            161.0,
            0.0,
            0.0,
            0.0
          ],
          [
            0.0,
            0.0,
            0.0,
            0.0,
            120.0,
            0.0,
            0.0,
            0.0
          ],
          [
            0.0,
            0.0,
            0.0,
            0.0,
            140.0,
            0.0,
            0.0,
            0.0
          ],
          [
            0.0,
            0.0,
            0.0,
            0.0,
            120.0,
            0.0,
            0.0,
            0.0
          ]
        ],
        "xy_error_histogram_deployment": [
          [
            0.0,
            0.0,
            0.0,
            0.0,
            0.0,
            0.0,
            0.0,
            0.0
          ],
          [
            0.0,
            0.0,
            10.0,
            5.0,
            7.0,
            0.0,
            0.0,
            0.0
          ],
          [
            0.0,
            42.0,
            92.0,
            87.0,
            468.0,
            12.0,
            0.0,
            0.0
          ],
          [
            22.0,
            121.0,
            131.0,
            371.0,
            1292.0,
            55.0,
            78.0,
            1.0
          ],
          [
            72.0,
            91.0,
            143.0,
            430.0,
            1333.0,
            106.0,
            124.0,
            22.0
          ],
          [
            0.0,
            24.0,
            52.0,
            32.0,
            456.0,
            0.0,
            16.0,
            12.0
          ],
          [
            0.0,
            10.0,
            15.0,
            21.0,
            358.0,
            6.0,
            0.0,
            18.0
          ],
          [
            0.0,
            0.0,
            0.0,
            0.0,
            300.0,
            0.0,
            0.0,
            0.0
          ]
        ]
      },
      "descend": {
        "teacher_count": 0,
        "deployment_count": 0,
        "xy_error_histogram_teacher": [],
        "xy_error_histogram_deployment": []
      },
      "close": {
        "teacher_count": 0,
        "deployment_count": 0,
        "xy_error_histogram_teacher": [],
        "xy_error_histogram_deployment": []
      },
      "lift": {
        "teacher_count": 0,
        "deployment_count": 0,
        "xy_error_histogram_teacher": [],
        "xy_error_histogram_deployment": []
      },
      "recover": {
        "teacher_count": 0,
        "deployment_count": 0,
        "xy_error_histogram_teacher": [],
        "xy_error_histogram_deployment": []
      }
    }
  },
  "phase_success": {
    "teacher": {
      "episodes": 20,
      "lift_successes": 15
    },
    "dagger": {
      "episodes": 0,
      "lift_successes": 0
    },
    "evaluation": {
      "episodes": 50,
      "lift_successes": 27
    }
  }
}
