[robosuite WARNING] No private macro file found! (macros.py:57)
[robosuite WARNING] It is recommended to use a private macro file (macros.py:58)
[robosuite WARNING] To setup, run: python /home/lph/.conda/envs/lph/lib/python3.10/site-packages/robosuite/scripts/setup_macros.py (macros.py:59)
[robosuite WARNING] Could not import robosuite_models. Some robots may not be available. If you want to use these robots, please install robosuite_models from source (https://github.com/ARISE-Initiative/robosuite_models) or through pip install. (__init__.py:30)
[robosuite WARNING] Could not load the mink-based whole-body IK. Make sure you install related import properly, otherwise you will not be able to use the default IK controller setting for GR1 robot. (__init__.py:40)
[robosuite INFO] Loading controller configuration from: /home/lph/.conda/envs/lph/lib/python3.10/site-packages/robosuite/controllers/config/default/composite/basic.json (composite_controller_factory.py:121)
[robosuite WARNING] The config has defined for the controller "left", but the robot does not have this component. Skipping, but make sure this is intended.Removing the controller config for left from self.part_controller_config. (robot.py:151)
[robosuite WARNING] The config has defined for the controller "torso", but the robot does not have this component. Skipping, but make sure this is intended.Removing the controller config for torso from self.part_controller_config. (robot.py:151)
[robosuite WARNING] The config has defined for the controller "head", but the robot does not have this component. Skipping, but make sure this is intended.Removing the controller config for head from self.part_controller_config. (robot.py:151)
[robosuite WARNING] The config has defined for the controller "base", but the robot does not have this component. Skipping, but make sure this is intended.Removing the controller config for base from self.part_controller_config. (robot.py:151)
[robosuite WARNING] The config has defined for the controller "legs", but the robot does not have this component. Skipping, but make sure this is intended.Removing the controller config for legs from self.part_controller_config. (robot.py:151)
[robosuite WARNING] The config has defined for the controller "left", but the robot does not have this component. Skipping, but make sure this is intended.Removing the controller config for left from self.part_controller_config. (robot.py:151)
[robosuite WARNING] The config has defined for the controller "torso", but the robot does not have this component. Skipping, but make sure this is intended.Removing the controller config for torso from self.part_controller_config. (robot.py:151)
[robosuite WARNING] The config has defined for the controller "head", but the robot does not have this component. Skipping, but make sure this is intended.Removing the controller config for head from self.part_controller_config. (robot.py:151)
[robosuite WARNING] The config has defined for the controller "base", but the robot does not have this component. Skipping, but make sure this is intended.Removing the controller config for base from self.part_controller_config. (robot.py:151)
[robosuite WARNING] The config has defined for the controller "legs", but the robot does not have this component. Skipping, but make sure this is intended.Removing the controller config for legs from self.part_controller_config. (robot.py:151)
[robosuite INFO] Loading controller configuration from: /home/lph/.conda/envs/lph/lib/python3.10/site-packages/robosuite/controllers/config/default/composite/basic.json (composite_controller_factory.py:121)
[robosuite WARNING] The config has defined for the controller "left", but the robot does not have this component. Skipping, but make sure this is intended.Removing the controller config for left from self.part_controller_config. (robot.py:151)
[robosuite WARNING] The config has defined for the controller "torso", but the robot does not have this component. Skipping, but make sure this is intended.Removing the controller config for torso from self.part_controller_config. (robot.py:151)
[robosuite WARNING] The config has defined for the controller "head", but the robot does not have this component. Skipping, but make sure this is intended.Removing the controller config for head from self.part_controller_config. (robot.py:151)
[robosuite WARNING] The config has defined for the controller "base", but the robot does not have this component. Skipping, but make sure this is intended.Removing the controller config for base from self.part_controller_config. (robot.py:151)
[robosuite WARNING] The config has defined for the controller "legs", but the robot does not have this component. Skipping, but make sure this is intended.Removing the controller config for legs from self.part_controller_config. (robot.py:151)
[robosuite WARNING] The config has defined for the controller "left", but the robot does not have this component. Skipping, but make sure this is intended.Removing the controller config for left from self.part_controller_config. (robot.py:151)
[robosuite WARNING] The config has defined for the controller "torso", but the robot does not have this component. Skipping, but make sure this is intended.Removing the controller config for torso from self.part_controller_config. (robot.py:151)
[robosuite WARNING] The config has defined for the controller "head", but the robot does not have this component. Skipping, but make sure this is intended.Removing the controller config for head from self.part_controller_config. (robot.py:151)
[robosuite WARNING] The config has defined for the controller "base", but the robot does not have this component. Skipping, but make sure this is intended.Removing the controller config for base from self.part_controller_config. (robot.py:151)
[robosuite WARNING] The config has defined for the controller "legs", but the robot does not have this component. Skipping, but make sure this is intended.Removing the controller config for legs from self.part_controller_config. (robot.py:151)
[robosuite INFO] Loading controller configuration from: /home/lph/.conda/envs/lph/lib/python3.10/site-packages/robosuite/controllers/config/default/composite/basic.json (composite_controller_factory.py:121)
[robosuite WARNING] The config has defined for the controller "left", but the robot does not have this component. Skipping, but make sure this is intended.Removing the controller config for left from self.part_controller_config. (robot.py:151)
[robosuite WARNING] The config has defined for the controller "torso", but the robot does not have this component. Skipping, but make sure this is intended.Removing the controller config for torso from self.part_controller_config. (robot.py:151)
[robosuite WARNING] The config has defined for the controller "head", but the robot does not have this component. Skipping, but make sure this is intended.Removing the controller config for head from self.part_controller_config. (robot.py:151)
[robosuite WARNING] The config has defined for the controller "base", but the robot does not have this component. Skipping, but make sure this is intended.Removing the controller config for base from self.part_controller_config. (robot.py:151)
[robosuite WARNING] The config has defined for the controller "legs", but the robot does not have this component. Skipping, but make sure this is intended.Removing the controller config for legs from self.part_controller_config. (robot.py:151)
[robosuite WARNING] The config has defined for the controller "left", but the robot does not have this component. Skipping, but make sure this is intended.Removing the controller config for left from self.part_controller_config. (robot.py:151)
[robosuite WARNING] The config has defined for the controller "torso", but the robot does not have this component. Skipping, but make sure this is intended.Removing the controller config for torso from self.part_controller_config. (robot.py:151)
[robosuite WARNING] The config has defined for the controller "head", but the robot does not have this component. Skipping, but make sure this is intended.Removing the controller config for head from self.part_controller_config. (robot.py:151)
[robosuite WARNING] The config has defined for the controller "base", but the robot does not have this component. Skipping, but make sure this is intended.Removing the controller config for base from self.part_controller_config. (robot.py:151)
[robosuite WARNING] The config has defined for the controller "legs", but the robot does not have this component. Skipping, but make sure this is intended.Removing the controller config for legs from self.part_controller_config. (robot.py:151)
[robosuite INFO] Loading controller configuration from: /home/lph/.conda/envs/lph/lib/python3.10/site-packages/robosuite/controllers/config/default/composite/basic.json (composite_controller_factory.py:121)
[robosuite WARNING] The config has defined for the controller "left", but the robot does not have this component. Skipping, but make sure this is intended.Removing the controller config for left from self.part_controller_config. (robot.py:151)
[robosuite WARNING] The config has defined for the controller "torso", but the robot does not have this component. Skipping, but make sure this is intended.Removing the controller config for torso from self.part_controller_config. (robot.py:151)
[robosuite WARNING] The config has defined for the controller "head", but the robot does not have this component. Skipping, but make sure this is intended.Removing the controller config for head from self.part_controller_config. (robot.py:151)
[robosuite WARNING] The config has defined for the controller "base", but the robot does not have this component. Skipping, but make sure this is intended.Removing the controller config for base from self.part_controller_config. (robot.py:151)
[robosuite WARNING] The config has defined for the controller "legs", but the robot does not have this component. Skipping, but make sure this is intended.Removing the controller config for legs from self.part_controller_config. (robot.py:151)
[robosuite WARNING] The config has defined for the controller "left", but the robot does not have this component. Skipping, but make sure this is intended.Removing the controller config for left from self.part_controller_config. (robot.py:151)
[robosuite WARNING] The config has defined for the controller "torso", but the robot does not have this component. Skipping, but make sure this is intended.Removing the controller config for torso from self.part_controller_config. (robot.py:151)
[robosuite WARNING] The config has defined for the controller "head", but the robot does not have this component. Skipping, but make sure this is intended.Removing the controller config for head from self.part_controller_config. (robot.py:151)
[robosuite WARNING] The config has defined for the controller "base", but the robot does not have this component. Skipping, but make sure this is intended.Removing the controller config for base from self.part_controller_config. (robot.py:151)
[robosuite WARNING] The config has defined for the controller "legs", but the robot does not have this component. Skipping, but make sure this is intended.Removing the controller config for legs from self.part_controller_config. (robot.py:151)
[robosuite INFO] Loading controller configuration from: /home/lph/.conda/envs/lph/lib/python3.10/site-packages/robosuite/controllers/config/default/composite/basic.json (composite_controller_factory.py:121)
[robosuite WARNING] The config has defined for the controller "left", but the robot does not have this component. Skipping, but make sure this is intended.Removing the controller config for left from self.part_controller_config. (robot.py:151)
[robosuite WARNING] The config has defined for the controller "torso", but the robot does not have this component. Skipping, but make sure this is intended.Removing the controller config for torso from self.part_controller_config. (robot.py:151)
[robosuite WARNING] The config has defined for the controller "head", but the robot does not have this component. Skipping, but make sure this is intended.Removing the controller config for head from self.part_controller_config. (robot.py:151)
[robosuite WARNING] The config has defined for the controller "base", but the robot does not have this component. Skipping, but make sure this is intended.Removing the controller config for base from self.part_controller_config. (robot.py:151)
[robosuite WARNING] The config has defined for the controller "legs", but the robot does not have this component. Skipping, but make sure this is intended.Removing the controller config for legs from self.part_controller_config. (robot.py:151)
[robosuite WARNING] The config has defined for the controller "left", but the robot does not have this component. Skipping, but make sure this is intended.Removing the controller config for left from self.part_controller_config. (robot.py:151)
[robosuite WARNING] The config has defined for the controller "torso", but the robot does not have this component. Skipping, but make sure this is intended.Removing the controller config for torso from self.part_controller_config. (robot.py:151)
[robosuite WARNING] The config has defined for the controller "head", but the robot does not have this component. Skipping, but make sure this is intended.Removing the controller config for head from self.part_controller_config. (robot.py:151)
[robosuite WARNING] The config has defined for the controller "base", but the robot does not have this component. Skipping, but make sure this is intended.Removing the controller config for base from self.part_controller_config. (robot.py:151)
[robosuite WARNING] The config has defined for the controller "legs", but the robot does not have this component. Skipping, but make sure this is intended.Removing the controller config for legs from self.part_controller_config. (robot.py:151)
[robosuite INFO] Loading controller configuration from: /home/lph/.conda/envs/lph/lib/python3.10/site-packages/robosuite/controllers/config/default/composite/basic.json (composite_controller_factory.py:121)
[robosuite WARNING] The config has defined for the controller "left", but the robot does not have this component. Skipping, but make sure this is intended.Removing the controller config for left from self.part_controller_config. (robot.py:151)
[robosuite WARNING] The config has defined for the controller "torso", but the robot does not have this component. Skipping, but make sure this is intended.Removing the controller config for torso from self.part_controller_config. (robot.py:151)
[robosuite WARNING] The config has defined for the controller "head", but the robot does not have this component. Skipping, but make sure this is intended.Removing the controller config for head from self.part_controller_config. (robot.py:151)
[robosuite WARNING] The config has defined for the controller "base", but the robot does not have this component. Skipping, but make sure this is intended.Removing the controller config for base from self.part_controller_config. (robot.py:151)
[robosuite WARNING] The config has defined for the controller "legs", but the robot does not have this component. Skipping, but make sure this is intended.Removing the controller config for legs from self.part_controller_config. (robot.py:151)
[robosuite WARNING] The config has defined for the controller "left", but the robot does not have this component. Skipping, but make sure this is intended.Removing the controller config for left from self.part_controller_config. (robot.py:151)
[robosuite WARNING] The config has defined for the controller "torso", but the robot does not have this component. Skipping, but make sure this is intended.Removing the controller config for torso from self.part_controller_config. (robot.py:151)
[robosuite WARNING] The config has defined for the controller "head", but the robot does not have this component. Skipping, but make sure this is intended.Removing the controller config for head from self.part_controller_config. (robot.py:151)
[robosuite WARNING] The config has defined for the controller "base", but the robot does not have this component. Skipping, but make sure this is intended.Removing the controller config for base from self.part_controller_config. (robot.py:151)
[robosuite WARNING] The config has defined for the controller "legs", but the robot does not have this component. Skipping, but make sure this is intended.Removing the controller config for legs from self.part_controller_config. (robot.py:151)
[robosuite INFO] Loading controller configuration from: /home/lph/.conda/envs/lph/lib/python3.10/site-packages/robosuite/controllers/config/default/composite/basic.json (composite_controller_factory.py:121)
[robosuite WARNING] The config has defined for the controller "left", but the robot does not have this component. Skipping, but make sure this is intended.Removing the controller config for left from self.part_controller_config. (robot.py:151)
[robosuite WARNING] The config has defined for the controller "torso", but the robot does not have this component. Skipping, but make sure this is intended.Removing the controller config for torso from self.part_controller_config. (robot.py:151)
[robosuite WARNING] The config has defined for the controller "head", but the robot does not have this component. Skipping, but make sure this is intended.Removing the controller config for head from self.part_controller_config. (robot.py:151)
[robosuite WARNING] The config has defined for the controller "base", but the robot does not have this component. Skipping, but make sure this is intended.Removing the controller config for base from self.part_controller_config. (robot.py:151)
[robosuite WARNING] The config has defined for the controller "legs", but the robot does not have this component. Skipping, but make sure this is intended.Removing the controller config for legs from self.part_controller_config. (robot.py:151)
[robosuite WARNING] The config has defined for the controller "left", but the robot does not have this component. Skipping, but make sure this is intended.Removing the controller config for left from self.part_controller_config. (robot.py:151)
[robosuite WARNING] The config has defined for the controller "torso", but the robot does not have this component. Skipping, but make sure this is intended.Removing the controller config for torso from self.part_controller_config. (robot.py:151)
[robosuite WARNING] The config has defined for the controller "head", but the robot does not have this component. Skipping, but make sure this is intended.Removing the controller config for head from self.part_controller_config. (robot.py:151)
[robosuite WARNING] The config has defined for the controller "base", but the robot does not have this component. Skipping, but make sure this is intended.Removing the controller config for base from self.part_controller_config. (robot.py:151)
[robosuite WARNING] The config has defined for the controller "legs", but the robot does not have this component. Skipping, but make sure this is intended.Removing the controller config for legs from self.part_controller_config. (robot.py:151)
[robosuite INFO] Loading controller configuration from: /home/lph/.conda/envs/lph/lib/python3.10/site-packages/robosuite/controllers/config/default/composite/basic.json (composite_controller_factory.py:121)
[robosuite WARNING] The config has defined for the controller "left", but the robot does not have this component. Skipping, but make sure this is intended.Removing the controller config for left from self.part_controller_config. (robot.py:151)
[robosuite WARNING] The config has defined for the controller "torso", but the robot does not have this component. Skipping, but make sure this is intended.Removing the controller config for torso from self.part_controller_config. (robot.py:151)
[robosuite WARNING] The config has defined for the controller "head", but the robot does not have this component. Skipping, but make sure this is intended.Removing the controller config for head from self.part_controller_config. (robot.py:151)
[robosuite WARNING] The config has defined for the controller "base", but the robot does not have this component. Skipping, but make sure this is intended.Removing the controller config for base from self.part_controller_config. (robot.py:151)
[robosuite WARNING] The config has defined for the controller "legs", but the robot does not have this component. Skipping, but make sure this is intended.Removing the controller config for legs from self.part_controller_config. (robot.py:151)
[robosuite WARNING] The config has defined for the controller "left", but the robot does not have this component. Skipping, but make sure this is intended.Removing the controller config for left from self.part_controller_config. (robot.py:151)
[robosuite WARNING] The config has defined for the controller "torso", but the robot does not have this component. Skipping, but make sure this is intended.Removing the controller config for torso from self.part_controller_config. (robot.py:151)
[robosuite WARNING] The config has defined for the controller "head", but the robot does not have this component. Skipping, but make sure this is intended.Removing the controller config for head from self.part_controller_config. (robot.py:151)
[robosuite WARNING] The config has defined for the controller "base", but the robot does not have this component. Skipping, but make sure this is intended.Removing the controller config for base from self.part_controller_config. (robot.py:151)
[robosuite WARNING] The config has defined for the controller "legs", but the robot does not have this component. Skipping, but make sure this is intended.Removing the controller config for legs from self.part_controller_config. (robot.py:151)
[robosuite INFO] Loading controller configuration from: /home/lph/.conda/envs/lph/lib/python3.10/site-packages/robosuite/controllers/config/default/composite/basic.json (composite_controller_factory.py:121)
[robosuite WARNING] The config has defined for the controller "left", but the robot does not have this component. Skipping, but make sure this is intended.Removing the controller config for left from self.part_controller_config. (robot.py:151)
[robosuite WARNING] The config has defined for the controller "torso", but the robot does not have this component. Skipping, but make sure this is intended.Removing the controller config for torso from self.part_controller_config. (robot.py:151)
[robosuite WARNING] The config has defined for the controller "head", but the robot does not have this component. Skipping, but make sure this is intended.Removing the controller config for head from self.part_controller_config. (robot.py:151)
[robosuite WARNING] The config has defined for the controller "base", but the robot does not have this component. Skipping, but make sure this is intended.Removing the controller config for base from self.part_controller_config. (robot.py:151)
[robosuite WARNING] The config has defined for the controller "legs", but the robot does not have this component. Skipping, but make sure this is intended.Removing the controller config for legs from self.part_controller_config. (robot.py:151)
[robosuite WARNING] The config has defined for the controller "left", but the robot does not have this component. Skipping, but make sure this is intended.Removing the controller config for left from self.part_controller_config. (robot.py:151)
[robosuite WARNING] The config has defined for the controller "torso", but the robot does not have this component. Skipping, but make sure this is intended.Removing the controller config for torso from self.part_controller_config. (robot.py:151)
[robosuite WARNING] The config has defined for the controller "head", but the robot does not have this component. Skipping, but make sure this is intended.Removing the controller config for head from self.part_controller_config. (robot.py:151)
[robosuite WARNING] The config has defined for the controller "base", but the robot does not have this component. Skipping, but make sure this is intended.Removing the controller config for base from self.part_controller_config. (robot.py:151)
[robosuite WARNING] The config has defined for the controller "legs", but the robot does not have this component. Skipping, but make sure this is intended.Removing the controller config for legs from self.part_controller_config. (robot.py:151)
[robosuite INFO] Loading controller configuration from: /home/lph/.conda/envs/lph/lib/python3.10/site-packages/robosuite/controllers/config/default/composite/basic.json (composite_controller_factory.py:121)
[robosuite WARNING] The config has defined for the controller "left", but the robot does not have this component. Skipping, but make sure this is intended.Removing the controller config for left from self.part_controller_config. (robot.py:151)
[robosuite WARNING] The config has defined for the controller "torso", but the robot does not have this component. Skipping, but make sure this is intended.Removing the controller config for torso from self.part_controller_config. (robot.py:151)
[robosuite WARNING] The config has defined for the controller "head", but the robot does not have this component. Skipping, but make sure this is intended.Removing the controller config for head from self.part_controller_config. (robot.py:151)
[robosuite WARNING] The config has defined for the controller "base", but the robot does not have this component. Skipping, but make sure this is intended.Removing the controller config for base from self.part_controller_config. (robot.py:151)
[robosuite WARNING] The config has defined for the controller "legs", but the robot does not have this component. Skipping, but make sure this is intended.Removing the controller config for legs from self.part_controller_config. (robot.py:151)
[robosuite WARNING] The config has defined for the controller "left", but the robot does not have this component. Skipping, but make sure this is intended.Removing the controller config for left from self.part_controller_config. (robot.py:151)
[robosuite WARNING] The config has defined for the controller "torso", but the robot does not have this component. Skipping, but make sure this is intended.Removing the controller config for torso from self.part_controller_config. (robot.py:151)
[robosuite WARNING] The config has defined for the controller "head", but the robot does not have this component. Skipping, but make sure this is intended.Removing the controller config for head from self.part_controller_config. (robot.py:151)
[robosuite WARNING] The config has defined for the controller "base", but the robot does not have this component. Skipping, but make sure this is intended.Removing the controller config for base from self.part_controller_config. (robot.py:151)
[robosuite WARNING] The config has defined for the controller "legs", but the robot does not have this component. Skipping, but make sure this is intended.Removing the controller config for legs from self.part_controller_config. (robot.py:151)
[robosuite INFO] Loading controller configuration from: /home/lph/.conda/envs/lph/lib/python3.10/site-packages/robosuite/controllers/config/default/composite/basic.json (composite_controller_factory.py:121)
[robosuite WARNING] The config has defined for the controller "left", but the robot does not have this component. Skipping, but make sure this is intended.Removing the controller config for left from self.part_controller_config. (robot.py:151)
[robosuite WARNING] The config has defined for the controller "torso", but the robot does not have this component. Skipping, but make sure this is intended.Removing the controller config for torso from self.part_controller_config. (robot.py:151)
[robosuite WARNING] The config has defined for the controller "head", but the robot does not have this component. Skipping, but make sure this is intended.Removing the controller config for head from self.part_controller_config. (robot.py:151)
[robosuite WARNING] The config has defined for the controller "base", but the robot does not have this component. Skipping, but make sure this is intended.Removing the controller config for base from self.part_controller_config. (robot.py:151)
[robosuite WARNING] The config has defined for the controller "legs", but the robot does not have this component. Skipping, but make sure this is intended.Removing the controller config for legs from self.part_controller_config. (robot.py:151)
[robosuite WARNING] The config has defined for the controller "left", but the robot does not have this component. Skipping, but make sure this is intended.Removing the controller config for left from self.part_controller_config. (robot.py:151)
[robosuite WARNING] The config has defined for the controller "torso", but the robot does not have this component. Skipping, but make sure this is intended.Removing the controller config for torso from self.part_controller_config. (robot.py:151)
[robosuite WARNING] The config has defined for the controller "head", but the robot does not have this component. Skipping, but make sure this is intended.Removing the controller config for head from self.part_controller_config. (robot.py:151)
[robosuite WARNING] The config has defined for the controller "base", but the robot does not have this component. Skipping, but make sure this is intended.Removing the controller config for base from self.part_controller_config. (robot.py:151)
[robosuite WARNING] The config has defined for the controller "legs", but the robot does not have this component. Skipping, but make sure this is intended.Removing the controller config for legs from self.part_controller_config. (robot.py:151)
[robosuite INFO] Loading controller configuration from: /home/lph/.conda/envs/lph/lib/python3.10/site-packages/robosuite/controllers/config/default/composite/basic.json (composite_controller_factory.py:121)
[robosuite WARNING] The config has defined for the controller "left", but the robot does not have this component. Skipping, but make sure this is intended.Removing the controller config for left from self.part_controller_config. (robot.py:151)
[robosuite WARNING] The config has defined for the controller "torso", but the robot does not have this component. Skipping, but make sure this is intended.Removing the controller config for torso from self.part_controller_config. (robot.py:151)
[robosuite WARNING] The config has defined for the controller "head", but the robot does not have this component. Skipping, but make sure this is intended.Removing the controller config for head from self.part_controller_config. (robot.py:151)
[robosuite WARNING] The config has defined for the controller "base", but the robot does not have this component. Skipping, but make sure this is intended.Removing the controller config for base from self.part_controller_config. (robot.py:151)
[robosuite WARNING] The config has defined for the controller "legs", but the robot does not have this component. Skipping, but make sure this is intended.Removing the controller config for legs from self.part_controller_config. (robot.py:151)
[robosuite WARNING] The config has defined for the controller "left", but the robot does not have this component. Skipping, but make sure this is intended.Removing the controller config for left from self.part_controller_config. (robot.py:151)
[robosuite WARNING] The config has defined for the controller "torso", but the robot does not have this component. Skipping, but make sure this is intended.Removing the controller config for torso from self.part_controller_config. (robot.py:151)
[robosuite WARNING] The config has defined for the controller "head", but the robot does not have this component. Skipping, but make sure this is intended.Removing the controller config for head from self.part_controller_config. (robot.py:151)
[robosuite WARNING] The config has defined for the controller "base", but the robot does not have this component. Skipping, but make sure this is intended.Removing the controller config for base from self.part_controller_config. (robot.py:151)
[robosuite WARNING] The config has defined for the controller "legs", but the robot does not have this component. Skipping, but make sure this is intended.Removing the controller config for legs from self.part_controller_config. (robot.py:151)
[robosuite INFO] Loading controller configuration from: /home/lph/.conda/envs/lph/lib/python3.10/site-packages/robosuite/controllers/config/default/composite/basic.json (composite_controller_factory.py:121)
[robosuite WARNING] The config has defined for the controller "left", but the robot does not have this component. Skipping, but make sure this is intended.Removing the controller config for left from self.part_controller_config. (robot.py:151)
[robosuite WARNING] The config has defined for the controller "torso", but the robot does not have this component. Skipping, but make sure this is intended.Removing the controller config for torso from self.part_controller_config. (robot.py:151)
[robosuite WARNING] The config has defined for the controller "head", but the robot does not have this component. Skipping, but make sure this is intended.Removing the controller config for head from self.part_controller_config. (robot.py:151)
[robosuite WARNING] The config has defined for the controller "base", but the robot does not have this component. Skipping, but make sure this is intended.Removing the controller config for base from self.part_controller_config. (robot.py:151)
[robosuite WARNING] The config has defined for the controller "legs", but the robot does not have this component. Skipping, but make sure this is intended.Removing the controller config for legs from self.part_controller_config. (robot.py:151)
[robosuite WARNING] The config has defined for the controller "left", but the robot does not have this component. Skipping, but make sure this is intended.Removing the controller config for left from self.part_controller_config. (robot.py:151)
[robosuite WARNING] The config has defined for the controller "torso", but the robot does not have this component. Skipping, but make sure this is intended.Removing the controller config for torso from self.part_controller_config. (robot.py:151)
[robosuite WARNING] The config has defined for the controller "head", but the robot does not have this component. Skipping, but make sure this is intended.Removing the controller config for head from self.part_controller_config. (robot.py:151)
[robosuite WARNING] The config has defined for the controller "base", but the robot does not have this component. Skipping, but make sure this is intended.Removing the controller config for base from self.part_controller_config. (robot.py:151)
[robosuite WARNING] The config has defined for the controller "legs", but the robot does not have this component. Skipping, but make sure this is intended.Removing the controller config for legs from self.part_controller_config. (robot.py:151)
[robosuite INFO] Loading controller configuration from: /home/lph/.conda/envs/lph/lib/python3.10/site-packages/robosuite/controllers/config/default/composite/basic.json (composite_controller_factory.py:121)
[robosuite WARNING] The config has defined for the controller "left", but the robot does not have this component. Skipping, but make sure this is intended.Removing the controller config for left from self.part_controller_config. (robot.py:151)
[robosuite WARNING] The config has defined for the controller "torso", but the robot does not have this component. Skipping, but make sure this is intended.Removing the controller config for torso from self.part_controller_config. (robot.py:151)
[robosuite WARNING] The config has defined for the controller "head", but the robot does not have this component. Skipping, but make sure this is intended.Removing the controller config for head from self.part_controller_config. (robot.py:151)
[robosuite WARNING] The config has defined for the controller "base", but the robot does not have this component. Skipping, but make sure this is intended.Removing the controller config for base from self.part_controller_config. (robot.py:151)
[robosuite WARNING] The config has defined for the controller "legs", but the robot does not have this component. Skipping, but make sure this is intended.Removing the controller config for legs from self.part_controller_config. (robot.py:151)
[robosuite WARNING] The config has defined for the controller "left", but the robot does not have this component. Skipping, but make sure this is intended.Removing the controller config for left from self.part_controller_config. (robot.py:151)
[robosuite WARNING] The config has defined for the controller "torso", but the robot does not have this component. Skipping, but make sure this is intended.Removing the controller config for torso from self.part_controller_config. (robot.py:151)
[robosuite WARNING] The config has defined for the controller "head", but the robot does not have this component. Skipping, but make sure this is intended.Removing the controller config for head from self.part_controller_config. (robot.py:151)
[robosuite WARNING] The config has defined for the controller "base", but the robot does not have this component. Skipping, but make sure this is intended.Removing the controller config for base from self.part_controller_config. (robot.py:151)
[robosuite WARNING] The config has defined for the controller "legs", but the robot does not have this component. Skipping, but make sure this is intended.Removing the controller config for legs from self.part_controller_config. (robot.py:151)
[robosuite INFO] Loading controller configuration from: /home/lph/.conda/envs/lph/lib/python3.10/site-packages/robosuite/controllers/config/default/composite/basic.json (composite_controller_factory.py:121)
[robosuite WARNING] The config has defined for the controller "left", but the robot does not have this component. Skipping, but make sure this is intended.Removing the controller config for left from self.part_controller_config. (robot.py:151)
[robosuite WARNING] The config has defined for the controller "torso", but the robot does not have this component. Skipping, but make sure this is intended.Removing the controller config for torso from self.part_controller_config. (robot.py:151)
[robosuite WARNING] The config has defined for the controller "head", but the robot does not have this component. Skipping, but make sure this is intended.Removing the controller config for head from self.part_controller_config. (robot.py:151)
[robosuite WARNING] The config has defined for the controller "base", but the robot does not have this component. Skipping, but make sure this is intended.Removing the controller config for base from self.part_controller_config. (robot.py:151)
[robosuite WARNING] The config has defined for the controller "legs", but the robot does not have this component. Skipping, but make sure this is intended.Removing the controller config for legs from self.part_controller_config. (robot.py:151)
[robosuite WARNING] The config has defined for the controller "left", but the robot does not have this component. Skipping, but make sure this is intended.Removing the controller config for left from self.part_controller_config. (robot.py:151)
[robosuite WARNING] The config has defined for the controller "torso", but the robot does not have this component. Skipping, but make sure this is intended.Removing the controller config for torso from self.part_controller_config. (robot.py:151)
[robosuite WARNING] The config has defined for the controller "head", but the robot does not have this component. Skipping, but make sure this is intended.Removing the controller config for head from self.part_controller_config. (robot.py:151)
[robosuite WARNING] The config has defined for the controller "base", but the robot does not have this component. Skipping, but make sure this is intended.Removing the controller config for base from self.part_controller_config. (robot.py:151)
[robosuite WARNING] The config has defined for the controller "legs", but the robot does not have this component. Skipping, but make sure this is intended.Removing the controller config for legs from self.part_controller_config. (robot.py:151)
[robosuite INFO] Loading controller configuration from: /home/lph/.conda/envs/lph/lib/python3.10/site-packages/robosuite/controllers/config/default/composite/basic.json (composite_controller_factory.py:121)
[robosuite WARNING] The config has defined for the controller "left", but the robot does not have this component. Skipping, but make sure this is intended.Removing the controller config for left from self.part_controller_config. (robot.py:151)
[robosuite WARNING] The config has defined for the controller "torso", but the robot does not have this component. Skipping, but make sure this is intended.Removing the controller config for torso from self.part_controller_config. (robot.py:151)
[robosuite WARNING] The config has defined for the controller "head", but the robot does not have this component. Skipping, but make sure this is intended.Removing the controller config for head from self.part_controller_config. (robot.py:151)
[robosuite WARNING] The config has defined for the controller "base", but the robot does not have this component. Skipping, but make sure this is intended.Removing the controller config for base from self.part_controller_config. (robot.py:151)
[robosuite WARNING] The config has defined for the controller "legs", but the robot does not have this component. Skipping, but make sure this is intended.Removing the controller config for legs from self.part_controller_config. (robot.py:151)
[robosuite WARNING] The config has defined for the controller "left", but the robot does not have this component. Skipping, but make sure this is intended.Removing the controller config for left from self.part_controller_config. (robot.py:151)
[robosuite WARNING] The config has defined for the controller "torso", but the robot does not have this component. Skipping, but make sure this is intended.Removing the controller config for torso from self.part_controller_config. (robot.py:151)
[robosuite WARNING] The config has defined for the controller "head", but the robot does not have this component. Skipping, but make sure this is intended.Removing the controller config for head from self.part_controller_config. (robot.py:151)
[robosuite WARNING] The config has defined for the controller "base", but the robot does not have this component. Skipping, but make sure this is intended.Removing the controller config for base from self.part_controller_config. (robot.py:151)
[robosuite WARNING] The config has defined for the controller "legs", but the robot does not have this component. Skipping, but make sure this is intended.Removing the controller config for legs from self.part_controller_config. (robot.py:151)
[robosuite INFO] Loading controller configuration from: /home/lph/.conda/envs/lph/lib/python3.10/site-packages/robosuite/controllers/config/default/composite/basic.json (composite_controller_factory.py:121)
[robosuite WARNING] The config has defined for the controller "left", but the robot does not have this component. Skipping, but make sure this is intended.Removing the controller config for left from self.part_controller_config. (robot.py:151)
[robosuite WARNING] The config has defined for the controller "torso", but the robot does not have this component. Skipping, but make sure this is intended.Removing the controller config for torso from self.part_controller_config. (robot.py:151)
[robosuite WARNING] The config has defined for the controller "head", but the robot does not have this component. Skipping, but make sure this is intended.Removing the controller config for head from self.part_controller_config. (robot.py:151)
[robosuite WARNING] The config has defined for the controller "base", but the robot does not have this component. Skipping, but make sure this is intended.Removing the controller config for base from self.part_controller_config. (robot.py:151)
[robosuite WARNING] The config has defined for the controller "legs", but the robot does not have this component. Skipping, but make sure this is intended.Removing the controller config for legs from self.part_controller_config. (robot.py:151)
[robosuite WARNING] The config has defined for the controller "left", but the robot does not have this component. Skipping, but make sure this is intended.Removing the controller config for left from self.part_controller_config. (robot.py:151)
[robosuite WARNING] The config has defined for the controller "torso", but the robot does not have this component. Skipping, but make sure this is intended.Removing the controller config for torso from self.part_controller_config. (robot.py:151)
[robosuite WARNING] The config has defined for the controller "head", but the robot does not have this component. Skipping, but make sure this is intended.Removing the controller config for head from self.part_controller_config. (robot.py:151)
[robosuite WARNING] The config has defined for the controller "base", but the robot does not have this component. Skipping, but make sure this is intended.Removing the controller config for base from self.part_controller_config. (robot.py:151)
[robosuite WARNING] The config has defined for the controller "legs", but the robot does not have this component. Skipping, but make sure this is intended.Removing the controller config for legs from self.part_controller_config. (robot.py:151)
[robosuite INFO] Loading controller configuration from: /home/lph/.conda/envs/lph/lib/python3.10/site-packages/robosuite/controllers/config/default/composite/basic.json (composite_controller_factory.py:121)
[robosuite WARNING] The config has defined for the controller "left", but the robot does not have this component. Skipping, but make sure this is intended.Removing the controller config for left from self.part_controller_config. (robot.py:151)
[robosuite WARNING] The config has defined for the controller "torso", but the robot does not have this component. Skipping, but make sure this is intended.Removing the controller config for torso from self.part_controller_config. (robot.py:151)
[robosuite WARNING] The config has defined for the controller "head", but the robot does not have this component. Skipping, but make sure this is intended.Removing the controller config for head from self.part_controller_config. (robot.py:151)
[robosuite WARNING] The config has defined for the controller "base", but the robot does not have this component. Skipping, but make sure this is intended.Removing the controller config for base from self.part_controller_config. (robot.py:151)
[robosuite WARNING] The config has defined for the controller "legs", but the robot does not have this component. Skipping, but make sure this is intended.Removing the controller config for legs from self.part_controller_config. (robot.py:151)
[robosuite WARNING] The config has defined for the controller "left", but the robot does not have this component. Skipping, but make sure this is intended.Removing the controller config for left from self.part_controller_config. (robot.py:151)
[robosuite WARNING] The config has defined for the controller "torso", but the robot does not have this component. Skipping, but make sure this is intended.Removing the controller config for torso from self.part_controller_config. (robot.py:151)
[robosuite WARNING] The config has defined for the controller "head", but the robot does not have this component. Skipping, but make sure this is intended.Removing the controller config for head from self.part_controller_config. (robot.py:151)
[robosuite WARNING] The config has defined for the controller "base", but the robot does not have this component. Skipping, but make sure this is intended.Removing the controller config for base from self.part_controller_config. (robot.py:151)
[robosuite WARNING] The config has defined for the controller "legs", but the robot does not have this component. Skipping, but make sure this is intended.Removing the controller config for legs from self.part_controller_config. (robot.py:151)
[robosuite INFO] Loading controller configuration from: /home/lph/.conda/envs/lph/lib/python3.10/site-packages/robosuite/controllers/config/default/composite/basic.json (composite_controller_factory.py:121)
[robosuite WARNING] The config has defined for the controller "left", but the robot does not have this component. Skipping, but make sure this is intended.Removing the controller config for left from self.part_controller_config. (robot.py:151)
[robosuite WARNING] The config has defined for the controller "torso", but the robot does not have this component. Skipping, but make sure this is intended.Removing the controller config for torso from self.part_controller_config. (robot.py:151)
[robosuite WARNING] The config has defined for the controller "head", but the robot does not have this component. Skipping, but make sure this is intended.Removing the controller config for head from self.part_controller_config. (robot.py:151)
[robosuite WARNING] The config has defined for the controller "base", but the robot does not have this component. Skipping, but make sure this is intended.Removing the controller config for base from self.part_controller_config. (robot.py:151)
[robosuite WARNING] The config has defined for the controller "legs", but the robot does not have this component. Skipping, but make sure this is intended.Removing the controller config for legs from self.part_controller_config. (robot.py:151)
[robosuite WARNING] The config has defined for the controller "left", but the robot does not have this component. Skipping, but make sure this is intended.Removing the controller config for left from self.part_controller_config. (robot.py:151)
[robosuite WARNING] The config has defined for the controller "torso", but the robot does not have this component. Skipping, but make sure this is intended.Removing the controller config for torso from self.part_controller_config. (robot.py:151)
[robosuite WARNING] The config has defined for the controller "head", but the robot does not have this component. Skipping, but make sure this is intended.Removing the controller config for head from self.part_controller_config. (robot.py:151)
[robosuite WARNING] The config has defined for the controller "base", but the robot does not have this component. Skipping, but make sure this is intended.Removing the controller config for base from self.part_controller_config. (robot.py:151)
[robosuite WARNING] The config has defined for the controller "legs", but the robot does not have this component. Skipping, but make sure this is intended.Removing the controller config for legs from self.part_controller_config. (robot.py:151)
[robosuite INFO] Loading controller configuration from: /home/lph/.conda/envs/lph/lib/python3.10/site-packages/robosuite/controllers/config/default/composite/basic.json (composite_controller_factory.py:121)
[robosuite WARNING] The config has defined for the controller "left", but the robot does not have this component. Skipping, but make sure this is intended.Removing the controller config for left from self.part_controller_config. (robot.py:151)
[robosuite WARNING] The config has defined for the controller "torso", but the robot does not have this component. Skipping, but make sure this is intended.Removing the controller config for torso from self.part_controller_config. (robot.py:151)
[robosuite WARNING] The config has defined for the controller "head", but the robot does not have this component. Skipping, but make sure this is intended.Removing the controller config for head from self.part_controller_config. (robot.py:151)
[robosuite WARNING] The config has defined for the controller "base", but the robot does not have this component. Skipping, but make sure this is intended.Removing the controller config for base from self.part_controller_config. (robot.py:151)
[robosuite WARNING] The config has defined for the controller "legs", but the robot does not have this component. Skipping, but make sure this is intended.Removing the controller config for legs from self.part_controller_config. (robot.py:151)
[robosuite WARNING] The config has defined for the controller "left", but the robot does not have this component. Skipping, but make sure this is intended.Removing the controller config for left from self.part_controller_config. (robot.py:151)
[robosuite WARNING] The config has defined for the controller "torso", but the robot does not have this component. Skipping, but make sure this is intended.Removing the controller config for torso from self.part_controller_config. (robot.py:151)
[robosuite WARNING] The config has defined for the controller "head", but the robot does not have this component. Skipping, but make sure this is intended.Removing the controller config for head from self.part_controller_config. (robot.py:151)
[robosuite WARNING] The config has defined for the controller "base", but the robot does not have this component. Skipping, but make sure this is intended.Removing the controller config for base from self.part_controller_config. (robot.py:151)
[robosuite WARNING] The config has defined for the controller "legs", but the robot does not have this component. Skipping, but make sure this is intended.Removing the controller config for legs from self.part_controller_config. (robot.py:151)
[robosuite INFO] Loading controller configuration from: /home/lph/.conda/envs/lph/lib/python3.10/site-packages/robosuite/controllers/config/default/composite/basic.json (composite_controller_factory.py:121)
[robosuite WARNING] The config has defined for the controller "left", but the robot does not have this component. Skipping, but make sure this is intended.Removing the controller config for left from self.part_controller_config. (robot.py:151)
[robosuite WARNING] The config has defined for the controller "torso", but the robot does not have this component. Skipping, but make sure this is intended.Removing the controller config for torso from self.part_controller_config. (robot.py:151)
[robosuite WARNING] The config has defined for the controller "head", but the robot does not have this component. Skipping, but make sure this is intended.Removing the controller config for head from self.part_controller_config. (robot.py:151)
[robosuite WARNING] The config has defined for the controller "base", but the robot does not have this component. Skipping, but make sure this is intended.Removing the controller config for base from self.part_controller_config. (robot.py:151)
[robosuite WARNING] The config has defined for the controller "legs", but the robot does not have this component. Skipping, but make sure this is intended.Removing the controller config for legs from self.part_controller_config. (robot.py:151)
[robosuite WARNING] The config has defined for the controller "left", but the robot does not have this component. Skipping, but make sure this is intended.Removing the controller config for left from self.part_controller_config. (robot.py:151)
[robosuite WARNING] The config has defined for the controller "torso", but the robot does not have this component. Skipping, but make sure this is intended.Removing the controller config for torso from self.part_controller_config. (robot.py:151)
[robosuite WARNING] The config has defined for the controller "head", but the robot does not have this component. Skipping, but make sure this is intended.Removing the controller config for head from self.part_controller_config. (robot.py:151)
[robosuite WARNING] The config has defined for the controller "base", but the robot does not have this component. Skipping, but make sure this is intended.Removing the controller config for base from self.part_controller_config. (robot.py:151)
[robosuite WARNING] The config has defined for the controller "legs", but the robot does not have this component. Skipping, but make sure this is intended.Removing the controller config for legs from self.part_controller_config. (robot.py:151)
[robosuite INFO] Loading controller configuration from: /home/lph/.conda/envs/lph/lib/python3.10/site-packages/robosuite/controllers/config/default/composite/basic.json (composite_controller_factory.py:121)
[robosuite WARNING] The config has defined for the controller "left", but the robot does not have this component. Skipping, but make sure this is intended.Removing the controller config for left from self.part_controller_config. (robot.py:151)
[robosuite WARNING] The config has defined for the controller "torso", but the robot does not have this component. Skipping, but make sure this is intended.Removing the controller config for torso from self.part_controller_config. (robot.py:151)
[robosuite WARNING] The config has defined for the controller "head", but the robot does not have this component. Skipping, but make sure this is intended.Removing the controller config for head from self.part_controller_config. (robot.py:151)
[robosuite WARNING] The config has defined for the controller "base", but the robot does not have this component. Skipping, but make sure this is intended.Removing the controller config for base from self.part_controller_config. (robot.py:151)
[robosuite WARNING] The config has defined for the controller "legs", but the robot does not have this component. Skipping, but make sure this is intended.Removing the controller config for legs from self.part_controller_config. (robot.py:151)
[robosuite WARNING] The config has defined for the controller "left", but the robot does not have this component. Skipping, but make sure this is intended.Removing the controller config for left from self.part_controller_config. (robot.py:151)
[robosuite WARNING] The config has defined for the controller "torso", but the robot does not have this component. Skipping, but make sure this is intended.Removing the controller config for torso from self.part_controller_config. (robot.py:151)
[robosuite WARNING] The config has defined for the controller "head", but the robot does not have this component. Skipping, but make sure this is intended.Removing the controller config for head from self.part_controller_config. (robot.py:151)
[robosuite WARNING] The config has defined for the controller "base", but the robot does not have this component. Skipping, but make sure this is intended.Removing the controller config for base from self.part_controller_config. (robot.py:151)
[robosuite WARNING] The config has defined for the controller "legs", but the robot does not have this component. Skipping, but make sure this is intended.Removing the controller config for legs from self.part_controller_config. (robot.py:151)
[robosuite INFO] Loading controller configuration from: /home/lph/.conda/envs/lph/lib/python3.10/site-packages/robosuite/controllers/config/default/composite/basic.json (composite_controller_factory.py:121)
[robosuite WARNING] The config has defined for the controller "left", but the robot does not have this component. Skipping, but make sure this is intended.Removing the controller config for left from self.part_controller_config. (robot.py:151)
[robosuite WARNING] The config has defined for the controller "torso", but the robot does not have this component. Skipping, but make sure this is intended.Removing the controller config for torso from self.part_controller_config. (robot.py:151)
[robosuite WARNING] The config has defined for the controller "head", but the robot does not have this component. Skipping, but make sure this is intended.Removing the controller config for head from self.part_controller_config. (robot.py:151)
[robosuite WARNING] The config has defined for the controller "base", but the robot does not have this component. Skipping, but make sure this is intended.Removing the controller config for base from self.part_controller_config. (robot.py:151)
[robosuite WARNING] The config has defined for the controller "legs", but the robot does not have this component. Skipping, but make sure this is intended.Removing the controller config for legs from self.part_controller_config. (robot.py:151)
[robosuite WARNING] The config has defined for the controller "left", but the robot does not have this component. Skipping, but make sure this is intended.Removing the controller config for left from self.part_controller_config. (robot.py:151)
[robosuite WARNING] The config has defined for the controller "torso", but the robot does not have this component. Skipping, but make sure this is intended.Removing the controller config for torso from self.part_controller_config. (robot.py:151)
[robosuite WARNING] The config has defined for the controller "head", but the robot does not have this component. Skipping, but make sure this is intended.Removing the controller config for head from self.part_controller_config. (robot.py:151)
[robosuite WARNING] The config has defined for the controller "base", but the robot does not have this component. Skipping, but make sure this is intended.Removing the controller config for base from self.part_controller_config. (robot.py:151)
[robosuite WARNING] The config has defined for the controller "legs", but the robot does not have this component. Skipping, but make sure this is intended.Removing the controller config for legs from self.part_controller_config. (robot.py:151)
[robosuite INFO] Loading controller configuration from: /home/lph/.conda/envs/lph/lib/python3.10/site-packages/robosuite/controllers/config/default/composite/basic.json (composite_controller_factory.py:121)
[robosuite WARNING] The config has defined for the controller "left", but the robot does not have this component. Skipping, but make sure this is intended.Removing the controller config for left from self.part_controller_config. (robot.py:151)
[robosuite WARNING] The config has defined for the controller "torso", but the robot does not have this component. Skipping, but make sure this is intended.Removing the controller config for torso from self.part_controller_config. (robot.py:151)
[robosuite WARNING] The config has defined for the controller "head", but the robot does not have this component. Skipping, but make sure this is intended.Removing the controller config for head from self.part_controller_config. (robot.py:151)
[robosuite WARNING] The config has defined for the controller "base", but the robot does not have this component. Skipping, but make sure this is intended.Removing the controller config for base from self.part_controller_config. (robot.py:151)
[robosuite WARNING] The config has defined for the controller "legs", but the robot does not have this component. Skipping, but make sure this is intended.Removing the controller config for legs from self.part_controller_config. (robot.py:151)
[robosuite WARNING] The config has defined for the controller "left", but the robot does not have this component. Skipping, but make sure this is intended.Removing the controller config for left from self.part_controller_config. (robot.py:151)
[robosuite WARNING] The config has defined for the controller "torso", but the robot does not have this component. Skipping, but make sure this is intended.Removing the controller config for torso from self.part_controller_config. (robot.py:151)
[robosuite WARNING] The config has defined for the controller "head", but the robot does not have this component. Skipping, but make sure this is intended.Removing the controller config for head from self.part_controller_config. (robot.py:151)
[robosuite WARNING] The config has defined for the controller "base", but the robot does not have this component. Skipping, but make sure this is intended.Removing the controller config for base from self.part_controller_config. (robot.py:151)
[robosuite WARNING] The config has defined for the controller "legs", but the robot does not have this component. Skipping, but make sure this is intended.Removing the controller config for legs from self.part_controller_config. (robot.py:151)
[robosuite INFO] Loading controller configuration from: /home/lph/.conda/envs/lph/lib/python3.10/site-packages/robosuite/controllers/config/default/composite/basic.json (composite_controller_factory.py:121)
[robosuite WARNING] The config has defined for the controller "left", but the robot does not have this component. Skipping, but make sure this is intended.Removing the controller config for left from self.part_controller_config. (robot.py:151)
[robosuite WARNING] The config has defined for the controller "torso", but the robot does not have this component. Skipping, but make sure this is intended.Removing the controller config for torso from self.part_controller_config. (robot.py:151)
[robosuite WARNING] The config has defined for the controller "head", but the robot does not have this component. Skipping, but make sure this is intended.Removing the controller config for head from self.part_controller_config. (robot.py:151)
[robosuite WARNING] The config has defined for the controller "base", but the robot does not have this component. Skipping, but make sure this is intended.Removing the controller config for base from self.part_controller_config. (robot.py:151)
[robosuite WARNING] The config has defined for the controller "legs", but the robot does not have this component. Skipping, but make sure this is intended.Removing the controller config for legs from self.part_controller_config. (robot.py:151)
[robosuite WARNING] The config has defined for the controller "left", but the robot does not have this component. Skipping, but make sure this is intended.Removing the controller config for left from self.part_controller_config. (robot.py:151)
[robosuite WARNING] The config has defined for the controller "torso", but the robot does not have this component. Skipping, but make sure this is intended.Removing the controller config for torso from self.part_controller_config. (robot.py:151)
[robosuite WARNING] The config has defined for the controller "head", but the robot does not have this component. Skipping, but make sure this is intended.Removing the controller config for head from self.part_controller_config. (robot.py:151)
[robosuite WARNING] The config has defined for the controller "base", but the robot does not have this component. Skipping, but make sure this is intended.Removing the controller config for base from self.part_controller_config. (robot.py:151)
[robosuite WARNING] The config has defined for the controller "legs", but the robot does not have this component. Skipping, but make sure this is intended.Removing the controller config for legs from self.part_controller_config. (robot.py:151)
[robosuite INFO] Loading controller configuration from: /home/lph/.conda/envs/lph/lib/python3.10/site-packages/robosuite/controllers/config/default/composite/basic.json (composite_controller_factory.py:121)
[robosuite WARNING] The config has defined for the controller "left", but the robot does not have this component. Skipping, but make sure this is intended.Removing the controller config for left from self.part_controller_config. (robot.py:151)
[robosuite WARNING] The config has defined for the controller "torso", but the robot does not have this component. Skipping, but make sure this is intended.Removing the controller config for torso from self.part_controller_config. (robot.py:151)
[robosuite WARNING] The config has defined for the controller "head", but the robot does not have this component. Skipping, but make sure this is intended.Removing the controller config for head from self.part_controller_config. (robot.py:151)
[robosuite WARNING] The config has defined for the controller "base", but the robot does not have this component. Skipping, but make sure this is intended.Removing the controller config for base from self.part_controller_config. (robot.py:151)
[robosuite WARNING] The config has defined for the controller "legs", but the robot does not have this component. Skipping, but make sure this is intended.Removing the controller config for legs from self.part_controller_config. (robot.py:151)
[robosuite WARNING] The config has defined for the controller "left", but the robot does not have this component. Skipping, but make sure this is intended.Removing the controller config for left from self.part_controller_config. (robot.py:151)
[robosuite WARNING] The config has defined for the controller "torso", but the robot does not have this component. Skipping, but make sure this is intended.Removing the controller config for torso from self.part_controller_config. (robot.py:151)
[robosuite WARNING] The config has defined for the controller "head", but the robot does not have this component. Skipping, but make sure this is intended.Removing the controller config for head from self.part_controller_config. (robot.py:151)
[robosuite WARNING] The config has defined for the controller "base", but the robot does not have this component. Skipping, but make sure this is intended.Removing the controller config for base from self.part_controller_config. (robot.py:151)
[robosuite WARNING] The config has defined for the controller "legs", but the robot does not have this component. Skipping, but make sure this is intended.Removing the controller config for legs from self.part_controller_config. (robot.py:151)
[robosuite INFO] Loading controller configuration from: /home/lph/.conda/envs/lph/lib/python3.10/site-packages/robosuite/controllers/config/default/composite/basic.json (composite_controller_factory.py:121)
[robosuite WARNING] The config has defined for the controller "left", but the robot does not have this component. Skipping, but make sure this is intended.Removing the controller config for left from self.part_controller_config. (robot.py:151)
[robosuite WARNING] The config has defined for the controller "torso", but the robot does not have this component. Skipping, but make sure this is intended.Removing the controller config for torso from self.part_controller_config. (robot.py:151)
[robosuite WARNING] The config has defined for the controller "head", but the robot does not have this component. Skipping, but make sure this is intended.Removing the controller config for head from self.part_controller_config. (robot.py:151)
[robosuite WARNING] The config has defined for the controller "base", but the robot does not have this component. Skipping, but make sure this is intended.Removing the controller config for base from self.part_controller_config. (robot.py:151)
[robosuite WARNING] The config has defined for the controller "legs", but the robot does not have this component. Skipping, but make sure this is intended.Removing the controller config for legs from self.part_controller_config. (robot.py:151)
[robosuite WARNING] The config has defined for the controller "left", but the robot does not have this component. Skipping, but make sure this is intended.Removing the controller config for left from self.part_controller_config. (robot.py:151)
[robosuite WARNING] The config has defined for the controller "torso", but the robot does not have this component. Skipping, but make sure this is intended.Removing the controller config for torso from self.part_controller_config. (robot.py:151)
[robosuite WARNING] The config has defined for the controller "head", but the robot does not have this component. Skipping, but make sure this is intended.Removing the controller config for head from self.part_controller_config. (robot.py:151)
[robosuite WARNING] The config has defined for the controller "base", but the robot does not have this component. Skipping, but make sure this is intended.Removing the controller config for base from self.part_controller_config. (robot.py:151)
[robosuite WARNING] The config has defined for the controller "legs", but the robot does not have this component. Skipping, but make sure this is intended.Removing the controller config for legs from self.part_controller_config. (robot.py:151)
[robosuite INFO] Loading controller configuration from: /home/lph/.conda/envs/lph/lib/python3.10/site-packages/robosuite/controllers/config/default/composite/basic.json (composite_controller_factory.py:121)
[robosuite WARNING] The config has defined for the controller "left", but the robot does not have this component. Skipping, but make sure this is intended.Removing the controller config for left from self.part_controller_config. (robot.py:151)
[robosuite WARNING] The config has defined for the controller "torso", but the robot does not have this component. Skipping, but make sure this is intended.Removing the controller config for torso from self.part_controller_config. (robot.py:151)
[robosuite WARNING] The config has defined for the controller "head", but the robot does not have this component. Skipping, but make sure this is intended.Removing the controller config for head from self.part_controller_config. (robot.py:151)
[robosuite WARNING] The config has defined for the controller "base", but the robot does not have this component. Skipping, but make sure this is intended.Removing the controller config for base from self.part_controller_config. (robot.py:151)
[robosuite WARNING] The config has defined for the controller "legs", but the robot does not have this component. Skipping, but make sure this is intended.Removing the controller config for legs from self.part_controller_config. (robot.py:151)
[robosuite WARNING] The config has defined for the controller "left", but the robot does not have this component. Skipping, but make sure this is intended.Removing the controller config for left from self.part_controller_config. (robot.py:151)
[robosuite WARNING] The config has defined for the controller "torso", but the robot does not have this component. Skipping, but make sure this is intended.Removing the controller config for torso from self.part_controller_config. (robot.py:151)
[robosuite WARNING] The config has defined for the controller "head", but the robot does not have this component. Skipping, but make sure this is intended.Removing the controller config for head from self.part_controller_config. (robot.py:151)
[robosuite WARNING] The config has defined for the controller "base", but the robot does not have this component. Skipping, but make sure this is intended.Removing the controller config for base from self.part_controller_config. (robot.py:151)
[robosuite WARNING] The config has defined for the controller "legs", but the robot does not have this component. Skipping, but make sure this is intended.Removing the controller config for legs from self.part_controller_config. (robot.py:151)
[robosuite INFO] Loading controller configuration from: /home/lph/.conda/envs/lph/lib/python3.10/site-packages/robosuite/controllers/config/default/composite/basic.json (composite_controller_factory.py:121)
[robosuite WARNING] The config has defined for the controller "left", but the robot does not have this component. Skipping, but make sure this is intended.Removing the controller config for left from self.part_controller_config. (robot.py:151)
[robosuite WARNING] The config has defined for the controller "torso", but the robot does not have this component. Skipping, but make sure this is intended.Removing the controller config for torso from self.part_controller_config. (robot.py:151)
[robosuite WARNING] The config has defined for the controller "head", but the robot does not have this component. Skipping, but make sure this is intended.Removing the controller config for head from self.part_controller_config. (robot.py:151)
[robosuite WARNING] The config has defined for the controller "base", but the robot does not have this component. Skipping, but make sure this is intended.Removing the controller config for base from self.part_controller_config. (robot.py:151)
[robosuite WARNING] The config has defined for the controller "legs", but the robot does not have this component. Skipping, but make sure this is intended.Removing the controller config for legs from self.part_controller_config. (robot.py:151)
[robosuite WARNING] The config has defined for the controller "left", but the robot does not have this component. Skipping, but make sure this is intended.Removing the controller config for left from self.part_controller_config. (robot.py:151)
[robosuite WARNING] The config has defined for the controller "torso", but the robot does not have this component. Skipping, but make sure this is intended.Removing the controller config for torso from self.part_controller_config. (robot.py:151)
[robosuite WARNING] The config has defined for the controller "head", but the robot does not have this component. Skipping, but make sure this is intended.Removing the controller config for head from self.part_controller_config. (robot.py:151)
[robosuite WARNING] The config has defined for the controller "base", but the robot does not have this component. Skipping, but make sure this is intended.Removing the controller config for base from self.part_controller_config. (robot.py:151)
[robosuite WARNING] The config has defined for the controller "legs", but the robot does not have this component. Skipping, but make sure this is intended.Removing the controller config for legs from self.part_controller_config. (robot.py:151)
[robosuite INFO] Loading controller configuration from: /home/lph/.conda/envs/lph/lib/python3.10/site-packages/robosuite/controllers/config/default/composite/basic.json (composite_controller_factory.py:121)
[robosuite WARNING] The config has defined for the controller "left", but the robot does not have this component. Skipping, but make sure this is intended.Removing the controller config for left from self.part_controller_config. (robot.py:151)
[robosuite WARNING] The config has defined for the controller "torso", but the robot does not have this component. Skipping, but make sure this is intended.Removing the controller config for torso from self.part_controller_config. (robot.py:151)
[robosuite WARNING] The config has defined for the controller "head", but the robot does not have this component. Skipping, but make sure this is intended.Removing the controller config for head from self.part_controller_config. (robot.py:151)
[robosuite WARNING] The config has defined for the controller "base", but the robot does not have this component. Skipping, but make sure this is intended.Removing the controller config for base from self.part_controller_config. (robot.py:151)
[robosuite WARNING] The config has defined for the controller "legs", but the robot does not have this component. Skipping, but make sure this is intended.Removing the controller config for legs from self.part_controller_config. (robot.py:151)
[robosuite WARNING] The config has defined for the controller "left", but the robot does not have this component. Skipping, but make sure this is intended.Removing the controller config for left from self.part_controller_config. (robot.py:151)
[robosuite WARNING] The config has defined for the controller "torso", but the robot does not have this component. Skipping, but make sure this is intended.Removing the controller config for torso from self.part_controller_config. (robot.py:151)
[robosuite WARNING] The config has defined for the controller "head", but the robot does not have this component. Skipping, but make sure this is intended.Removing the controller config for head from self.part_controller_config. (robot.py:151)
[robosuite WARNING] The config has defined for the controller "base", but the robot does not have this component. Skipping, but make sure this is intended.Removing the controller config for base from self.part_controller_config. (robot.py:151)
[robosuite WARNING] The config has defined for the controller "legs", but the robot does not have this component. Skipping, but make sure this is intended.Removing the controller config for legs from self.part_controller_config. (robot.py:151)
[robosuite INFO] Loading controller configuration from: /home/lph/.conda/envs/lph/lib/python3.10/site-packages/robosuite/controllers/config/default/composite/basic.json (composite_controller_factory.py:121)
[robosuite WARNING] The config has defined for the controller "left", but the robot does not have this component. Skipping, but make sure this is intended.Removing the controller config for left from self.part_controller_config. (robot.py:151)
[robosuite WARNING] The config has defined for the controller "torso", but the robot does not have this component. Skipping, but make sure this is intended.Removing the controller config for torso from self.part_controller_config. (robot.py:151)
[robosuite WARNING] The config has defined for the controller "head", but the robot does not have this component. Skipping, but make sure this is intended.Removing the controller config for head from self.part_controller_config. (robot.py:151)
[robosuite WARNING] The config has defined for the controller "base", but the robot does not have this component. Skipping, but make sure this is intended.Removing the controller config for base from self.part_controller_config. (robot.py:151)
[robosuite WARNING] The config has defined for the controller "legs", but the robot does not have this component. Skipping, but make sure this is intended.Removing the controller config for legs from self.part_controller_config. (robot.py:151)
[robosuite WARNING] The config has defined for the controller "left", but the robot does not have this component. Skipping, but make sure this is intended.Removing the controller config for left from self.part_controller_config. (robot.py:151)
[robosuite WARNING] The config has defined for the controller "torso", but the robot does not have this component. Skipping, but make sure this is intended.Removing the controller config for torso from self.part_controller_config. (robot.py:151)
[robosuite WARNING] The config has defined for the controller "head", but the robot does not have this component. Skipping, but make sure this is intended.Removing the controller config for head from self.part_controller_config. (robot.py:151)
[robosuite WARNING] The config has defined for the controller "base", but the robot does not have this component. Skipping, but make sure this is intended.Removing the controller config for base from self.part_controller_config. (robot.py:151)
[robosuite WARNING] The config has defined for the controller "legs", but the robot does not have this component. Skipping, but make sure this is intended.Removing the controller config for legs from self.part_controller_config. (robot.py:151)
[robosuite INFO] Loading controller configuration from: /home/lph/.conda/envs/lph/lib/python3.10/site-packages/robosuite/controllers/config/default/composite/basic.json (composite_controller_factory.py:121)
[robosuite WARNING] The config has defined for the controller "left", but the robot does not have this component. Skipping, but make sure this is intended.Removing the controller config for left from self.part_controller_config. (robot.py:151)
[robosuite WARNING] The config has defined for the controller "torso", but the robot does not have this component. Skipping, but make sure this is intended.Removing the controller config for torso from self.part_controller_config. (robot.py:151)
[robosuite WARNING] The config has defined for the controller "head", but the robot does not have this component. Skipping, but make sure this is intended.Removing the controller config for head from self.part_controller_config. (robot.py:151)
[robosuite WARNING] The config has defined for the controller "base", but the robot does not have this component. Skipping, but make sure this is intended.Removing the controller config for base from self.part_controller_config. (robot.py:151)
[robosuite WARNING] The config has defined for the controller "legs", but the robot does not have this component. Skipping, but make sure this is intended.Removing the controller config for legs from self.part_controller_config. (robot.py:151)
[robosuite WARNING] The config has defined for the controller "left", but the robot does not have this component. Skipping, but make sure this is intended.Removing the controller config for left from self.part_controller_config. (robot.py:151)
[robosuite WARNING] The config has defined for the controller "torso", but the robot does not have this component. Skipping, but make sure this is intended.Removing the controller config for torso from self.part_controller_config. (robot.py:151)
[robosuite WARNING] The config has defined for the controller "head", but the robot does not have this component. Skipping, but make sure this is intended.Removing the controller config for head from self.part_controller_config. (robot.py:151)
[robosuite WARNING] The config has defined for the controller "base", but the robot does not have this component. Skipping, but make sure this is intended.Removing the controller config for base from self.part_controller_config. (robot.py:151)
[robosuite WARNING] The config has defined for the controller "legs", but the robot does not have this component. Skipping, but make sure this is intended.Removing the controller config for legs from self.part_controller_config. (robot.py:151)
[robosuite INFO] Loading controller configuration from: /home/lph/.conda/envs/lph/lib/python3.10/site-packages/robosuite/controllers/config/default/composite/basic.json (composite_controller_factory.py:121)
[robosuite WARNING] The config has defined for the controller "left", but the robot does not have this component. Skipping, but make sure this is intended.Removing the controller config for left from self.part_controller_config. (robot.py:151)
[robosuite WARNING] The config has defined for the controller "torso", but the robot does not have this component. Skipping, but make sure this is intended.Removing the controller config for torso from self.part_controller_config. (robot.py:151)
[robosuite WARNING] The config has defined for the controller "head", but the robot does not have this component. Skipping, but make sure this is intended.Removing the controller config for head from self.part_controller_config. (robot.py:151)
[robosuite WARNING] The config has defined for the controller "base", but the robot does not have this component. Skipping, but make sure this is intended.Removing the controller config for base from self.part_controller_config. (robot.py:151)
[robosuite WARNING] The config has defined for the controller "legs", but the robot does not have this component. Skipping, but make sure this is intended.Removing the controller config for legs from self.part_controller_config. (robot.py:151)
[robosuite WARNING] The config has defined for the controller "left", but the robot does not have this component. Skipping, but make sure this is intended.Removing the controller config for left from self.part_controller_config. (robot.py:151)
[robosuite WARNING] The config has defined for the controller "torso", but the robot does not have this component. Skipping, but make sure this is intended.Removing the controller config for torso from self.part_controller_config. (robot.py:151)
[robosuite WARNING] The config has defined for the controller "head", but the robot does not have this component. Skipping, but make sure this is intended.Removing the controller config for head from self.part_controller_config. (robot.py:151)
[robosuite WARNING] The config has defined for the controller "base", but the robot does not have this component. Skipping, but make sure this is intended.Removing the controller config for base from self.part_controller_config. (robot.py:151)
[robosuite WARNING] The config has defined for the controller "legs", but the robot does not have this component. Skipping, but make sure this is intended.Removing the controller config for legs from self.part_controller_config. (robot.py:151)
[robosuite INFO] Loading controller configuration from: /home/lph/.conda/envs/lph/lib/python3.10/site-packages/robosuite/controllers/config/default/composite/basic.json (composite_controller_factory.py:121)
[robosuite WARNING] The config has defined for the controller "left", but the robot does not have this component. Skipping, but make sure this is intended.Removing the controller config for left from self.part_controller_config. (robot.py:151)
[robosuite WARNING] The config has defined for the controller "torso", but the robot does not have this component. Skipping, but make sure this is intended.Removing the controller config for torso from self.part_controller_config. (robot.py:151)
[robosuite WARNING] The config has defined for the controller "head", but the robot does not have this component. Skipping, but make sure this is intended.Removing the controller config for head from self.part_controller_config. (robot.py:151)
[robosuite WARNING] The config has defined for the controller "base", but the robot does not have this component. Skipping, but make sure this is intended.Removing the controller config for base from self.part_controller_config. (robot.py:151)
[robosuite WARNING] The config has defined for the controller "legs", but the robot does not have this component. Skipping, but make sure this is intended.Removing the controller config for legs from self.part_controller_config. (robot.py:151)
[robosuite WARNING] The config has defined for the controller "left", but the robot does not have this component. Skipping, but make sure this is intended.Removing the controller config for left from self.part_controller_config. (robot.py:151)
[robosuite WARNING] The config has defined for the controller "torso", but the robot does not have this component. Skipping, but make sure this is intended.Removing the controller config for torso from self.part_controller_config. (robot.py:151)
[robosuite WARNING] The config has defined for the controller "head", but the robot does not have this component. Skipping, but make sure this is intended.Removing the controller config for head from self.part_controller_config. (robot.py:151)
[robosuite WARNING] The config has defined for the controller "base", but the robot does not have this component. Skipping, but make sure this is intended.Removing the controller config for base from self.part_controller_config. (robot.py:151)
[robosuite WARNING] The config has defined for the controller "legs", but the robot does not have this component. Skipping, but make sure this is intended.Removing the controller config for legs from self.part_controller_config. (robot.py:151)
[robosuite INFO] Loading controller configuration from: /home/lph/.conda/envs/lph/lib/python3.10/site-packages/robosuite/controllers/config/default/composite/basic.json (composite_controller_factory.py:121)
[robosuite WARNING] The config has defined for the controller "left", but the robot does not have this component. Skipping, but make sure this is intended.Removing the controller config for left from self.part_controller_config. (robot.py:151)
[robosuite WARNING] The config has defined for the controller "torso", but the robot does not have this component. Skipping, but make sure this is intended.Removing the controller config for torso from self.part_controller_config. (robot.py:151)
[robosuite WARNING] The config has defined for the controller "head", but the robot does not have this component. Skipping, but make sure this is intended.Removing the controller config for head from self.part_controller_config. (robot.py:151)
[robosuite WARNING] The config has defined for the controller "base", but the robot does not have this component. Skipping, but make sure this is intended.Removing the controller config for base from self.part_controller_config. (robot.py:151)
[robosuite WARNING] The config has defined for the controller "legs", but the robot does not have this component. Skipping, but make sure this is intended.Removing the controller config for legs from self.part_controller_config. (robot.py:151)
[robosuite WARNING] The config has defined for the controller "left", but the robot does not have this component. Skipping, but make sure this is intended.Removing the controller config for left from self.part_controller_config. (robot.py:151)
[robosuite WARNING] The config has defined for the controller "torso", but the robot does not have this component. Skipping, but make sure this is intended.Removing the controller config for torso from self.part_controller_config. (robot.py:151)
[robosuite WARNING] The config has defined for the controller "head", but the robot does not have this component. Skipping, but make sure this is intended.Removing the controller config for head from self.part_controller_config. (robot.py:151)
[robosuite WARNING] The config has defined for the controller "base", but the robot does not have this component. Skipping, but make sure this is intended.Removing the controller config for base from self.part_controller_config. (robot.py:151)
[robosuite WARNING] The config has defined for the controller "legs", but the robot does not have this component. Skipping, but make sure this is intended.Removing the controller config for legs from self.part_controller_config. (robot.py:151)
[robosuite INFO] Loading controller configuration from: /home/lph/.conda/envs/lph/lib/python3.10/site-packages/robosuite/controllers/config/default/composite/basic.json (composite_controller_factory.py:121)
[robosuite WARNING] The config has defined for the controller "left", but the robot does not have this component. Skipping, but make sure this is intended.Removing the controller config for left from self.part_controller_config. (robot.py:151)
[robosuite WARNING] The config has defined for the controller "torso", but the robot does not have this component. Skipping, but make sure this is intended.Removing the controller config for torso from self.part_controller_config. (robot.py:151)
[robosuite WARNING] The config has defined for the controller "head", but the robot does not have this component. Skipping, but make sure this is intended.Removing the controller config for head from self.part_controller_config. (robot.py:151)
[robosuite WARNING] The config has defined for the controller "base", but the robot does not have this component. Skipping, but make sure this is intended.Removing the controller config for base from self.part_controller_config. (robot.py:151)
[robosuite WARNING] The config has defined for the controller "legs", but the robot does not have this component. Skipping, but make sure this is intended.Removing the controller config for legs from self.part_controller_config. (robot.py:151)
[robosuite WARNING] The config has defined for the controller "left", but the robot does not have this component. Skipping, but make sure this is intended.Removing the controller config for left from self.part_controller_config. (robot.py:151)
[robosuite WARNING] The config has defined for the controller "torso", but the robot does not have this component. Skipping, but make sure this is intended.Removing the controller config for torso from self.part_controller_config. (robot.py:151)
[robosuite WARNING] The config has defined for the controller "head", but the robot does not have this component. Skipping, but make sure this is intended.Removing the controller config for head from self.part_controller_config. (robot.py:151)
[robosuite WARNING] The config has defined for the controller "base", but the robot does not have this component. Skipping, but make sure this is intended.Removing the controller config for base from self.part_controller_config. (robot.py:151)
[robosuite WARNING] The config has defined for the controller "legs", but the robot does not have this component. Skipping, but make sure this is intended.Removing the controller config for legs from self.part_controller_config. (robot.py:151)
[robosuite INFO] Loading controller configuration from: /home/lph/.conda/envs/lph/lib/python3.10/site-packages/robosuite/controllers/config/default/composite/basic.json (composite_controller_factory.py:121)
[robosuite WARNING] The config has defined for the controller "left", but the robot does not have this component. Skipping, but make sure this is intended.Removing the controller config for left from self.part_controller_config. (robot.py:151)
[robosuite WARNING] The config has defined for the controller "torso", but the robot does not have this component. Skipping, but make sure this is intended.Removing the controller config for torso from self.part_controller_config. (robot.py:151)
[robosuite WARNING] The config has defined for the controller "head", but the robot does not have this component. Skipping, but make sure this is intended.Removing the controller config for head from self.part_controller_config. (robot.py:151)
[robosuite WARNING] The config has defined for the controller "base", but the robot does not have this component. Skipping, but make sure this is intended.Removing the controller config for base from self.part_controller_config. (robot.py:151)
[robosuite WARNING] The config has defined for the controller "legs", but the robot does not have this component. Skipping, but make sure this is intended.Removing the controller config for legs from self.part_controller_config. (robot.py:151)
[robosuite WARNING] The config has defined for the controller "left", but the robot does not have this component. Skipping, but make sure this is intended.Removing the controller config for left from self.part_controller_config. (robot.py:151)
[robosuite WARNING] The config has defined for the controller "torso", but the robot does not have this component. Skipping, but make sure this is intended.Removing the controller config for torso from self.part_controller_config. (robot.py:151)
[robosuite WARNING] The config has defined for the controller "head", but the robot does not have this component. Skipping, but make sure this is intended.Removing the controller config for head from self.part_controller_config. (robot.py:151)
[robosuite WARNING] The config has defined for the controller "base", but the robot does not have this component. Skipping, but make sure this is intended.Removing the controller config for base from self.part_controller_config. (robot.py:151)
[robosuite WARNING] The config has defined for the controller "legs", but the robot does not have this component. Skipping, but make sure this is intended.Removing the controller config for legs from self.part_controller_config. (robot.py:151)
[robosuite INFO] Loading controller configuration from: /home/lph/.conda/envs/lph/lib/python3.10/site-packages/robosuite/controllers/config/default/composite/basic.json (composite_controller_factory.py:121)
[robosuite WARNING] The config has defined for the controller "left", but the robot does not have this component. Skipping, but make sure this is intended.Removing the controller config for left from self.part_controller_config. (robot.py:151)
[robosuite WARNING] The config has defined for the controller "torso", but the robot does not have this component. Skipping, but make sure this is intended.Removing the controller config for torso from self.part_controller_config. (robot.py:151)
[robosuite WARNING] The config has defined for the controller "head", but the robot does not have this component. Skipping, but make sure this is intended.Removing the controller config for head from self.part_controller_config. (robot.py:151)
[robosuite WARNING] The config has defined for the controller "base", but the robot does not have this component. Skipping, but make sure this is intended.Removing the controller config for base from self.part_controller_config. (robot.py:151)
[robosuite WARNING] The config has defined for the controller "legs", but the robot does not have this component. Skipping, but make sure this is intended.Removing the controller config for legs from self.part_controller_config. (robot.py:151)
[robosuite WARNING] The config has defined for the controller "left", but the robot does not have this component. Skipping, but make sure this is intended.Removing the controller config for left from self.part_controller_config. (robot.py:151)
[robosuite WARNING] The config has defined for the controller "torso", but the robot does not have this component. Skipping, but make sure this is intended.Removing the controller config for torso from self.part_controller_config. (robot.py:151)
[robosuite WARNING] The config has defined for the controller "head", but the robot does not have this component. Skipping, but make sure this is intended.Removing the controller config for head from self.part_controller_config. (robot.py:151)
[robosuite WARNING] The config has defined for the controller "base", but the robot does not have this component. Skipping, but make sure this is intended.Removing the controller config for base from self.part_controller_config. (robot.py:151)
[robosuite WARNING] The config has defined for the controller "legs", but the robot does not have this component. Skipping, but make sure this is intended.Removing the controller config for legs from self.part_controller_config. (robot.py:151)
[robosuite INFO] Loading controller configuration from: /home/lph/.conda/envs/lph/lib/python3.10/site-packages/robosuite/controllers/config/default/composite/basic.json (composite_controller_factory.py:121)
[robosuite WARNING] The config has defined for the controller "left", but the robot does not have this component. Skipping, but make sure this is intended.Removing the controller config for left from self.part_controller_config. (robot.py:151)
[robosuite WARNING] The config has defined for the controller "torso", but the robot does not have this component. Skipping, but make sure this is intended.Removing the controller config for torso from self.part_controller_config. (robot.py:151)
[robosuite WARNING] The config has defined for the controller "head", but the robot does not have this component. Skipping, but make sure this is intended.Removing the controller config for head from self.part_controller_config. (robot.py:151)
[robosuite WARNING] The config has defined for the controller "base", but the robot does not have this component. Skipping, but make sure this is intended.Removing the controller config for base from self.part_controller_config. (robot.py:151)
[robosuite WARNING] The config has defined for the controller "legs", but the robot does not have this component. Skipping, but make sure this is intended.Removing the controller config for legs from self.part_controller_config. (robot.py:151)
[robosuite WARNING] The config has defined for the controller "left", but the robot does not have this component. Skipping, but make sure this is intended.Removing the controller config for left from self.part_controller_config. (robot.py:151)
[robosuite WARNING] The config has defined for the controller "torso", but the robot does not have this component. Skipping, but make sure this is intended.Removing the controller config for torso from self.part_controller_config. (robot.py:151)
[robosuite WARNING] The config has defined for the controller "head", but the robot does not have this component. Skipping, but make sure this is intended.Removing the controller config for head from self.part_controller_config. (robot.py:151)
[robosuite WARNING] The config has defined for the controller "base", but the robot does not have this component. Skipping, but make sure this is intended.Removing the controller config for base from self.part_controller_config. (robot.py:151)
[robosuite WARNING] The config has defined for the controller "legs", but the robot does not have this component. Skipping, but make sure this is intended.Removing the controller config for legs from self.part_controller_config. (robot.py:151)
[robosuite INFO] Loading controller configuration from: /home/lph/.conda/envs/lph/lib/python3.10/site-packages/robosuite/controllers/config/default/composite/basic.json (composite_controller_factory.py:121)
[robosuite WARNING] The config has defined for the controller "left", but the robot does not have this component. Skipping, but make sure this is intended.Removing the controller config for left from self.part_controller_config. (robot.py:151)
[robosuite WARNING] The config has defined for the controller "torso", but the robot does not have this component. Skipping, but make sure this is intended.Removing the controller config for torso from self.part_controller_config. (robot.py:151)
[robosuite WARNING] The config has defined for the controller "head", but the robot does not have this component. Skipping, but make sure this is intended.Removing the controller config for head from self.part_controller_config. (robot.py:151)
[robosuite WARNING] The config has defined for the controller "base", but the robot does not have this component. Skipping, but make sure this is intended.Removing the controller config for base from self.part_controller_config. (robot.py:151)
[robosuite WARNING] The config has defined for the controller "legs", but the robot does not have this component. Skipping, but make sure this is intended.Removing the controller config for legs from self.part_controller_config. (robot.py:151)
[robosuite WARNING] The config has defined for the controller "left", but the robot does not have this component. Skipping, but make sure this is intended.Removing the controller config for left from self.part_controller_config. (robot.py:151)
[robosuite WARNING] The config has defined for the controller "torso", but the robot does not have this component. Skipping, but make sure this is intended.Removing the controller config for torso from self.part_controller_config. (robot.py:151)
[robosuite WARNING] The config has defined for the controller "head", but the robot does not have this component. Skipping, but make sure this is intended.Removing the controller config for head from self.part_controller_config. (robot.py:151)
[robosuite WARNING] The config has defined for the controller "base", but the robot does not have this component. Skipping, but make sure this is intended.Removing the controller config for base from self.part_controller_config. (robot.py:151)
[robosuite WARNING] The config has defined for the controller "legs", but the robot does not have this component. Skipping, but make sure this is intended.Removing the controller config for legs from self.part_controller_config. (robot.py:151)
[robosuite INFO] Loading controller configuration from: /home/lph/.conda/envs/lph/lib/python3.10/site-packages/robosuite/controllers/config/default/composite/basic.json (composite_controller_factory.py:121)
[robosuite WARNING] The config has defined for the controller "left", but the robot does not have this component. Skipping, but make sure this is intended.Removing the controller config for left from self.part_controller_config. (robot.py:151)
[robosuite WARNING] The config has defined for the controller "torso", but the robot does not have this component. Skipping, but make sure this is intended.Removing the controller config for torso from self.part_controller_config. (robot.py:151)
[robosuite WARNING] The config has defined for the controller "head", but the robot does not have this component. Skipping, but make sure this is intended.Removing the controller config for head from self.part_controller_config. (robot.py:151)
[robosuite WARNING] The config has defined for the controller "base", but the robot does not have this component. Skipping, but make sure this is intended.Removing the controller config for base from self.part_controller_config. (robot.py:151)
[robosuite WARNING] The config has defined for the controller "legs", but the robot does not have this component. Skipping, but make sure this is intended.Removing the controller config for legs from self.part_controller_config. (robot.py:151)
[robosuite WARNING] The config has defined for the controller "left", but the robot does not have this component. Skipping, but make sure this is intended.Removing the controller config for left from self.part_controller_config. (robot.py:151)
[robosuite WARNING] The config has defined for the controller "torso", but the robot does not have this component. Skipping, but make sure this is intended.Removing the controller config for torso from self.part_controller_config. (robot.py:151)
[robosuite WARNING] The config has defined for the controller "head", but the robot does not have this component. Skipping, but make sure this is intended.Removing the controller config for head from self.part_controller_config. (robot.py:151)
[robosuite WARNING] The config has defined for the controller "base", but the robot does not have this component. Skipping, but make sure this is intended.Removing the controller config for base from self.part_controller_config. (robot.py:151)
[robosuite WARNING] The config has defined for the controller "legs", but the robot does not have this component. Skipping, but make sure this is intended.Removing the controller config for legs from self.part_controller_config. (robot.py:151)
[robosuite INFO] Loading controller configuration from: /home/lph/.conda/envs/lph/lib/python3.10/site-packages/robosuite/controllers/config/default/composite/basic.json (composite_controller_factory.py:121)
[robosuite WARNING] The config has defined for the controller "left", but the robot does not have this component. Skipping, but make sure this is intended.Removing the controller config for left from self.part_controller_config. (robot.py:151)
[robosuite WARNING] The config has defined for the controller "torso", but the robot does not have this component. Skipping, but make sure this is intended.Removing the controller config for torso from self.part_controller_config. (robot.py:151)
[robosuite WARNING] The config has defined for the controller "head", but the robot does not have this component. Skipping, but make sure this is intended.Removing the controller config for head from self.part_controller_config. (robot.py:151)
[robosuite WARNING] The config has defined for the controller "base", but the robot does not have this component. Skipping, but make sure this is intended.Removing the controller config for base from self.part_controller_config. (robot.py:151)
[robosuite WARNING] The config has defined for the controller "legs", but the robot does not have this component. Skipping, but make sure this is intended.Removing the controller config for legs from self.part_controller_config. (robot.py:151)
[robosuite WARNING] The config has defined for the controller "left", but the robot does not have this component. Skipping, but make sure this is intended.Removing the controller config for left from self.part_controller_config. (robot.py:151)
[robosuite WARNING] The config has defined for the controller "torso", but the robot does not have this component. Skipping, but make sure this is intended.Removing the controller config for torso from self.part_controller_config. (robot.py:151)
[robosuite WARNING] The config has defined for the controller "head", but the robot does not have this component. Skipping, but make sure this is intended.Removing the controller config for head from self.part_controller_config. (robot.py:151)
[robosuite WARNING] The config has defined for the controller "base", but the robot does not have this component. Skipping, but make sure this is intended.Removing the controller config for base from self.part_controller_config. (robot.py:151)
[robosuite WARNING] The config has defined for the controller "legs", but the robot does not have this component. Skipping, but make sure this is intended.Removing the controller config for legs from self.part_controller_config. (robot.py:151)
[robosuite INFO] Loading controller configuration from: /home/lph/.conda/envs/lph/lib/python3.10/site-packages/robosuite/controllers/config/default/composite/basic.json (composite_controller_factory.py:121)
[robosuite WARNING] The config has defined for the controller "left", but the robot does not have this component. Skipping, but make sure this is intended.Removing the controller config for left from self.part_controller_config. (robot.py:151)
[robosuite WARNING] The config has defined for the controller "torso", but the robot does not have this component. Skipping, but make sure this is intended.Removing the controller config for torso from self.part_controller_config. (robot.py:151)
[robosuite WARNING] The config has defined for the controller "head", but the robot does not have this component. Skipping, but make sure this is intended.Removing the controller config for head from self.part_controller_config. (robot.py:151)
[robosuite WARNING] The config has defined for the controller "base", but the robot does not have this component. Skipping, but make sure this is intended.Removing the controller config for base from self.part_controller_config. (robot.py:151)
[robosuite WARNING] The config has defined for the controller "legs", but the robot does not have this component. Skipping, but make sure this is intended.Removing the controller config for legs from self.part_controller_config. (robot.py:151)
[robosuite WARNING] The config has defined for the controller "left", but the robot does not have this component. Skipping, but make sure this is intended.Removing the controller config for left from self.part_controller_config. (robot.py:151)
[robosuite WARNING] The config has defined for the controller "torso", but the robot does not have this component. Skipping, but make sure this is intended.Removing the controller config for torso from self.part_controller_config. (robot.py:151)
[robosuite WARNING] The config has defined for the controller "head", but the robot does not have this component. Skipping, but make sure this is intended.Removing the controller config for head from self.part_controller_config. (robot.py:151)
[robosuite WARNING] The config has defined for the controller "base", but the robot does not have this component. Skipping, but make sure this is intended.Removing the controller config for base from self.part_controller_config. (robot.py:151)
[robosuite WARNING] The config has defined for the controller "legs", but the robot does not have this component. Skipping, but make sure this is intended.Removing the controller config for legs from self.part_controller_config. (robot.py:151)
[robosuite INFO] Loading controller configuration from: /home/lph/.conda/envs/lph/lib/python3.10/site-packages/robosuite/controllers/config/default/composite/basic.json (composite_controller_factory.py:121)
[robosuite WARNING] The config has defined for the controller "left", but the robot does not have this component. Skipping, but make sure this is intended.Removing the controller config for left from self.part_controller_config. (robot.py:151)
[robosuite WARNING] The config has defined for the controller "torso", but the robot does not have this component. Skipping, but make sure this is intended.Removing the controller config for torso from self.part_controller_config. (robot.py:151)
[robosuite WARNING] The config has defined for the controller "head", but the robot does not have this component. Skipping, but make sure this is intended.Removing the controller config for head from self.part_controller_config. (robot.py:151)
[robosuite WARNING] The config has defined for the controller "base", but the robot does not have this component. Skipping, but make sure this is intended.Removing the controller config for base from self.part_controller_config. (robot.py:151)
[robosuite WARNING] The config has defined for the controller "legs", but the robot does not have this component. Skipping, but make sure this is intended.Removing the controller config for legs from self.part_controller_config. (robot.py:151)
[robosuite WARNING] The config has defined for the controller "left", but the robot does not have this component. Skipping, but make sure this is intended.Removing the controller config for left from self.part_controller_config. (robot.py:151)
[robosuite WARNING] The config has defined for the controller "torso", but the robot does not have this component. Skipping, but make sure this is intended.Removing the controller config for torso from self.part_controller_config. (robot.py:151)
[robosuite WARNING] The config has defined for the controller "head", but the robot does not have this component. Skipping, but make sure this is intended.Removing the controller config for head from self.part_controller_config. (robot.py:151)
[robosuite WARNING] The config has defined for the controller "base", but the robot does not have this component. Skipping, but make sure this is intended.Removing the controller config for base from self.part_controller_config. (robot.py:151)
[robosuite WARNING] The config has defined for the controller "legs", but the robot does not have this component. Skipping, but make sure this is intended.Removing the controller config for legs from self.part_controller_config. (robot.py:151)
[robosuite INFO] Loading controller configuration from: /home/lph/.conda/envs/lph/lib/python3.10/site-packages/robosuite/controllers/config/default/composite/basic.json (composite_controller_factory.py:121)
[robosuite WARNING] The config has defined for the controller "left", but the robot does not have this component. Skipping, but make sure this is intended.Removing the controller config for left from self.part_controller_config. (robot.py:151)
[robosuite WARNING] The config has defined for the controller "torso", but the robot does not have this component. Skipping, but make sure this is intended.Removing the controller config for torso from self.part_controller_config. (robot.py:151)
[robosuite WARNING] The config has defined for the controller "head", but the robot does not have this component. Skipping, but make sure this is intended.Removing the controller config for head from self.part_controller_config. (robot.py:151)
[robosuite WARNING] The config has defined for the controller "base", but the robot does not have this component. Skipping, but make sure this is intended.Removing the controller config for base from self.part_controller_config. (robot.py:151)
[robosuite WARNING] The config has defined for the controller "legs", but the robot does not have this component. Skipping, but make sure this is intended.Removing the controller config for legs from self.part_controller_config. (robot.py:151)
[robosuite WARNING] The config has defined for the controller "left", but the robot does not have this component. Skipping, but make sure this is intended.Removing the controller config for left from self.part_controller_config. (robot.py:151)
[robosuite WARNING] The config has defined for the controller "torso", but the robot does not have this component. Skipping, but make sure this is intended.Removing the controller config for torso from self.part_controller_config. (robot.py:151)
[robosuite WARNING] The config has defined for the controller "head", but the robot does not have this component. Skipping, but make sure this is intended.Removing the controller config for head from self.part_controller_config. (robot.py:151)
[robosuite WARNING] The config has defined for the controller "base", but the robot does not have this component. Skipping, but make sure this is intended.Removing the controller config for base from self.part_controller_config. (robot.py:151)
[robosuite WARNING] The config has defined for the controller "legs", but the robot does not have this component. Skipping, but make sure this is intended.Removing the controller config for legs from self.part_controller_config. (robot.py:151)
[robosuite INFO] Loading controller configuration from: /home/lph/.conda/envs/lph/lib/python3.10/site-packages/robosuite/controllers/config/default/composite/basic.json (composite_controller_factory.py:121)
[robosuite WARNING] The config has defined for the controller "left", but the robot does not have this component. Skipping, but make sure this is intended.Removing the controller config for left from self.part_controller_config. (robot.py:151)
[robosuite WARNING] The config has defined for the controller "torso", but the robot does not have this component. Skipping, but make sure this is intended.Removing the controller config for torso from self.part_controller_config. (robot.py:151)
[robosuite WARNING] The config has defined for the controller "head", but the robot does not have this component. Skipping, but make sure this is intended.Removing the controller config for head from self.part_controller_config. (robot.py:151)
[robosuite WARNING] The config has defined for the controller "base", but the robot does not have this component. Skipping, but make sure this is intended.Removing the controller config for base from self.part_controller_config. (robot.py:151)
[robosuite WARNING] The config has defined for the controller "legs", but the robot does not have this component. Skipping, but make sure this is intended.Removing the controller config for legs from self.part_controller_config. (robot.py:151)
[robosuite WARNING] The config has defined for the controller "left", but the robot does not have this component. Skipping, but make sure this is intended.Removing the controller config for left from self.part_controller_config. (robot.py:151)
[robosuite WARNING] The config has defined for the controller "torso", but the robot does not have this component. Skipping, but make sure this is intended.Removing the controller config for torso from self.part_controller_config. (robot.py:151)
[robosuite WARNING] The config has defined for the controller "head", but the robot does not have this component. Skipping, but make sure this is intended.Removing the controller config for head from self.part_controller_config. (robot.py:151)
[robosuite WARNING] The config has defined for the controller "base", but the robot does not have this component. Skipping, but make sure this is intended.Removing the controller config for base from self.part_controller_config. (robot.py:151)
[robosuite WARNING] The config has defined for the controller "legs", but the robot does not have this component. Skipping, but make sure this is intended.Removing the controller config for legs from self.part_controller_config. (robot.py:151)
[robosuite INFO] Loading controller configuration from: /home/lph/.conda/envs/lph/lib/python3.10/site-packages/robosuite/controllers/config/default/composite/basic.json (composite_controller_factory.py:121)
[robosuite WARNING] The config has defined for the controller "left", but the robot does not have this component. Skipping, but make sure this is intended.Removing the controller config for left from self.part_controller_config. (robot.py:151)
[robosuite WARNING] The config has defined for the controller "torso", but the robot does not have this component. Skipping, but make sure this is intended.Removing the controller config for torso from self.part_controller_config. (robot.py:151)
[robosuite WARNING] The config has defined for the controller "head", but the robot does not have this component. Skipping, but make sure this is intended.Removing the controller config for head from self.part_controller_config. (robot.py:151)
[robosuite WARNING] The config has defined for the controller "base", but the robot does not have this component. Skipping, but make sure this is intended.Removing the controller config for base from self.part_controller_config. (robot.py:151)
[robosuite WARNING] The config has defined for the controller "legs", but the robot does not have this component. Skipping, but make sure this is intended.Removing the controller config for legs from self.part_controller_config. (robot.py:151)
[robosuite WARNING] The config has defined for the controller "left", but the robot does not have this component. Skipping, but make sure this is intended.Removing the controller config for left from self.part_controller_config. (robot.py:151)
[robosuite WARNING] The config has defined for the controller "torso", but the robot does not have this component. Skipping, but make sure this is intended.Removing the controller config for torso from self.part_controller_config. (robot.py:151)
[robosuite WARNING] The config has defined for the controller "head", but the robot does not have this component. Skipping, but make sure this is intended.Removing the controller config for head from self.part_controller_config. (robot.py:151)
[robosuite WARNING] The config has defined for the controller "base", but the robot does not have this component. Skipping, but make sure this is intended.Removing the controller config for base from self.part_controller_config. (robot.py:151)
[robosuite WARNING] The config has defined for the controller "legs", but the robot does not have this component. Skipping, but make sure this is intended.Removing the controller config for legs from self.part_controller_config. (robot.py:151)
[robosuite INFO] Loading controller configuration from: /home/lph/.conda/envs/lph/lib/python3.10/site-packages/robosuite/controllers/config/default/composite/basic.json (composite_controller_factory.py:121)
[robosuite WARNING] The config has defined for the controller "left", but the robot does not have this component. Skipping, but make sure this is intended.Removing the controller config for left from self.part_controller_config. (robot.py:151)
[robosuite WARNING] The config has defined for the controller "torso", but the robot does not have this component. Skipping, but make sure this is intended.Removing the controller config for torso from self.part_controller_config. (robot.py:151)
[robosuite WARNING] The config has defined for the controller "head", but the robot does not have this component. Skipping, but make sure this is intended.Removing the controller config for head from self.part_controller_config. (robot.py:151)
[robosuite WARNING] The config has defined for the controller "base", but the robot does not have this component. Skipping, but make sure this is intended.Removing the controller config for base from self.part_controller_config. (robot.py:151)
[robosuite WARNING] The config has defined for the controller "legs", but the robot does not have this component. Skipping, but make sure this is intended.Removing the controller config for legs from self.part_controller_config. (robot.py:151)
[robosuite WARNING] The config has defined for the controller "left", but the robot does not have this component. Skipping, but make sure this is intended.Removing the controller config for left from self.part_controller_config. (robot.py:151)
[robosuite WARNING] The config has defined for the controller "torso", but the robot does not have this component. Skipping, but make sure this is intended.Removing the controller config for torso from self.part_controller_config. (robot.py:151)
[robosuite WARNING] The config has defined for the controller "head", but the robot does not have this component. Skipping, but make sure this is intended.Removing the controller config for head from self.part_controller_config. (robot.py:151)
[robosuite WARNING] The config has defined for the controller "base", but the robot does not have this component. Skipping, but make sure this is intended.Removing the controller config for base from self.part_controller_config. (robot.py:151)
[robosuite WARNING] The config has defined for the controller "legs", but the robot does not have this component. Skipping, but make sure this is intended.Removing the controller config for legs from self.part_controller_config. (robot.py:151)
[robosuite INFO] Loading controller configuration from: /home/lph/.conda/envs/lph/lib/python3.10/site-packages/robosuite/controllers/config/default/composite/basic.json (composite_controller_factory.py:121)
[robosuite WARNING] The config has defined for the controller "left", but the robot does not have this component. Skipping, but make sure this is intended.Removing the controller config for left from self.part_controller_config. (robot.py:151)
[robosuite WARNING] The config has defined for the controller "torso", but the robot does not have this component. Skipping, but make sure this is intended.Removing the controller config for torso from self.part_controller_config. (robot.py:151)
[robosuite WARNING] The config has defined for the controller "head", but the robot does not have this component. Skipping, but make sure this is intended.Removing the controller config for head from self.part_controller_config. (robot.py:151)
[robosuite WARNING] The config has defined for the controller "base", but the robot does not have this component. Skipping, but make sure this is intended.Removing the controller config for base from self.part_controller_config. (robot.py:151)
[robosuite WARNING] The config has defined for the controller "legs", but the robot does not have this component. Skipping, but make sure this is intended.Removing the controller config for legs from self.part_controller_config. (robot.py:151)
[robosuite WARNING] The config has defined for the controller "left", but the robot does not have this component. Skipping, but make sure this is intended.Removing the controller config for left from self.part_controller_config. (robot.py:151)
[robosuite WARNING] The config has defined for the controller "torso", but the robot does not have this component. Skipping, but make sure this is intended.Removing the controller config for torso from self.part_controller_config. (robot.py:151)
[robosuite WARNING] The config has defined for the controller "head", but the robot does not have this component. Skipping, but make sure this is intended.Removing the controller config for head from self.part_controller_config. (robot.py:151)
[robosuite WARNING] The config has defined for the controller "base", but the robot does not have this component. Skipping, but make sure this is intended.Removing the controller config for base from self.part_controller_config. (robot.py:151)
[robosuite WARNING] The config has defined for the controller "legs", but the robot does not have this component. Skipping, but make sure this is intended.Removing the controller config for legs from self.part_controller_config. (robot.py:151)
[robosuite INFO] Loading controller configuration from: /home/lph/.conda/envs/lph/lib/python3.10/site-packages/robosuite/controllers/config/default/composite/basic.json (composite_controller_factory.py:121)
[robosuite WARNING] The config has defined for the controller "left", but the robot does not have this component. Skipping, but make sure this is intended.Removing the controller config for left from self.part_controller_config. (robot.py:151)
[robosuite WARNING] The config has defined for the controller "torso", but the robot does not have this component. Skipping, but make sure this is intended.Removing the controller config for torso from self.part_controller_config. (robot.py:151)
[robosuite WARNING] The config has defined for the controller "head", but the robot does not have this component. Skipping, but make sure this is intended.Removing the controller config for head from self.part_controller_config. (robot.py:151)
[robosuite WARNING] The config has defined for the controller "base", but the robot does not have this component. Skipping, but make sure this is intended.Removing the controller config for base from self.part_controller_config. (robot.py:151)
[robosuite WARNING] The config has defined for the controller "legs", but the robot does not have this component. Skipping, but make sure this is intended.Removing the controller config for legs from self.part_controller_config. (robot.py:151)
[robosuite WARNING] The config has defined for the controller "left", but the robot does not have this component. Skipping, but make sure this is intended.Removing the controller config for left from self.part_controller_config. (robot.py:151)
[robosuite WARNING] The config has defined for the controller "torso", but the robot does not have this component. Skipping, but make sure this is intended.Removing the controller config for torso from self.part_controller_config. (robot.py:151)
[robosuite WARNING] The config has defined for the controller "head", but the robot does not have this component. Skipping, but make sure this is intended.Removing the controller config for head from self.part_controller_config. (robot.py:151)
[robosuite WARNING] The config has defined for the controller "base", but the robot does not have this component. Skipping, but make sure this is intended.Removing the controller config for base from self.part_controller_config. (robot.py:151)
[robosuite WARNING] The config has defined for the controller "legs", but the robot does not have this component. Skipping, but make sure this is intended.Removing the controller config for legs from self.part_controller_config. (robot.py:151)
[robosuite INFO] Loading controller configuration from: /home/lph/.conda/envs/lph/lib/python3.10/site-packages/robosuite/controllers/config/default/composite/basic.json (composite_controller_factory.py:121)
[robosuite WARNING] The config has defined for the controller "left", but the robot does not have this component. Skipping, but make sure this is intended.Removing the controller config for left from self.part_controller_config. (robot.py:151)
[robosuite WARNING] The config has defined for the controller "torso", but the robot does not have this component. Skipping, but make sure this is intended.Removing the controller config for torso from self.part_controller_config. (robot.py:151)
[robosuite WARNING] The config has defined for the controller "head", but the robot does not have this component. Skipping, but make sure this is intended.Removing the controller config for head from self.part_controller_config. (robot.py:151)
[robosuite WARNING] The config has defined for the controller "base", but the robot does not have this component. Skipping, but make sure this is intended.Removing the controller config for base from self.part_controller_config. (robot.py:151)
[robosuite WARNING] The config has defined for the controller "legs", but the robot does not have this component. Skipping, but make sure this is intended.Removing the controller config for legs from self.part_controller_config. (robot.py:151)
[robosuite WARNING] The config has defined for the controller "left", but the robot does not have this component. Skipping, but make sure this is intended.Removing the controller config for left from self.part_controller_config. (robot.py:151)
[robosuite WARNING] The config has defined for the controller "torso", but the robot does not have this component. Skipping, but make sure this is intended.Removing the controller config for torso from self.part_controller_config. (robot.py:151)
[robosuite WARNING] The config has defined for the controller "head", but the robot does not have this component. Skipping, but make sure this is intended.Removing the controller config for head from self.part_controller_config. (robot.py:151)
[robosuite WARNING] The config has defined for the controller "base", but the robot does not have this component. Skipping, but make sure this is intended.Removing the controller config for base from self.part_controller_config. (robot.py:151)
[robosuite WARNING] The config has defined for the controller "legs", but the robot does not have this component. Skipping, but make sure this is intended.Removing the controller config for legs from self.part_controller_config. (robot.py:151)
[robosuite INFO] Loading controller configuration from: /home/lph/.conda/envs/lph/lib/python3.10/site-packages/robosuite/controllers/config/default/composite/basic.json (composite_controller_factory.py:121)
[robosuite WARNING] The config has defined for the controller "left", but the robot does not have this component. Skipping, but make sure this is intended.Removing the controller config for left from self.part_controller_config. (robot.py:151)
[robosuite WARNING] The config has defined for the controller "torso", but the robot does not have this component. Skipping, but make sure this is intended.Removing the controller config for torso from self.part_controller_config. (robot.py:151)
[robosuite WARNING] The config has defined for the controller "head", but the robot does not have this component. Skipping, but make sure this is intended.Removing the controller config for head from self.part_controller_config. (robot.py:151)
[robosuite WARNING] The config has defined for the controller "base", but the robot does not have this component. Skipping, but make sure this is intended.Removing the controller config for base from self.part_controller_config. (robot.py:151)
[robosuite WARNING] The config has defined for the controller "legs", but the robot does not have this component. Skipping, but make sure this is intended.Removing the controller config for legs from self.part_controller_config. (robot.py:151)
[robosuite WARNING] The config has defined for the controller "left", but the robot does not have this component. Skipping, but make sure this is intended.Removing the controller config for left from self.part_controller_config. (robot.py:151)
[robosuite WARNING] The config has defined for the controller "torso", but the robot does not have this component. Skipping, but make sure this is intended.Removing the controller config for torso from self.part_controller_config. (robot.py:151)
[robosuite WARNING] The config has defined for the controller "head", but the robot does not have this component. Skipping, but make sure this is intended.Removing the controller config for head from self.part_controller_config. (robot.py:151)
[robosuite WARNING] The config has defined for the controller "base", but the robot does not have this component. Skipping, but make sure this is intended.Removing the controller config for base from self.part_controller_config. (robot.py:151)
[robosuite WARNING] The config has defined for the controller "legs", but the robot does not have this component. Skipping, but make sure this is intended.Removing the controller config for legs from self.part_controller_config. (robot.py:151)
[robosuite INFO] Loading controller configuration from: /home/lph/.conda/envs/lph/lib/python3.10/site-packages/robosuite/controllers/config/default/composite/basic.json (composite_controller_factory.py:121)
[robosuite WARNING] The config has defined for the controller "left", but the robot does not have this component. Skipping, but make sure this is intended.Removing the controller config for left from self.part_controller_config. (robot.py:151)
[robosuite WARNING] The config has defined for the controller "torso", but the robot does not have this component. Skipping, but make sure this is intended.Removing the controller config for torso from self.part_controller_config. (robot.py:151)
[robosuite WARNING] The config has defined for the controller "head", but the robot does not have this component. Skipping, but make sure this is intended.Removing the controller config for head from self.part_controller_config. (robot.py:151)
[robosuite WARNING] The config has defined for the controller "base", but the robot does not have this component. Skipping, but make sure this is intended.Removing the controller config for base from self.part_controller_config. (robot.py:151)
[robosuite WARNING] The config has defined for the controller "legs", but the robot does not have this component. Skipping, but make sure this is intended.Removing the controller config for legs from self.part_controller_config. (robot.py:151)
[robosuite WARNING] The config has defined for the controller "left", but the robot does not have this component. Skipping, but make sure this is intended.Removing the controller config for left from self.part_controller_config. (robot.py:151)
[robosuite WARNING] The config has defined for the controller "torso", but the robot does not have this component. Skipping, but make sure this is intended.Removing the controller config for torso from self.part_controller_config. (robot.py:151)
[robosuite WARNING] The config has defined for the controller "head", but the robot does not have this component. Skipping, but make sure this is intended.Removing the controller config for head from self.part_controller_config. (robot.py:151)
[robosuite WARNING] The config has defined for the controller "base", but the robot does not have this component. Skipping, but make sure this is intended.Removing the controller config for base from self.part_controller_config. (robot.py:151)
[robosuite WARNING] The config has defined for the controller "legs", but the robot does not have this component. Skipping, but make sure this is intended.Removing the controller config for legs from self.part_controller_config. (robot.py:151)
[robosuite INFO] Loading controller configuration from: /home/lph/.conda/envs/lph/lib/python3.10/site-packages/robosuite/controllers/config/default/composite/basic.json (composite_controller_factory.py:121)
[robosuite WARNING] The config has defined for the controller "left", but the robot does not have this component. Skipping, but make sure this is intended.Removing the controller config for left from self.part_controller_config. (robot.py:151)
[robosuite WARNING] The config has defined for the controller "torso", but the robot does not have this component. Skipping, but make sure this is intended.Removing the controller config for torso from self.part_controller_config. (robot.py:151)
[robosuite WARNING] The config has defined for the controller "head", but the robot does not have this component. Skipping, but make sure this is intended.Removing the controller config for head from self.part_controller_config. (robot.py:151)
[robosuite WARNING] The config has defined for the controller "base", but the robot does not have this component. Skipping, but make sure this is intended.Removing the controller config for base from self.part_controller_config. (robot.py:151)
[robosuite WARNING] The config has defined for the controller "legs", but the robot does not have this component. Skipping, but make sure this is intended.Removing the controller config for legs from self.part_controller_config. (robot.py:151)
[robosuite WARNING] The config has defined for the controller "left", but the robot does not have this component. Skipping, but make sure this is intended.Removing the controller config for left from self.part_controller_config. (robot.py:151)
[robosuite WARNING] The config has defined for the controller "torso", but the robot does not have this component. Skipping, but make sure this is intended.Removing the controller config for torso from self.part_controller_config. (robot.py:151)
[robosuite WARNING] The config has defined for the controller "head", but the robot does not have this component. Skipping, but make sure this is intended.Removing the controller config for head from self.part_controller_config. (robot.py:151)
[robosuite WARNING] The config has defined for the controller "base", but the robot does not have this component. Skipping, but make sure this is intended.Removing the controller config for base from self.part_controller_config. (robot.py:151)
[robosuite WARNING] The config has defined for the controller "legs", but the robot does not have this component. Skipping, but make sure this is intended.Removing the controller config for legs from self.part_controller_config. (robot.py:151)
[robosuite INFO] Loading controller configuration from: /home/lph/.conda/envs/lph/lib/python3.10/site-packages/robosuite/controllers/config/default/composite/basic.json (composite_controller_factory.py:121)
[robosuite WARNING] The config has defined for the controller "left", but the robot does not have this component. Skipping, but make sure this is intended.Removing the controller config for left from self.part_controller_config. (robot.py:151)
[robosuite WARNING] The config has defined for the controller "torso", but the robot does not have this component. Skipping, but make sure this is intended.Removing the controller config for torso from self.part_controller_config. (robot.py:151)
[robosuite WARNING] The config has defined for the controller "head", but the robot does not have this component. Skipping, but make sure this is intended.Removing the controller config for head from self.part_controller_config. (robot.py:151)
[robosuite WARNING] The config has defined for the controller "base", but the robot does not have this component. Skipping, but make sure this is intended.Removing the controller config for base from self.part_controller_config. (robot.py:151)
[robosuite WARNING] The config has defined for the controller "legs", but the robot does not have this component. Skipping, but make sure this is intended.Removing the controller config for legs from self.part_controller_config. (robot.py:151)
[robosuite WARNING] The config has defined for the controller "left", but the robot does not have this component. Skipping, but make sure this is intended.Removing the controller config for left from self.part_controller_config. (robot.py:151)
[robosuite WARNING] The config has defined for the controller "torso", but the robot does not have this component. Skipping, but make sure this is intended.Removing the controller config for torso from self.part_controller_config. (robot.py:151)
[robosuite WARNING] The config has defined for the controller "head", but the robot does not have this component. Skipping, but make sure this is intended.Removing the controller config for head from self.part_controller_config. (robot.py:151)
[robosuite WARNING] The config has defined for the controller "base", but the robot does not have this component. Skipping, but make sure this is intended.Removing the controller config for base from self.part_controller_config. (robot.py:151)
[robosuite WARNING] The config has defined for the controller "legs", but the robot does not have this component. Skipping, but make sure this is intended.Removing the controller config for legs from self.part_controller_config. (robot.py:151)
[robosuite INFO] Loading controller configuration from: /home/lph/.conda/envs/lph/lib/python3.10/site-packages/robosuite/controllers/config/default/composite/basic.json (composite_controller_factory.py:121)
[robosuite WARNING] The config has defined for the controller "left", but the robot does not have this component. Skipping, but make sure this is intended.Removing the controller config for left from self.part_controller_config. (robot.py:151)
[robosuite WARNING] The config has defined for the controller "torso", but the robot does not have this component. Skipping, but make sure this is intended.Removing the controller config for torso from self.part_controller_config. (robot.py:151)
[robosuite WARNING] The config has defined for the controller "head", but the robot does not have this component. Skipping, but make sure this is intended.Removing the controller config for head from self.part_controller_config. (robot.py:151)
[robosuite WARNING] The config has defined for the controller "base", but the robot does not have this component. Skipping, but make sure this is intended.Removing the controller config for base from self.part_controller_config. (robot.py:151)
[robosuite WARNING] The config has defined for the controller "legs", but the robot does not have this component. Skipping, but make sure this is intended.Removing the controller config for legs from self.part_controller_config. (robot.py:151)
[robosuite WARNING] The config has defined for the controller "left", but the robot does not have this component. Skipping, but make sure this is intended.Removing the controller config for left from self.part_controller_config. (robot.py:151)
[robosuite WARNING] The config has defined for the controller "torso", but the robot does not have this component. Skipping, but make sure this is intended.Removing the controller config for torso from self.part_controller_config. (robot.py:151)
[robosuite WARNING] The config has defined for the controller "head", but the robot does not have this component. Skipping, but make sure this is intended.Removing the controller config for head from self.part_controller_config. (robot.py:151)
[robosuite WARNING] The config has defined for the controller "base", but the robot does not have this component. Skipping, but make sure this is intended.Removing the controller config for base from self.part_controller_config. (robot.py:151)
[robosuite WARNING] The config has defined for the controller "legs", but the robot does not have this component. Skipping, but make sure this is intended.Removing the controller config for legs from self.part_controller_config. (robot.py:151)
[robosuite INFO] Loading controller configuration from: /home/lph/.conda/envs/lph/lib/python3.10/site-packages/robosuite/controllers/config/default/composite/basic.json (composite_controller_factory.py:121)
[robosuite WARNING] The config has defined for the controller "left", but the robot does not have this component. Skipping, but make sure this is intended.Removing the controller config for left from self.part_controller_config. (robot.py:151)
[robosuite WARNING] The config has defined for the controller "torso", but the robot does not have this component. Skipping, but make sure this is intended.Removing the controller config for torso from self.part_controller_config. (robot.py:151)
[robosuite WARNING] The config has defined for the controller "head", but the robot does not have this component. Skipping, but make sure this is intended.Removing the controller config for head from self.part_controller_config. (robot.py:151)
[robosuite WARNING] The config has defined for the controller "base", but the robot does not have this component. Skipping, but make sure this is intended.Removing the controller config for base from self.part_controller_config. (robot.py:151)
[robosuite WARNING] The config has defined for the controller "legs", but the robot does not have this component. Skipping, but make sure this is intended.Removing the controller config for legs from self.part_controller_config. (robot.py:151)
[robosuite WARNING] The config has defined for the controller "left", but the robot does not have this component. Skipping, but make sure this is intended.Removing the controller config for left from self.part_controller_config. (robot.py:151)
[robosuite WARNING] The config has defined for the controller "torso", but the robot does not have this component. Skipping, but make sure this is intended.Removing the controller config for torso from self.part_controller_config. (robot.py:151)
[robosuite WARNING] The config has defined for the controller "head", but the robot does not have this component. Skipping, but make sure this is intended.Removing the controller config for head from self.part_controller_config. (robot.py:151)
[robosuite WARNING] The config has defined for the controller "base", but the robot does not have this component. Skipping, but make sure this is intended.Removing the controller config for base from self.part_controller_config. (robot.py:151)
[robosuite WARNING] The config has defined for the controller "legs", but the robot does not have this component. Skipping, but make sure this is intended.Removing the controller config for legs from self.part_controller_config. (robot.py:151)
[robosuite INFO] Loading controller configuration from: /home/lph/.conda/envs/lph/lib/python3.10/site-packages/robosuite/controllers/config/default/composite/basic.json (composite_controller_factory.py:121)
[robosuite WARNING] The config has defined for the controller "left", but the robot does not have this component. Skipping, but make sure this is intended.Removing the controller config for left from self.part_controller_config. (robot.py:151)
[robosuite WARNING] The config has defined for the controller "torso", but the robot does not have this component. Skipping, but make sure this is intended.Removing the controller config for torso from self.part_controller_config. (robot.py:151)
[robosuite WARNING] The config has defined for the controller "head", but the robot does not have this component. Skipping, but make sure this is intended.Removing the controller config for head from self.part_controller_config. (robot.py:151)
[robosuite WARNING] The config has defined for the controller "base", but the robot does not have this component. Skipping, but make sure this is intended.Removing the controller config for base from self.part_controller_config. (robot.py:151)
[robosuite WARNING] The config has defined for the controller "legs", but the robot does not have this component. Skipping, but make sure this is intended.Removing the controller config for legs from self.part_controller_config. (robot.py:151)
[robosuite WARNING] The config has defined for the controller "left", but the robot does not have this component. Skipping, but make sure this is intended.Removing the controller config for left from self.part_controller_config. (robot.py:151)
[robosuite WARNING] The config has defined for the controller "torso", but the robot does not have this component. Skipping, but make sure this is intended.Removing the controller config for torso from self.part_controller_config. (robot.py:151)
[robosuite WARNING] The config has defined for the controller "head", but the robot does not have this component. Skipping, but make sure this is intended.Removing the controller config for head from self.part_controller_config. (robot.py:151)
[robosuite WARNING] The config has defined for the controller "base", but the robot does not have this component. Skipping, but make sure this is intended.Removing the controller config for base from self.part_controller_config. (robot.py:151)
[robosuite WARNING] The config has defined for the controller "legs", but the robot does not have this component. Skipping, but make sure this is intended.Removing the controller config for legs from self.part_controller_config. (robot.py:151)
[robosuite INFO] Loading controller configuration from: /home/lph/.conda/envs/lph/lib/python3.10/site-packages/robosuite/controllers/config/default/composite/basic.json (composite_controller_factory.py:121)
[robosuite WARNING] The config has defined for the controller "left", but the robot does not have this component. Skipping, but make sure this is intended.Removing the controller config for left from self.part_controller_config. (robot.py:151)
[robosuite WARNING] The config has defined for the controller "torso", but the robot does not have this component. Skipping, but make sure this is intended.Removing the controller config for torso from self.part_controller_config. (robot.py:151)
[robosuite WARNING] The config has defined for the controller "head", but the robot does not have this component. Skipping, but make sure this is intended.Removing the controller config for head from self.part_controller_config. (robot.py:151)
[robosuite WARNING] The config has defined for the controller "base", but the robot does not have this component. Skipping, but make sure this is intended.Removing the controller config for base from self.part_controller_config. (robot.py:151)
[robosuite WARNING] The config has defined for the controller "legs", but the robot does not have this component. Skipping, but make sure this is intended.Removing the controller config for legs from self.part_controller_config. (robot.py:151)
[robosuite WARNING] The config has defined for the controller "left", but the robot does not have this component. Skipping, but make sure this is intended.Removing the controller config for left from self.part_controller_config. (robot.py:151)
[robosuite WARNING] The config has defined for the controller "torso", but the robot does not have this component. Skipping, but make sure this is intended.Removing the controller config for torso from self.part_controller_config. (robot.py:151)
[robosuite WARNING] The config has defined for the controller "head", but the robot does not have this component. Skipping, but make sure this is intended.Removing the controller config for head from self.part_controller_config. (robot.py:151)
[robosuite WARNING] The config has defined for the controller "base", but the robot does not have this component. Skipping, but make sure this is intended.Removing the controller config for base from self.part_controller_config. (robot.py:151)
[robosuite WARNING] The config has defined for the controller "legs", but the robot does not have this component. Skipping, but make sure this is intended.Removing the controller config for legs from self.part_controller_config. (robot.py:151)
[robosuite INFO] Loading controller configuration from: /home/lph/.conda/envs/lph/lib/python3.10/site-packages/robosuite/controllers/config/default/composite/basic.json (composite_controller_factory.py:121)
[robosuite WARNING] The config has defined for the controller "left", but the robot does not have this component. Skipping, but make sure this is intended.Removing the controller config for left from self.part_controller_config. (robot.py:151)
[robosuite WARNING] The config has defined for the controller "torso", but the robot does not have this component. Skipping, but make sure this is intended.Removing the controller config for torso from self.part_controller_config. (robot.py:151)
[robosuite WARNING] The config has defined for the controller "head", but the robot does not have this component. Skipping, but make sure this is intended.Removing the controller config for head from self.part_controller_config. (robot.py:151)
[robosuite WARNING] The config has defined for the controller "base", but the robot does not have this component. Skipping, but make sure this is intended.Removing the controller config for base from self.part_controller_config. (robot.py:151)
[robosuite WARNING] The config has defined for the controller "legs", but the robot does not have this component. Skipping, but make sure this is intended.Removing the controller config for legs from self.part_controller_config. (robot.py:151)
[robosuite WARNING] The config has defined for the controller "left", but the robot does not have this component. Skipping, but make sure this is intended.Removing the controller config for left from self.part_controller_config. (robot.py:151)
[robosuite WARNING] The config has defined for the controller "torso", but the robot does not have this component. Skipping, but make sure this is intended.Removing the controller config for torso from self.part_controller_config. (robot.py:151)
[robosuite WARNING] The config has defined for the controller "head", but the robot does not have this component. Skipping, but make sure this is intended.Removing the controller config for head from self.part_controller_config. (robot.py:151)
[robosuite WARNING] The config has defined for the controller "base", but the robot does not have this component. Skipping, but make sure this is intended.Removing the controller config for base from self.part_controller_config. (robot.py:151)
[robosuite WARNING] The config has defined for the controller "legs", but the robot does not have this component. Skipping, but make sure this is intended.Removing the controller config for legs from self.part_controller_config. (robot.py:151)
[robosuite INFO] Loading controller configuration from: /home/lph/.conda/envs/lph/lib/python3.10/site-packages/robosuite/controllers/config/default/composite/basic.json (composite_controller_factory.py:121)
[robosuite WARNING] The config has defined for the controller "left", but the robot does not have this component. Skipping, but make sure this is intended.Removing the controller config for left from self.part_controller_config. (robot.py:151)
[robosuite WARNING] The config has defined for the controller "torso", but the robot does not have this component. Skipping, but make sure this is intended.Removing the controller config for torso from self.part_controller_config. (robot.py:151)
[robosuite WARNING] The config has defined for the controller "head", but the robot does not have this component. Skipping, but make sure this is intended.Removing the controller config for head from self.part_controller_config. (robot.py:151)
[robosuite WARNING] The config has defined for the controller "base", but the robot does not have this component. Skipping, but make sure this is intended.Removing the controller config for base from self.part_controller_config. (robot.py:151)
[robosuite WARNING] The config has defined for the controller "legs", but the robot does not have this component. Skipping, but make sure this is intended.Removing the controller config for legs from self.part_controller_config. (robot.py:151)
[robosuite WARNING] The config has defined for the controller "left", but the robot does not have this component. Skipping, but make sure this is intended.Removing the controller config for left from self.part_controller_config. (robot.py:151)
[robosuite WARNING] The config has defined for the controller "torso", but the robot does not have this component. Skipping, but make sure this is intended.Removing the controller config for torso from self.part_controller_config. (robot.py:151)
[robosuite WARNING] The config has defined for the controller "head", but the robot does not have this component. Skipping, but make sure this is intended.Removing the controller config for head from self.part_controller_config. (robot.py:151)
[robosuite WARNING] The config has defined for the controller "base", but the robot does not have this component. Skipping, but make sure this is intended.Removing the controller config for base from self.part_controller_config. (robot.py:151)
[robosuite WARNING] The config has defined for the controller "legs", but the robot does not have this component. Skipping, but make sure this is intended.Removing the controller config for legs from self.part_controller_config. (robot.py:151)
[robosuite INFO] Loading controller configuration from: /home/lph/.conda/envs/lph/lib/python3.10/site-packages/robosuite/controllers/config/default/composite/basic.json (composite_controller_factory.py:121)
[robosuite WARNING] The config has defined for the controller "left", but the robot does not have this component. Skipping, but make sure this is intended.Removing the controller config for left from self.part_controller_config. (robot.py:151)
[robosuite WARNING] The config has defined for the controller "torso", but the robot does not have this component. Skipping, but make sure this is intended.Removing the controller config for torso from self.part_controller_config. (robot.py:151)
[robosuite WARNING] The config has defined for the controller "head", but the robot does not have this component. Skipping, but make sure this is intended.Removing the controller config for head from self.part_controller_config. (robot.py:151)
[robosuite WARNING] The config has defined for the controller "base", but the robot does not have this component. Skipping, but make sure this is intended.Removing the controller config for base from self.part_controller_config. (robot.py:151)
[robosuite WARNING] The config has defined for the controller "legs", but the robot does not have this component. Skipping, but make sure this is intended.Removing the controller config for legs from self.part_controller_config. (robot.py:151)
[robosuite WARNING] The config has defined for the controller "left", but the robot does not have this component. Skipping, but make sure this is intended.Removing the controller config for left from self.part_controller_config. (robot.py:151)
[robosuite WARNING] The config has defined for the controller "torso", but the robot does not have this component. Skipping, but make sure this is intended.Removing the controller config for torso from self.part_controller_config. (robot.py:151)
[robosuite WARNING] The config has defined for the controller "head", but the robot does not have this component. Skipping, but make sure this is intended.Removing the controller config for head from self.part_controller_config. (robot.py:151)
[robosuite WARNING] The config has defined for the controller "base", but the robot does not have this component. Skipping, but make sure this is intended.Removing the controller config for base from self.part_controller_config. (robot.py:151)
[robosuite WARNING] The config has defined for the controller "legs", but the robot does not have this component. Skipping, but make sure this is intended.Removing the controller config for legs from self.part_controller_config. (robot.py:151)
[robosuite INFO] Loading controller configuration from: /home/lph/.conda/envs/lph/lib/python3.10/site-packages/robosuite/controllers/config/default/composite/basic.json (composite_controller_factory.py:121)
[robosuite WARNING] The config has defined for the controller "left", but the robot does not have this component. Skipping, but make sure this is intended.Removing the controller config for left from self.part_controller_config. (robot.py:151)
[robosuite WARNING] The config has defined for the controller "torso", but the robot does not have this component. Skipping, but make sure this is intended.Removing the controller config for torso from self.part_controller_config. (robot.py:151)
[robosuite WARNING] The config has defined for the controller "head", but the robot does not have this component. Skipping, but make sure this is intended.Removing the controller config for head from self.part_controller_config. (robot.py:151)
[robosuite WARNING] The config has defined for the controller "base", but the robot does not have this component. Skipping, but make sure this is intended.Removing the controller config for base from self.part_controller_config. (robot.py:151)
[robosuite WARNING] The config has defined for the controller "legs", but the robot does not have this component. Skipping, but make sure this is intended.Removing the controller config for legs from self.part_controller_config. (robot.py:151)
[robosuite WARNING] The config has defined for the controller "left", but the robot does not have this component. Skipping, but make sure this is intended.Removing the controller config for left from self.part_controller_config. (robot.py:151)
[robosuite WARNING] The config has defined for the controller "torso", but the robot does not have this component. Skipping, but make sure this is intended.Removing the controller config for torso from self.part_controller_config. (robot.py:151)
[robosuite WARNING] The config has defined for the controller "head", but the robot does not have this component. Skipping, but make sure this is intended.Removing the controller config for head from self.part_controller_config. (robot.py:151)
[robosuite WARNING] The config has defined for the controller "base", but the robot does not have this component. Skipping, but make sure this is intended.Removing the controller config for base from self.part_controller_config. (robot.py:151)
[robosuite WARNING] The config has defined for the controller "legs", but the robot does not have this component. Skipping, but make sure this is intended.Removing the controller config for legs from self.part_controller_config. (robot.py:151)
[robosuite INFO] Loading controller configuration from: /home/lph/.conda/envs/lph/lib/python3.10/site-packages/robosuite/controllers/config/default/composite/basic.json (composite_controller_factory.py:121)
[robosuite WARNING] The config has defined for the controller "left", but the robot does not have this component. Skipping, but make sure this is intended.Removing the controller config for left from self.part_controller_config. (robot.py:151)
[robosuite WARNING] The config has defined for the controller "torso", but the robot does not have this component. Skipping, but make sure this is intended.Removing the controller config for torso from self.part_controller_config. (robot.py:151)
[robosuite WARNING] The config has defined for the controller "head", but the robot does not have this component. Skipping, but make sure this is intended.Removing the controller config for head from self.part_controller_config. (robot.py:151)
[robosuite WARNING] The config has defined for the controller "base", but the robot does not have this component. Skipping, but make sure this is intended.Removing the controller config for base from self.part_controller_config. (robot.py:151)
[robosuite WARNING] The config has defined for the controller "legs", but the robot does not have this component. Skipping, but make sure this is intended.Removing the controller config for legs from self.part_controller_config. (robot.py:151)
[robosuite WARNING] The config has defined for the controller "left", but the robot does not have this component. Skipping, but make sure this is intended.Removing the controller config for left from self.part_controller_config. (robot.py:151)
[robosuite WARNING] The config has defined for the controller "torso", but the robot does not have this component. Skipping, but make sure this is intended.Removing the controller config for torso from self.part_controller_config. (robot.py:151)
[robosuite WARNING] The config has defined for the controller "head", but the robot does not have this component. Skipping, but make sure this is intended.Removing the controller config for head from self.part_controller_config. (robot.py:151)
[robosuite WARNING] The config has defined for the controller "base", but the robot does not have this component. Skipping, but make sure this is intended.Removing the controller config for base from self.part_controller_config. (robot.py:151)
[robosuite WARNING] The config has defined for the controller "legs", but the robot does not have this component. Skipping, but make sure this is intended.Removing the controller config for legs from self.part_controller_config. (robot.py:151)
[robosuite INFO] Loading controller configuration from: /home/lph/.conda/envs/lph/lib/python3.10/site-packages/robosuite/controllers/config/default/composite/basic.json (composite_controller_factory.py:121)
[robosuite WARNING] The config has defined for the controller "left", but the robot does not have this component. Skipping, but make sure this is intended.Removing the controller config for left from self.part_controller_config. (robot.py:151)
[robosuite WARNING] The config has defined for the controller "torso", but the robot does not have this component. Skipping, but make sure this is intended.Removing the controller config for torso from self.part_controller_config. (robot.py:151)
[robosuite WARNING] The config has defined for the controller "head", but the robot does not have this component. Skipping, but make sure this is intended.Removing the controller config for head from self.part_controller_config. (robot.py:151)
[robosuite WARNING] The config has defined for the controller "base", but the robot does not have this component. Skipping, but make sure this is intended.Removing the controller config for base from self.part_controller_config. (robot.py:151)
[robosuite WARNING] The config has defined for the controller "legs", but the robot does not have this component. Skipping, but make sure this is intended.Removing the controller config for legs from self.part_controller_config. (robot.py:151)
[robosuite WARNING] The config has defined for the controller "left", but the robot does not have this component. Skipping, but make sure this is intended.Removing the controller config for left from self.part_controller_config. (robot.py:151)
[robosuite WARNING] The config has defined for the controller "torso", but the robot does not have this component. Skipping, but make sure this is intended.Removing the controller config for torso from self.part_controller_config. (robot.py:151)
[robosuite WARNING] The config has defined for the controller "head", but the robot does not have this component. Skipping, but make sure this is intended.Removing the controller config for head from self.part_controller_config. (robot.py:151)
[robosuite WARNING] The config has defined for the controller "base", but the robot does not have this component. Skipping, but make sure this is intended.Removing the controller config for base from self.part_controller_config. (robot.py:151)
[robosuite WARNING] The config has defined for the controller "legs", but the robot does not have this component. Skipping, but make sure this is intended.Removing the controller config for legs from self.part_controller_config. (robot.py:151)
[robosuite INFO] Loading controller configuration from: /home/lph/.conda/envs/lph/lib/python3.10/site-packages/robosuite/controllers/config/default/composite/basic.json (composite_controller_factory.py:121)
[robosuite WARNING] The config has defined for the controller "left", but the robot does not have this component. Skipping, but make sure this is intended.Removing the controller config for left from self.part_controller_config. (robot.py:151)
[robosuite WARNING] The config has defined for the controller "torso", but the robot does not have this component. Skipping, but make sure this is intended.Removing the controller config for torso from self.part_controller_config. (robot.py:151)
[robosuite WARNING] The config has defined for the controller "head", but the robot does not have this component. Skipping, but make sure this is intended.Removing the controller config for head from self.part_controller_config. (robot.py:151)
[robosuite WARNING] The config has defined for the controller "base", but the robot does not have this component. Skipping, but make sure this is intended.Removing the controller config for base from self.part_controller_config. (robot.py:151)
[robosuite WARNING] The config has defined for the controller "legs", but the robot does not have this component. Skipping, but make sure this is intended.Removing the controller config for legs from self.part_controller_config. (robot.py:151)
[robosuite WARNING] The config has defined for the controller "left", but the robot does not have this component. Skipping, but make sure this is intended.Removing the controller config for left from self.part_controller_config. (robot.py:151)
[robosuite WARNING] The config has defined for the controller "torso", but the robot does not have this component. Skipping, but make sure this is intended.Removing the controller config for torso from self.part_controller_config. (robot.py:151)
[robosuite WARNING] The config has defined for the controller "head", but the robot does not have this component. Skipping, but make sure this is intended.Removing the controller config for head from self.part_controller_config. (robot.py:151)
[robosuite WARNING] The config has defined for the controller "base", but the robot does not have this component. Skipping, but make sure this is intended.Removing the controller config for base from self.part_controller_config. (robot.py:151)
[robosuite WARNING] The config has defined for the controller "legs", but the robot does not have this component. Skipping, but make sure this is intended.Removing the controller config for legs from self.part_controller_config. (robot.py:151)
[robosuite INFO] Loading controller configuration from: /home/lph/.conda/envs/lph/lib/python3.10/site-packages/robosuite/controllers/config/default/composite/basic.json (composite_controller_factory.py:121)
[robosuite WARNING] The config has defined for the controller "left", but the robot does not have this component. Skipping, but make sure this is intended.Removing the controller config for left from self.part_controller_config. (robot.py:151)
[robosuite WARNING] The config has defined for the controller "torso", but the robot does not have this component. Skipping, but make sure this is intended.Removing the controller config for torso from self.part_controller_config. (robot.py:151)
[robosuite WARNING] The config has defined for the controller "head", but the robot does not have this component. Skipping, but make sure this is intended.Removing the controller config for head from self.part_controller_config. (robot.py:151)
[robosuite WARNING] The config has defined for the controller "base", but the robot does not have this component. Skipping, but make sure this is intended.Removing the controller config for base from self.part_controller_config. (robot.py:151)
[robosuite WARNING] The config has defined for the controller "legs", but the robot does not have this component. Skipping, but make sure this is intended.Removing the controller config for legs from self.part_controller_config. (robot.py:151)
[robosuite WARNING] The config has defined for the controller "left", but the robot does not have this component. Skipping, but make sure this is intended.Removing the controller config for left from self.part_controller_config. (robot.py:151)
[robosuite WARNING] The config has defined for the controller "torso", but the robot does not have this component. Skipping, but make sure this is intended.Removing the controller config for torso from self.part_controller_config. (robot.py:151)
[robosuite WARNING] The config has defined for the controller "head", but the robot does not have this component. Skipping, but make sure this is intended.Removing the controller config for head from self.part_controller_config. (robot.py:151)
[robosuite WARNING] The config has defined for the controller "base", but the robot does not have this component. Skipping, but make sure this is intended.Removing the controller config for base from self.part_controller_config. (robot.py:151)
[robosuite WARNING] The config has defined for the controller "legs", but the robot does not have this component. Skipping, but make sure this is intended.Removing the controller config for legs from self.part_controller_config. (robot.py:151)
[robosuite INFO] Loading controller configuration from: /home/lph/.conda/envs/lph/lib/python3.10/site-packages/robosuite/controllers/config/default/composite/basic.json (composite_controller_factory.py:121)
[robosuite WARNING] The config has defined for the controller "left", but the robot does not have this component. Skipping, but make sure this is intended.Removing the controller config for left from self.part_controller_config. (robot.py:151)
[robosuite WARNING] The config has defined for the controller "torso", but the robot does not have this component. Skipping, but make sure this is intended.Removing the controller config for torso from self.part_controller_config. (robot.py:151)
[robosuite WARNING] The config has defined for the controller "head", but the robot does not have this component. Skipping, but make sure this is intended.Removing the controller config for head from self.part_controller_config. (robot.py:151)
[robosuite WARNING] The config has defined for the controller "base", but the robot does not have this component. Skipping, but make sure this is intended.Removing the controller config for base from self.part_controller_config. (robot.py:151)
[robosuite WARNING] The config has defined for the controller "legs", but the robot does not have this component. Skipping, but make sure this is intended.Removing the controller config for legs from self.part_controller_config. (robot.py:151)
[robosuite WARNING] The config has defined for the controller "left", but the robot does not have this component. Skipping, but make sure this is intended.Removing the controller config for left from self.part_controller_config. (robot.py:151)
[robosuite WARNING] The config has defined for the controller "torso", but the robot does not have this component. Skipping, but make sure this is intended.Removing the controller config for torso from self.part_controller_config. (robot.py:151)
[robosuite WARNING] The config has defined for the controller "head", but the robot does not have this component. Skipping, but make sure this is intended.Removing the controller config for head from self.part_controller_config. (robot.py:151)
[robosuite WARNING] The config has defined for the controller "base", but the robot does not have this component. Skipping, but make sure this is intended.Removing the controller config for base from self.part_controller_config. (robot.py:151)
[robosuite WARNING] The config has defined for the controller "legs", but the robot does not have this component. Skipping, but make sure this is intended.Removing the controller config for legs from self.part_controller_config. (robot.py:151)
[robosuite INFO] Loading controller configuration from: /home/lph/.conda/envs/lph/lib/python3.10/site-packages/robosuite/controllers/config/default/composite/basic.json (composite_controller_factory.py:121)
[robosuite WARNING] The config has defined for the controller "left", but the robot does not have this component. Skipping, but make sure this is intended.Removing the controller config for left from self.part_controller_config. (robot.py:151)
[robosuite WARNING] The config has defined for the controller "torso", but the robot does not have this component. Skipping, but make sure this is intended.Removing the controller config for torso from self.part_controller_config. (robot.py:151)
[robosuite WARNING] The config has defined for the controller "head", but the robot does not have this component. Skipping, but make sure this is intended.Removing the controller config for head from self.part_controller_config. (robot.py:151)
[robosuite WARNING] The config has defined for the controller "base", but the robot does not have this component. Skipping, but make sure this is intended.Removing the controller config for base from self.part_controller_config. (robot.py:151)
[robosuite WARNING] The config has defined for the controller "legs", but the robot does not have this component. Skipping, but make sure this is intended.Removing the controller config for legs from self.part_controller_config. (robot.py:151)
[robosuite WARNING] The config has defined for the controller "left", but the robot does not have this component. Skipping, but make sure this is intended.Removing the controller config for left from self.part_controller_config. (robot.py:151)
[robosuite WARNING] The config has defined for the controller "torso", but the robot does not have this component. Skipping, but make sure this is intended.Removing the controller config for torso from self.part_controller_config. (robot.py:151)
[robosuite WARNING] The config has defined for the controller "head", but the robot does not have this component. Skipping, but make sure this is intended.Removing the controller config for head from self.part_controller_config. (robot.py:151)
[robosuite WARNING] The config has defined for the controller "base", but the robot does not have this component. Skipping, but make sure this is intended.Removing the controller config for base from self.part_controller_config. (robot.py:151)
[robosuite WARNING] The config has defined for the controller "legs", but the robot does not have this component. Skipping, but make sure this is intended.Removing the controller config for legs from self.part_controller_config. (robot.py:151)
[robosuite INFO] Loading controller configuration from: /home/lph/.conda/envs/lph/lib/python3.10/site-packages/robosuite/controllers/config/default/composite/basic.json (composite_controller_factory.py:121)
[robosuite WARNING] The config has defined for the controller "left", but the robot does not have this component. Skipping, but make sure this is intended.Removing the controller config for left from self.part_controller_config. (robot.py:151)
[robosuite WARNING] The config has defined for the controller "torso", but the robot does not have this component. Skipping, but make sure this is intended.Removing the controller config for torso from self.part_controller_config. (robot.py:151)
[robosuite WARNING] The config has defined for the controller "head", but the robot does not have this component. Skipping, but make sure this is intended.Removing the controller config for head from self.part_controller_config. (robot.py:151)
[robosuite WARNING] The config has defined for the controller "base", but the robot does not have this component. Skipping, but make sure this is intended.Removing the controller config for base from self.part_controller_config. (robot.py:151)
[robosuite WARNING] The config has defined for the controller "legs", but the robot does not have this component. Skipping, but make sure this is intended.Removing the controller config for legs from self.part_controller_config. (robot.py:151)
[robosuite WARNING] The config has defined for the controller "left", but the robot does not have this component. Skipping, but make sure this is intended.Removing the controller config for left from self.part_controller_config. (robot.py:151)
[robosuite WARNING] The config has defined for the controller "torso", but the robot does not have this component. Skipping, but make sure this is intended.Removing the controller config for torso from self.part_controller_config. (robot.py:151)
[robosuite WARNING] The config has defined for the controller "head", but the robot does not have this component. Skipping, but make sure this is intended.Removing the controller config for head from self.part_controller_config. (robot.py:151)
[robosuite WARNING] The config has defined for the controller "base", but the robot does not have this component. Skipping, but make sure this is intended.Removing the controller config for base from self.part_controller_config. (robot.py:151)
[robosuite WARNING] The config has defined for the controller "legs", but the robot does not have this component. Skipping, but make sure this is intended.Removing the controller config for legs from self.part_controller_config. (robot.py:151)
pygame 2.5.2 (SDL 2.28.2, Python 3.10.4)
Hello from the pygame community. https://www.pygame.org/contribute.html
episode=0 reward=13.683 success=True grasped=True decisions=112 teacher=112 epsilon=0.700
episode=1 reward=13.713 success=True grasped=True decisions=111 teacher=111 epsilon=0.644
episode=2 reward=13.686 success=True grasped=True decisions=111 teacher=111 epsilon=0.592
episode=3 reward=13.669 success=True grasped=True decisions=111 teacher=111 epsilon=0.545
episode=4 reward=1.944 success=False grasped=True decisions=240 teacher=240 epsilon=0.501
episode=5 reward=4.473 success=False grasped=True decisions=240 teacher=240 epsilon=0.461
episode=6 reward=13.747 success=True grasped=True decisions=111 teacher=111 epsilon=0.424
episode=7 reward=4.999 success=False grasped=True decisions=240 teacher=240 epsilon=0.390
episode=8 reward=13.676 success=True grasped=True decisions=112 teacher=112 epsilon=0.359
episode=9 reward=1.423 success=False grasped=True decisions=240 teacher=240 epsilon=0.331
episode=10 reward=13.665 success=True grasped=True decisions=111 teacher=111 epsilon=0.304
episode=11 reward=13.737 success=True grasped=True decisions=110 teacher=110 epsilon=0.280
episode=12 reward=13.698 success=True grasped=True decisions=111 teacher=111 epsilon=0.257
episode=13 reward=13.677 success=True grasped=True decisions=111 teacher=111 epsilon=0.237
episode=14 reward=13.702 success=True grasped=True decisions=111 teacher=111 epsilon=0.218
episode=15 reward=13.741 success=True grasped=True decisions=109 teacher=109 epsilon=0.200
episode=16 reward=13.684 success=True grasped=True decisions=111 teacher=111 epsilon=0.184
episode=17 reward=13.736 success=True grasped=True decisions=109 teacher=109 epsilon=0.170
episode=18 reward=2.123 success=False grasped=True decisions=240 teacher=240 epsilon=0.156
episode=19 reward=13.675 success=True grasped=True decisions=111 teacher=111 epsilon=0.144
episode=20 reward=12.454 success=True grasped=True decisions=204 teacher=0 epsilon=0.000
episode=21 reward=13.326 success=True grasped=True decisions=160 teacher=0 epsilon=0.000
episode=22 reward=0.726 success=False grasped=False decisions=240 teacher=0 epsilon=0.000
episode=23 reward=-3.907 success=False grasped=False decisions=240 teacher=0 epsilon=0.000
episode=24 reward=13.951 success=True grasped=True decisions=178 teacher=0 epsilon=0.000
episode=25 reward=13.942 success=True grasped=True decisions=184 teacher=0 epsilon=0.000
episode=26 reward=12.948 success=True grasped=True decisions=166 teacher=0 epsilon=0.000
episode=27 reward=13.371 success=True grasped=True decisions=184 teacher=0 epsilon=0.000
episode=28 reward=12.773 success=True grasped=True decisions=191 teacher=0 epsilon=0.000
episode=29 reward=12.794 success=True grasped=True decisions=231 teacher=0 epsilon=0.000
episode=30 reward=-0.151 success=False grasped=False decisions=240 teacher=0 epsilon=0.000
episode=31 reward=-1.196 success=False grasped=False decisions=240 teacher=0 epsilon=0.000
episode=32 reward=0.627 success=False grasped=False decisions=240 teacher=0 epsilon=0.000
episode=33 reward=-0.017 success=False grasped=False decisions=240 teacher=0 epsilon=0.000
episode=34 reward=1.681 success=False grasped=True decisions=240 teacher=0 epsilon=0.000
episode=35 reward=1.166 success=False grasped=False decisions=240 teacher=0 epsilon=0.000
episode=36 reward=0.885 success=False grasped=False decisions=240 teacher=0 epsilon=0.000
episode=37 reward=1.309 success=False grasped=False decisions=240 teacher=0 epsilon=0.000
episode=38 reward=14.326 success=True grasped=True decisions=233 teacher=0 epsilon=0.000
episode=39 reward=3.293 success=False grasped=True decisions=240 teacher=0 epsilon=0.000
episode=40 reward=1.189 success=False grasped=False decisions=240 teacher=0 epsilon=0.000
episode=41 reward=2.216 success=False grasped=True decisions=240 teacher=0 epsilon=0.000
episode=42 reward=1.277 success=False grasped=False decisions=240 teacher=0 epsilon=0.000
episode=43 reward=14.230 success=True grasped=True decisions=221 teacher=0 epsilon=0.000
episode=44 reward=14.296 success=True grasped=True decisions=237 teacher=0 epsilon=0.000
episode=45 reward=0.485 success=False grasped=False decisions=240 teacher=0 epsilon=0.000
episode=46 reward=1.231 success=False grasped=False decisions=240 teacher=0 epsilon=0.000
episode=47 reward=-0.807 success=False grasped=False decisions=240 teacher=0 epsilon=0.000
episode=48 reward=2.287 success=False grasped=True decisions=240 teacher=0 epsilon=0.000
episode=49 reward=0.990 success=False grasped=False decisions=240 teacher=0 epsilon=0.000
episode=50 reward=0.081 success=False grasped=False decisions=240 teacher=0 epsilon=0.000
episode=51 reward=1.731 success=False grasped=True decisions=240 teacher=0 epsilon=0.000
episode=52 reward=1.803 success=False grasped=True decisions=240 teacher=0 epsilon=0.000
episode=53 reward=-5.453 success=False grasped=False decisions=240 teacher=0 epsilon=0.000
episode=54 reward=12.927 success=True grasped=True decisions=209 teacher=0 epsilon=0.000
episode=55 reward=-2.030 success=False grasped=False decisions=240 teacher=0 epsilon=0.000
episode=56 reward=-3.988 success=False grasped=False decisions=240 teacher=0 epsilon=0.000
episode=57 reward=-0.046 success=False grasped=False decisions=240 teacher=0 epsilon=0.000
episode=58 reward=-2.079 success=False grasped=False decisions=240 teacher=0 epsilon=0.000
episode=59 reward=0.278 success=False grasped=False decisions=240 teacher=0 epsilon=0.000
episode=60 reward=-2.621 success=False grasped=False decisions=240 teacher=0 epsilon=0.000
episode=61 reward=-2.209 success=False grasped=False decisions=240 teacher=0 epsilon=0.000
episode=62 reward=-2.721 success=False grasped=False decisions=240 teacher=0 epsilon=0.000
episode=63 reward=12.230 success=True grasped=True decisions=240 teacher=0 epsilon=0.000
episode=64 reward=-1.999 success=False grasped=False decisions=240 teacher=0 epsilon=0.000
episode=65 reward=-1.995 success=False grasped=False decisions=240 teacher=0 epsilon=0.000
episode=66 reward=-1.321 success=False grasped=False decisions=240 teacher=0 epsilon=0.000
episode=67 reward=2.137 success=False grasped=True decisions=240 teacher=0 epsilon=0.000
episode=68 reward=-1.282 success=False grasped=False decisions=240 teacher=0 epsilon=0.000
episode=69 reward=-1.067 success=False grasped=False decisions=240 teacher=0 epsilon=0.000
summary: {
  "mean_learning_return": 5.493140485648933,
  "sparse_success_rate": 0.4,
  "grasp_any_rate": 0.5714285714285714,
  "mean_decisions": 205.42857142857142,
  "teacher_assisted_success_rate": 0.75,
  "clone_policy_memory": {
    "labeled_states": 20,
    "conflicting_states": 0
  },
  "clone_mlp": {
    "samples": 2862,
    "train_loss": NaN,
    "train_accuracy": NaN
  },
  "clone_gru": {
    "episodes": 20,
    "samples": 2862,
    "train_loss": NaN,
    "train_accuracy": NaN
  },
  "full_communication_traffic": {
    "rank": 3,
    "mode": "nmf_dlpfc_to_striatum_latent",
    "fitted": true,
    "links": {
      "dlpfc_strd1": {
        "source_dim": 200,
        "latent_dim": 3,
        "target_dim": 8,
        "transport": "binary_if_spike_nmf_latent",
        "spike_transport": {
          "enabled": true,
          "source_neuron": "IF",
          "threshold": 0.5,
          "projection_current_gain": 1.0,
          "decoder_pulse_gain": 0.4,
          "logical_spike_events": 76398,
          "active_event_samples": 65873,
          "peak_events_per_sample": 3,
          "mean_events_per_sample": 0.8941399529510902
        },
        "quantization": {
          "enabled": false,
          "bits_per_scalar": 0,
          "fixed_full_scale": 5.0,
          "quantized_vector_records": 0,
          "clipped_values": 0,
          "total_quantized_values": 0,
          "clip_rate": null,
          "current_nrmse_vs_unquantized_latent": 0.929603937424901,
          "peak_current_error_vs_unquantized_latent": 1.3271278142929077
        },
        "active_samples": 85443,
        "full_warmup_fallback_samples": 3,
        "source_logical_events": 85443,
        "continuous_latent_scalar_values": 256329,
        "continuous_latent_nonzero_values": 256329,
        "transmitted_continuous_vector_records": 0,
        "transmitted_continuous_latent_scalar_values": 0,
        "mean_absolute_latent_value": 4.163964450541083,
        "peak_absolute_latent_value": 255.997314453125,
        "source_projection_array_activations": 85443,
        "target_decoder_array_activations": 65873,
        "continuous_vector_records": 0,
        "suppressed_repeat_samples": 0,
        "repeat_suppression_rate": 0.0,
        "online_current_ev": 0.13583651940701413,
        "online_current_nrmse": 0.9296039374878884,
        "online_current_peak_absolute_error": 1.3271278142929077
      },
      "dlpfc_strd2": {
        "source_dim": 200,
        "latent_dim": 3,
        "target_dim": 8,
        "transport": "binary_if_spike_nmf_latent",
        "spike_transport": {
          "enabled": true,
          "source_neuron": "IF",
          "threshold": 0.5,
          "projection_current_gain": 1.0,
          "decoder_pulse_gain": 0.4,
          "logical_spike_events": 87367,
          "active_event_samples": 78901,
          "peak_events_per_sample": 3,
          "mean_events_per_sample": 1.0225179359338974
        },
        "quantization": {
          "enabled": false,
          "bits_per_scalar": 0,
          "fixed_full_scale": 5.0,
          "quantized_vector_records": 0,
          "clipped_values": 0,
          "total_quantized_values": 0,
          "clip_rate": null,
          "current_nrmse_vs_unquantized_latent": 0.548180728653795,
          "peak_current_error_vs_unquantized_latent": 1.3450058698654175
        },
        "active_samples": 85443,
        "full_warmup_fallback_samples": 3,
        "source_logical_events": 85443,
        "continuous_latent_scalar_values": 256329,
        "continuous_latent_nonzero_values": 256329,
        "transmitted_continuous_vector_records": 0,
        "transmitted_continuous_latent_scalar_values": 0,
        "mean_absolute_latent_value": 0.358503673612269,
        "peak_absolute_latent_value": 6.895035266876221,
        "source_projection_array_activations": 85443,
        "target_decoder_array_activations": 78901,
        "continuous_vector_records": 0,
        "suppressed_repeat_samples": 0,
        "repeat_suppression_rate": 0.0,
        "online_current_ev": 0.6994978887180954,
        "online_current_nrmse": 0.5481807286670197,
        "online_current_peak_absolute_error": 1.345005989074707
      }
    },
    "other_full_cross_core_links": {
      "dlpfc_stn": {
        "source_dim": 200,
        "target_dim": 2,
        "samples": 85446,
        "source_logical_events": 85446
      },
      "strd2_gpe": {
        "source_dim": 8,
        "target_dim": 8,
        "samples": 85446,
        "source_logical_events": 442707
      },
      "stn_gpe": {
        "source_dim": 2,
        "target_dim": 8,
        "samples": 85446,
        "source_logical_events": 97500
      },
      "strd1_gpi": {
        "source_dim": 8,
        "target_dim": 8,
        "samples": 85446,
        "source_logical_events": 60378
      },
      "stn_gpi": {
        "source_dim": 2,
        "target_dim": 8,
        "samples": 85446,
        "source_logical_events": 97500
      },
      "gpe_stn": {
        "source_dim": 8,
        "target_dim": 2,
        "samples": 85446,
        "source_logical_events": 156219
      },
      "gpi_thalamus": {
        "source_dim": 8,
        "target_dim": 8,
        "samples": 85446,
        "source_logical_events": 244411
      },
      "dlpfc_thalamus": {
        "source_dim": 200,
        "target_dim": 8,
        "samples": 85446,
        "source_logical_events": 85446
      }
    }
  },
  "simple_hardware_link_proxy": null,
  "communication_refit_count": 0,
  "coverage_audit": {
    "continuous_distance_threshold_m": 0.006,
    "teacher_labeled_state_count": 20,
    "teacher_conflicting_state_count": 0,
    "teacher_mean_label_entropy_bits": 0.0,
    "student_during_curriculum": {
      "decisions": 1180,
      "state_out_of_demo_rate": 0.0,
      "continuous_out_of_demo_rate": 0.0,
      "both_out_of_demo_rate": 0.0,
      "mean_nearest_teacher_distance_m": 0.0,
      "network_teacher_agreement_rate": 0.8203389830508474,
      "executed_teacher_agreement_rate": 1.0,
      "option_decisions": {
        "align": 1180,
        "descend": 0,
        "close": 0,
        "lift": 0,
        "recover": 0
      }
    },
    "student_dagger_against_initial_teacher": {
      "decisions": 0
    },
    "student_evaluation": {
      "decisions": 9574,
      "state_out_of_demo_rate": 0.1577188218090662,
      "continuous_out_of_demo_rate": 0.316064340923334,
      "both_out_of_demo_rate": 0.15740547315646541,
      "mean_nearest_teacher_distance_m": 0.007217238484624695,
      "network_teacher_agreement_rate": 0.32891163567996656,
      "executed_teacher_agreement_rate": 0.38489659494464173,
      "option_decisions": {
        "align": 9574,
        "descend": 0,
        "close": 0,
        "lift": 0,
        "recover": 0
      }
    },
    "student_deployment": {
      "decisions": 9574,
      "state_out_of_demo_rate": 0.1577188218090662,
      "continuous_out_of_demo_rate": 0.316064340923334,
      "both_out_of_demo_rate": 0.15740547315646541,
      "mean_nearest_teacher_distance_m": 0.007217238484624695,
      "network_teacher_agreement_rate": 0.32891163567996656,
      "executed_teacher_agreement_rate": 0.38489659494464173,
      "option_decisions": {
        "align": 9574,
        "descend": 0,
        "close": 0,
        "lift": 0,
        "recover": 0
      }
    },
    "per_option_xy_error_histograms": {
      "align": {
        "teacher_count": 1180,
        "deployment_count": 9574,
        "xy_error_histogram_teacher": [
          [
            0.0,
            0.0,
            0.0,
            0.0,
            0.0,
            0.0,
            0.0,
            0.0
          ],
          [
            0.0,
            0.0,
            0.0,
            0.0,
            5.0,
            0.0,
            0.0,
            0.0
          ],
          [
            0.0,
            0.0,
            0.0,
            0.0,
            7.0,
            0.0,
            0.0,
            0.0
          ],
          [
            0.0,
            0.0,
            0.0,
            118.0,
            140.0,
            3.0,
            0.0,
            0.0
          ],
          [
            0.0,
            0.0,
            0.0,
            6.0,
            161.0,
            0.0,
            0.0,
            0.0
          ],
          [
            0.0,
            0.0,
            0.0,
            0.0,
            120.0,
            0.0,
            0.0,
            0.0
          ],
          [
            0.0,
            0.0,
            0.0,
            0.0,
            140.0,
            0.0,
            0.0,
            0.0
          ],
          [
            0.0,
            0.0,
            0.0,
            0.0,
            120.0,
            0.0,
            0.0,
            0.0
          ]
        ],
        "xy_error_histogram_deployment": [
          [
            0.0,
            0.0,
            0.0,
            0.0,
            0.0,
            0.0,
            0.0,
            0.0
          ],
          [
            0.0,
            0.0,
            0.0,
            0.0,
            0.0,
            0.0,
            0.0,
            0.0
          ],
          [
            0.0,
            0.0,
            4.0,
            8.0,
            17.0,
            0.0,
            0.0,
            0.0
          ],
          [
            0.0,
            4.0,
            62.0,
            127.0,
            1825.0,
            0.0,
            0.0,
            0.0
          ],
          [
            29.0,
            0.0,
            102.0,
            531.0,
            4218.0,
            0.0,
            0.0,
            0.0
          ],
          [
            32.0,
            0.0,
            82.0,
            203.0,
            293.0,
            34.0,
            0.0,
            0.0
          ],
          [
            30.0,
            20.0,
            66.0,
            141.0,
            334.0,
            7.0,
            0.0,
            0.0
          ],
          [
            19.0,
            17.0,
            60.0,
            25.0,
            270.0,
            0.0,
            0.0,
            0.0
          ]
        ]
      },
      "descend": {
        "teacher_count": 0,
        "deployment_count": 0,
        "xy_error_histogram_teacher": [],
        "xy_error_histogram_deployment": []
      },
      "close": {
        "teacher_count": 0,
        "deployment_count": 0,
        "xy_error_histogram_teacher": [],
        "xy_error_histogram_deployment": []
      },
      "lift": {
        "teacher_count": 0,
        "deployment_count": 0,
        "xy_error_histogram_teacher": [],
        "xy_error_histogram_deployment": []
      },
      "recover": {
        "teacher_count": 0,
        "deployment_count": 0,
        "xy_error_histogram_teacher": [],
        "xy_error_histogram_deployment": []
      }
    }
  },
  "phase_success": {
    "teacher": {
      "episodes": 20,
      "lift_successes": 15
    },
    "dagger": {
      "episodes": 0,
      "lift_successes": 0
    },
    "evaluation": {
      "episodes": 50,
      "lift_successes": 13
    }
  }
}
