[robosuite WARNING] No private macro file found! (macros.py:57)
[robosuite WARNING] It is recommended to use a private macro file (macros.py:58)
[robosuite WARNING] To setup, run: python /home/lph/.conda/envs/lph/lib/python3.10/site-packages/robosuite/scripts/setup_macros.py (macros.py:59)
[robosuite WARNING] Could not import robosuite_models. Some robots may not be available. If you want to use these robots, please install robosuite_models from source (https://github.com/ARISE-Initiative/robosuite_models) or through pip install. (__init__.py:30)
[robosuite WARNING] Could not load the mink-based whole-body IK. Make sure you install related import properly, otherwise you will not be able to use the default IK controller setting for GR1 robot. (__init__.py:40)
[robosuite INFO] Loading controller configuration from: /home/lph/.conda/envs/lph/lib/python3.10/site-packages/robosuite/controllers/config/default/composite/basic.json (composite_controller_factory.py:121)
[robosuite WARNING] The config has defined for the controller "left", but the robot does not have this component. Skipping, but make sure this is intended.Removing the controller config for left from self.part_controller_config. (robot.py:151)
[robosuite WARNING] The config has defined for the controller "torso", but the robot does not have this component. Skipping, but make sure this is intended.Removing the controller config for torso from self.part_controller_config. (robot.py:151)
[robosuite WARNING] The config has defined for the controller "head", but the robot does not have this component. Skipping, but make sure this is intended.Removing the controller config for head from self.part_controller_config. (robot.py:151)
[robosuite WARNING] The config has defined for the controller "base", but the robot does not have this component. Skipping, but make sure this is intended.Removing the controller config for base from self.part_controller_config. (robot.py:151)
[robosuite WARNING] The config has defined for the controller "legs", but the robot does not have this component. Skipping, but make sure this is intended.Removing the controller config for legs from self.part_controller_config. (robot.py:151)
[robosuite WARNING] The config has defined for the controller "left", but the robot does not have this component. Skipping, but make sure this is intended.Removing the controller config for left from self.part_controller_config. (robot.py:151)
[robosuite WARNING] The config has defined for the controller "torso", but the robot does not have this component. Skipping, but make sure this is intended.Removing the controller config for torso from self.part_controller_config. (robot.py:151)
[robosuite WARNING] The config has defined for the controller "head", but the robot does not have this component. Skipping, but make sure this is intended.Removing the controller config for head from self.part_controller_config. (robot.py:151)
[robosuite WARNING] The config has defined for the controller "base", but the robot does not have this component. Skipping, but make sure this is intended.Removing the controller config for base from self.part_controller_config. (robot.py:151)
[robosuite WARNING] The config has defined for the controller "legs", but the robot does not have this component. Skipping, but make sure this is intended.Removing the controller config for legs from self.part_controller_config. (robot.py:151)
[robosuite INFO] Loading controller configuration from: /home/lph/.conda/envs/lph/lib/python3.10/site-packages/robosuite/controllers/config/default/composite/basic.json (composite_controller_factory.py:121)
[robosuite WARNING] The config has defined for the controller "left", but the robot does not have this component. Skipping, but make sure this is intended.Removing the controller config for left from self.part_controller_config. (robot.py:151)
[robosuite WARNING] The config has defined for the controller "torso", but the robot does not have this component. Skipping, but make sure this is intended.Removing the controller config for torso from self.part_controller_config. (robot.py:151)
[robosuite WARNING] The config has defined for the controller "head", but the robot does not have this component. Skipping, but make sure this is intended.Removing the controller config for head from self.part_controller_config. (robot.py:151)
[robosuite WARNING] The config has defined for the controller "base", but the robot does not have this component. Skipping, but make sure this is intended.Removing the controller config for base from self.part_controller_config. (robot.py:151)
[robosuite WARNING] The config has defined for the controller "legs", but the robot does not have this component. Skipping, but make sure this is intended.Removing the controller config for legs from self.part_controller_config. (robot.py:151)
[robosuite WARNING] The config has defined for the controller "left", but the robot does not have this component. Skipping, but make sure this is intended.Removing the controller config for left from self.part_controller_config. (robot.py:151)
[robosuite WARNING] The config has defined for the controller "torso", but the robot does not have this component. Skipping, but make sure this is intended.Removing the controller config for torso from self.part_controller_config. (robot.py:151)
[robosuite WARNING] The config has defined for the controller "head", but the robot does not have this component. Skipping, but make sure this is intended.Removing the controller config for head from self.part_controller_config. (robot.py:151)
[robosuite WARNING] The config has defined for the controller "base", but the robot does not have this component. Skipping, but make sure this is intended.Removing the controller config for base from self.part_controller_config. (robot.py:151)
[robosuite WARNING] The config has defined for the controller "legs", but the robot does not have this component. Skipping, but make sure this is intended.Removing the controller config for legs from self.part_controller_config. (robot.py:151)
[robosuite INFO] Loading controller configuration from: /home/lph/.conda/envs/lph/lib/python3.10/site-packages/robosuite/controllers/config/default/composite/basic.json (composite_controller_factory.py:121)
[robosuite WARNING] The config has defined for the controller "left", but the robot does not have this component. Skipping, but make sure this is intended.Removing the controller config for left from self.part_controller_config. (robot.py:151)
[robosuite WARNING] The config has defined for the controller "torso", but the robot does not have this component. Skipping, but make sure this is intended.Removing the controller config for torso from self.part_controller_config. (robot.py:151)
[robosuite WARNING] The config has defined for the controller "head", but the robot does not have this component. Skipping, but make sure this is intended.Removing the controller config for head from self.part_controller_config. (robot.py:151)
[robosuite WARNING] The config has defined for the controller "base", but the robot does not have this component. Skipping, but make sure this is intended.Removing the controller config for base from self.part_controller_config. (robot.py:151)
[robosuite WARNING] The config has defined for the controller "legs", but the robot does not have this component. Skipping, but make sure this is intended.Removing the controller config for legs from self.part_controller_config. (robot.py:151)
[robosuite WARNING] The config has defined for the controller "left", but the robot does not have this component. Skipping, but make sure this is intended.Removing the controller config for left from self.part_controller_config. (robot.py:151)
[robosuite WARNING] The config has defined for the controller "torso", but the robot does not have this component. Skipping, but make sure this is intended.Removing the controller config for torso from self.part_controller_config. (robot.py:151)
[robosuite WARNING] The config has defined for the controller "head", but the robot does not have this component. Skipping, but make sure this is intended.Removing the controller config for head from self.part_controller_config. (robot.py:151)
[robosuite WARNING] The config has defined for the controller "base", but the robot does not have this component. Skipping, but make sure this is intended.Removing the controller config for base from self.part_controller_config. (robot.py:151)
[robosuite WARNING] The config has defined for the controller "legs", but the robot does not have this component. Skipping, but make sure this is intended.Removing the controller config for legs from self.part_controller_config. (robot.py:151)
[robosuite INFO] Loading controller configuration from: /home/lph/.conda/envs/lph/lib/python3.10/site-packages/robosuite/controllers/config/default/composite/basic.json (composite_controller_factory.py:121)
[robosuite WARNING] The config has defined for the controller "left", but the robot does not have this component. Skipping, but make sure this is intended.Removing the controller config for left from self.part_controller_config. (robot.py:151)
[robosuite WARNING] The config has defined for the controller "torso", but the robot does not have this component. Skipping, but make sure this is intended.Removing the controller config for torso from self.part_controller_config. (robot.py:151)
[robosuite WARNING] The config has defined for the controller "head", but the robot does not have this component. Skipping, but make sure this is intended.Removing the controller config for head from self.part_controller_config. (robot.py:151)
[robosuite WARNING] The config has defined for the controller "base", but the robot does not have this component. Skipping, but make sure this is intended.Removing the controller config for base from self.part_controller_config. (robot.py:151)
[robosuite WARNING] The config has defined for the controller "legs", but the robot does not have this component. Skipping, but make sure this is intended.Removing the controller config for legs from self.part_controller_config. (robot.py:151)
[robosuite WARNING] The config has defined for the controller "left", but the robot does not have this component. Skipping, but make sure this is intended.Removing the controller config for left from self.part_controller_config. (robot.py:151)
[robosuite WARNING] The config has defined for the controller "torso", but the robot does not have this component. Skipping, but make sure this is intended.Removing the controller config for torso from self.part_controller_config. (robot.py:151)
[robosuite WARNING] The config has defined for the controller "head", but the robot does not have this component. Skipping, but make sure this is intended.Removing the controller config for head from self.part_controller_config. (robot.py:151)
[robosuite WARNING] The config has defined for the controller "base", but the robot does not have this component. Skipping, but make sure this is intended.Removing the controller config for base from self.part_controller_config. (robot.py:151)
[robosuite WARNING] The config has defined for the controller "legs", but the robot does not have this component. Skipping, but make sure this is intended.Removing the controller config for legs from self.part_controller_config. (robot.py:151)
[robosuite INFO] Loading controller configuration from: /home/lph/.conda/envs/lph/lib/python3.10/site-packages/robosuite/controllers/config/default/composite/basic.json (composite_controller_factory.py:121)
[robosuite WARNING] The config has defined for the controller "left", but the robot does not have this component. Skipping, but make sure this is intended.Removing the controller config for left from self.part_controller_config. (robot.py:151)
[robosuite WARNING] The config has defined for the controller "torso", but the robot does not have this component. Skipping, but make sure this is intended.Removing the controller config for torso from self.part_controller_config. (robot.py:151)
[robosuite WARNING] The config has defined for the controller "head", but the robot does not have this component. Skipping, but make sure this is intended.Removing the controller config for head from self.part_controller_config. (robot.py:151)
[robosuite WARNING] The config has defined for the controller "base", but the robot does not have this component. Skipping, but make sure this is intended.Removing the controller config for base from self.part_controller_config. (robot.py:151)
[robosuite WARNING] The config has defined for the controller "legs", but the robot does not have this component. Skipping, but make sure this is intended.Removing the controller config for legs from self.part_controller_config. (robot.py:151)
[robosuite WARNING] The config has defined for the controller "left", but the robot does not have this component. Skipping, but make sure this is intended.Removing the controller config for left from self.part_controller_config. (robot.py:151)
[robosuite WARNING] The config has defined for the controller "torso", but the robot does not have this component. Skipping, but make sure this is intended.Removing the controller config for torso from self.part_controller_config. (robot.py:151)
[robosuite WARNING] The config has defined for the controller "head", but the robot does not have this component. Skipping, but make sure this is intended.Removing the controller config for head from self.part_controller_config. (robot.py:151)
[robosuite WARNING] The config has defined for the controller "base", but the robot does not have this component. Skipping, but make sure this is intended.Removing the controller config for base from self.part_controller_config. (robot.py:151)
[robosuite WARNING] The config has defined for the controller "legs", but the robot does not have this component. Skipping, but make sure this is intended.Removing the controller config for legs from self.part_controller_config. (robot.py:151)
[robosuite INFO] Loading controller configuration from: /home/lph/.conda/envs/lph/lib/python3.10/site-packages/robosuite/controllers/config/default/composite/basic.json (composite_controller_factory.py:121)
[robosuite WARNING] The config has defined for the controller "left", but the robot does not have this component. Skipping, but make sure this is intended.Removing the controller config for left from self.part_controller_config. (robot.py:151)
[robosuite WARNING] The config has defined for the controller "torso", but the robot does not have this component. Skipping, but make sure this is intended.Removing the controller config for torso from self.part_controller_config. (robot.py:151)
[robosuite WARNING] The config has defined for the controller "head", but the robot does not have this component. Skipping, but make sure this is intended.Removing the controller config for head from self.part_controller_config. (robot.py:151)
[robosuite WARNING] The config has defined for the controller "base", but the robot does not have this component. Skipping, but make sure this is intended.Removing the controller config for base from self.part_controller_config. (robot.py:151)
[robosuite WARNING] The config has defined for the controller "legs", but the robot does not have this component. Skipping, but make sure this is intended.Removing the controller config for legs from self.part_controller_config. (robot.py:151)
[robosuite WARNING] The config has defined for the controller "left", but the robot does not have this component. Skipping, but make sure this is intended.Removing the controller config for left from self.part_controller_config. (robot.py:151)
[robosuite WARNING] The config has defined for the controller "torso", but the robot does not have this component. Skipping, but make sure this is intended.Removing the controller config for torso from self.part_controller_config. (robot.py:151)
[robosuite WARNING] The config has defined for the controller "head", but the robot does not have this component. Skipping, but make sure this is intended.Removing the controller config for head from self.part_controller_config. (robot.py:151)
[robosuite WARNING] The config has defined for the controller "base", but the robot does not have this component. Skipping, but make sure this is intended.Removing the controller config for base from self.part_controller_config. (robot.py:151)
[robosuite WARNING] The config has defined for the controller "legs", but the robot does not have this component. Skipping, but make sure this is intended.Removing the controller config for legs from self.part_controller_config. (robot.py:151)
[robosuite INFO] Loading controller configuration from: /home/lph/.conda/envs/lph/lib/python3.10/site-packages/robosuite/controllers/config/default/composite/basic.json (composite_controller_factory.py:121)
[robosuite WARNING] The config has defined for the controller "left", but the robot does not have this component. Skipping, but make sure this is intended.Removing the controller config for left from self.part_controller_config. (robot.py:151)
[robosuite WARNING] The config has defined for the controller "torso", but the robot does not have this component. Skipping, but make sure this is intended.Removing the controller config for torso from self.part_controller_config. (robot.py:151)
[robosuite WARNING] The config has defined for the controller "head", but the robot does not have this component. Skipping, but make sure this is intended.Removing the controller config for head from self.part_controller_config. (robot.py:151)
[robosuite WARNING] The config has defined for the controller "base", but the robot does not have this component. Skipping, but make sure this is intended.Removing the controller config for base from self.part_controller_config. (robot.py:151)
[robosuite WARNING] The config has defined for the controller "legs", but the robot does not have this component. Skipping, but make sure this is intended.Removing the controller config for legs from self.part_controller_config. (robot.py:151)
[robosuite WARNING] The config has defined for the controller "left", but the robot does not have this component. Skipping, but make sure this is intended.Removing the controller config for left from self.part_controller_config. (robot.py:151)
[robosuite WARNING] The config has defined for the controller "torso", but the robot does not have this component. Skipping, but make sure this is intended.Removing the controller config for torso from self.part_controller_config. (robot.py:151)
[robosuite WARNING] The config has defined for the controller "head", but the robot does not have this component. Skipping, but make sure this is intended.Removing the controller config for head from self.part_controller_config. (robot.py:151)
[robosuite WARNING] The config has defined for the controller "base", but the robot does not have this component. Skipping, but make sure this is intended.Removing the controller config for base from self.part_controller_config. (robot.py:151)
[robosuite WARNING] The config has defined for the controller "legs", but the robot does not have this component. Skipping, but make sure this is intended.Removing the controller config for legs from self.part_controller_config. (robot.py:151)
[robosuite INFO] Loading controller configuration from: /home/lph/.conda/envs/lph/lib/python3.10/site-packages/robosuite/controllers/config/default/composite/basic.json (composite_controller_factory.py:121)
[robosuite WARNING] The config has defined for the controller "left", but the robot does not have this component. Skipping, but make sure this is intended.Removing the controller config for left from self.part_controller_config. (robot.py:151)
[robosuite WARNING] The config has defined for the controller "torso", but the robot does not have this component. Skipping, but make sure this is intended.Removing the controller config for torso from self.part_controller_config. (robot.py:151)
[robosuite WARNING] The config has defined for the controller "head", but the robot does not have this component. Skipping, but make sure this is intended.Removing the controller config for head from self.part_controller_config. (robot.py:151)
[robosuite WARNING] The config has defined for the controller "base", but the robot does not have this component. Skipping, but make sure this is intended.Removing the controller config for base from self.part_controller_config. (robot.py:151)
[robosuite WARNING] The config has defined for the controller "legs", but the robot does not have this component. Skipping, but make sure this is intended.Removing the controller config for legs from self.part_controller_config. (robot.py:151)
[robosuite WARNING] The config has defined for the controller "left", but the robot does not have this component. Skipping, but make sure this is intended.Removing the controller config for left from self.part_controller_config. (robot.py:151)
[robosuite WARNING] The config has defined for the controller "torso", but the robot does not have this component. Skipping, but make sure this is intended.Removing the controller config for torso from self.part_controller_config. (robot.py:151)
[robosuite WARNING] The config has defined for the controller "head", but the robot does not have this component. Skipping, but make sure this is intended.Removing the controller config for head from self.part_controller_config. (robot.py:151)
[robosuite WARNING] The config has defined for the controller "base", but the robot does not have this component. Skipping, but make sure this is intended.Removing the controller config for base from self.part_controller_config. (robot.py:151)
[robosuite WARNING] The config has defined for the controller "legs", but the robot does not have this component. Skipping, but make sure this is intended.Removing the controller config for legs from self.part_controller_config. (robot.py:151)
[robosuite INFO] Loading controller configuration from: /home/lph/.conda/envs/lph/lib/python3.10/site-packages/robosuite/controllers/config/default/composite/basic.json (composite_controller_factory.py:121)
[robosuite WARNING] The config has defined for the controller "left", but the robot does not have this component. Skipping, but make sure this is intended.Removing the controller config for left from self.part_controller_config. (robot.py:151)
[robosuite WARNING] The config has defined for the controller "torso", but the robot does not have this component. Skipping, but make sure this is intended.Removing the controller config for torso from self.part_controller_config. (robot.py:151)
[robosuite WARNING] The config has defined for the controller "head", but the robot does not have this component. Skipping, but make sure this is intended.Removing the controller config for head from self.part_controller_config. (robot.py:151)
[robosuite WARNING] The config has defined for the controller "base", but the robot does not have this component. Skipping, but make sure this is intended.Removing the controller config for base from self.part_controller_config. (robot.py:151)
[robosuite WARNING] The config has defined for the controller "legs", but the robot does not have this component. Skipping, but make sure this is intended.Removing the controller config for legs from self.part_controller_config. (robot.py:151)
[robosuite WARNING] The config has defined for the controller "left", but the robot does not have this component. Skipping, but make sure this is intended.Removing the controller config for left from self.part_controller_config. (robot.py:151)
[robosuite WARNING] The config has defined for the controller "torso", but the robot does not have this component. Skipping, but make sure this is intended.Removing the controller config for torso from self.part_controller_config. (robot.py:151)
[robosuite WARNING] The config has defined for the controller "head", but the robot does not have this component. Skipping, but make sure this is intended.Removing the controller config for head from self.part_controller_config. (robot.py:151)
[robosuite WARNING] The config has defined for the controller "base", but the robot does not have this component. Skipping, but make sure this is intended.Removing the controller config for base from self.part_controller_config. (robot.py:151)
[robosuite WARNING] The config has defined for the controller "legs", but the robot does not have this component. Skipping, but make sure this is intended.Removing the controller config for legs from self.part_controller_config. (robot.py:151)
[robosuite INFO] Loading controller configuration from: /home/lph/.conda/envs/lph/lib/python3.10/site-packages/robosuite/controllers/config/default/composite/basic.json (composite_controller_factory.py:121)
[robosuite WARNING] The config has defined for the controller "left", but the robot does not have this component. Skipping, but make sure this is intended.Removing the controller config for left from self.part_controller_config. (robot.py:151)
[robosuite WARNING] The config has defined for the controller "torso", but the robot does not have this component. Skipping, but make sure this is intended.Removing the controller config for torso from self.part_controller_config. (robot.py:151)
[robosuite WARNING] The config has defined for the controller "head", but the robot does not have this component. Skipping, but make sure this is intended.Removing the controller config for head from self.part_controller_config. (robot.py:151)
[robosuite WARNING] The config has defined for the controller "base", but the robot does not have this component. Skipping, but make sure this is intended.Removing the controller config for base from self.part_controller_config. (robot.py:151)
[robosuite WARNING] The config has defined for the controller "legs", but the robot does not have this component. Skipping, but make sure this is intended.Removing the controller config for legs from self.part_controller_config. (robot.py:151)
[robosuite WARNING] The config has defined for the controller "left", but the robot does not have this component. Skipping, but make sure this is intended.Removing the controller config for left from self.part_controller_config. (robot.py:151)
[robosuite WARNING] The config has defined for the controller "torso", but the robot does not have this component. Skipping, but make sure this is intended.Removing the controller config for torso from self.part_controller_config. (robot.py:151)
[robosuite WARNING] The config has defined for the controller "head", but the robot does not have this component. Skipping, but make sure this is intended.Removing the controller config for head from self.part_controller_config. (robot.py:151)
[robosuite WARNING] The config has defined for the controller "base", but the robot does not have this component. Skipping, but make sure this is intended.Removing the controller config for base from self.part_controller_config. (robot.py:151)
[robosuite WARNING] The config has defined for the controller "legs", but the robot does not have this component. Skipping, but make sure this is intended.Removing the controller config for legs from self.part_controller_config. (robot.py:151)
[robosuite INFO] Loading controller configuration from: /home/lph/.conda/envs/lph/lib/python3.10/site-packages/robosuite/controllers/config/default/composite/basic.json (composite_controller_factory.py:121)
[robosuite WARNING] The config has defined for the controller "left", but the robot does not have this component. Skipping, but make sure this is intended.Removing the controller config for left from self.part_controller_config. (robot.py:151)
[robosuite WARNING] The config has defined for the controller "torso", but the robot does not have this component. Skipping, but make sure this is intended.Removing the controller config for torso from self.part_controller_config. (robot.py:151)
[robosuite WARNING] The config has defined for the controller "head", but the robot does not have this component. Skipping, but make sure this is intended.Removing the controller config for head from self.part_controller_config. (robot.py:151)
[robosuite WARNING] The config has defined for the controller "base", but the robot does not have this component. Skipping, but make sure this is intended.Removing the controller config for base from self.part_controller_config. (robot.py:151)
[robosuite WARNING] The config has defined for the controller "legs", but the robot does not have this component. Skipping, but make sure this is intended.Removing the controller config for legs from self.part_controller_config. (robot.py:151)
[robosuite WARNING] The config has defined for the controller "left", but the robot does not have this component. Skipping, but make sure this is intended.Removing the controller config for left from self.part_controller_config. (robot.py:151)
[robosuite WARNING] The config has defined for the controller "torso", but the robot does not have this component. Skipping, but make sure this is intended.Removing the controller config for torso from self.part_controller_config. (robot.py:151)
[robosuite WARNING] The config has defined for the controller "head", but the robot does not have this component. Skipping, but make sure this is intended.Removing the controller config for head from self.part_controller_config. (robot.py:151)
[robosuite WARNING] The config has defined for the controller "base", but the robot does not have this component. Skipping, but make sure this is intended.Removing the controller config for base from self.part_controller_config. (robot.py:151)
[robosuite WARNING] The config has defined for the controller "legs", but the robot does not have this component. Skipping, but make sure this is intended.Removing the controller config for legs from self.part_controller_config. (robot.py:151)
[robosuite INFO] Loading controller configuration from: /home/lph/.conda/envs/lph/lib/python3.10/site-packages/robosuite/controllers/config/default/composite/basic.json (composite_controller_factory.py:121)
[robosuite WARNING] The config has defined for the controller "left", but the robot does not have this component. Skipping, but make sure this is intended.Removing the controller config for left from self.part_controller_config. (robot.py:151)
[robosuite WARNING] The config has defined for the controller "torso", but the robot does not have this component. Skipping, but make sure this is intended.Removing the controller config for torso from self.part_controller_config. (robot.py:151)
[robosuite WARNING] The config has defined for the controller "head", but the robot does not have this component. Skipping, but make sure this is intended.Removing the controller config for head from self.part_controller_config. (robot.py:151)
[robosuite WARNING] The config has defined for the controller "base", but the robot does not have this component. Skipping, but make sure this is intended.Removing the controller config for base from self.part_controller_config. (robot.py:151)
[robosuite WARNING] The config has defined for the controller "legs", but the robot does not have this component. Skipping, but make sure this is intended.Removing the controller config for legs from self.part_controller_config. (robot.py:151)
[robosuite WARNING] The config has defined for the controller "left", but the robot does not have this component. Skipping, but make sure this is intended.Removing the controller config for left from self.part_controller_config. (robot.py:151)
[robosuite WARNING] The config has defined for the controller "torso", but the robot does not have this component. Skipping, but make sure this is intended.Removing the controller config for torso from self.part_controller_config. (robot.py:151)
[robosuite WARNING] The config has defined for the controller "head", but the robot does not have this component. Skipping, but make sure this is intended.Removing the controller config for head from self.part_controller_config. (robot.py:151)
[robosuite WARNING] The config has defined for the controller "base", but the robot does not have this component. Skipping, but make sure this is intended.Removing the controller config for base from self.part_controller_config. (robot.py:151)
[robosuite WARNING] The config has defined for the controller "legs", but the robot does not have this component. Skipping, but make sure this is intended.Removing the controller config for legs from self.part_controller_config. (robot.py:151)
[robosuite INFO] Loading controller configuration from: /home/lph/.conda/envs/lph/lib/python3.10/site-packages/robosuite/controllers/config/default/composite/basic.json (composite_controller_factory.py:121)
[robosuite WARNING] The config has defined for the controller "left", but the robot does not have this component. Skipping, but make sure this is intended.Removing the controller config for left from self.part_controller_config. (robot.py:151)
[robosuite WARNING] The config has defined for the controller "torso", but the robot does not have this component. Skipping, but make sure this is intended.Removing the controller config for torso from self.part_controller_config. (robot.py:151)
[robosuite WARNING] The config has defined for the controller "head", but the robot does not have this component. Skipping, but make sure this is intended.Removing the controller config for head from self.part_controller_config. (robot.py:151)
[robosuite WARNING] The config has defined for the controller "base", but the robot does not have this component. Skipping, but make sure this is intended.Removing the controller config for base from self.part_controller_config. (robot.py:151)
[robosuite WARNING] The config has defined for the controller "legs", but the robot does not have this component. Skipping, but make sure this is intended.Removing the controller config for legs from self.part_controller_config. (robot.py:151)
[robosuite WARNING] The config has defined for the controller "left", but the robot does not have this component. Skipping, but make sure this is intended.Removing the controller config for left from self.part_controller_config. (robot.py:151)
[robosuite WARNING] The config has defined for the controller "torso", but the robot does not have this component. Skipping, but make sure this is intended.Removing the controller config for torso from self.part_controller_config. (robot.py:151)
[robosuite WARNING] The config has defined for the controller "head", but the robot does not have this component. Skipping, but make sure this is intended.Removing the controller config for head from self.part_controller_config. (robot.py:151)
[robosuite WARNING] The config has defined for the controller "base", but the robot does not have this component. Skipping, but make sure this is intended.Removing the controller config for base from self.part_controller_config. (robot.py:151)
[robosuite WARNING] The config has defined for the controller "legs", but the robot does not have this component. Skipping, but make sure this is intended.Removing the controller config for legs from self.part_controller_config. (robot.py:151)
[robosuite INFO] Loading controller configuration from: /home/lph/.conda/envs/lph/lib/python3.10/site-packages/robosuite/controllers/config/default/composite/basic.json (composite_controller_factory.py:121)
[robosuite WARNING] The config has defined for the controller "left", but the robot does not have this component. Skipping, but make sure this is intended.Removing the controller config for left from self.part_controller_config. (robot.py:151)
[robosuite WARNING] The config has defined for the controller "torso", but the robot does not have this component. Skipping, but make sure this is intended.Removing the controller config for torso from self.part_controller_config. (robot.py:151)
[robosuite WARNING] The config has defined for the controller "head", but the robot does not have this component. Skipping, but make sure this is intended.Removing the controller config for head from self.part_controller_config. (robot.py:151)
[robosuite WARNING] The config has defined for the controller "base", but the robot does not have this component. Skipping, but make sure this is intended.Removing the controller config for base from self.part_controller_config. (robot.py:151)
[robosuite WARNING] The config has defined for the controller "legs", but the robot does not have this component. Skipping, but make sure this is intended.Removing the controller config for legs from self.part_controller_config. (robot.py:151)
[robosuite WARNING] The config has defined for the controller "left", but the robot does not have this component. Skipping, but make sure this is intended.Removing the controller config for left from self.part_controller_config. (robot.py:151)
[robosuite WARNING] The config has defined for the controller "torso", but the robot does not have this component. Skipping, but make sure this is intended.Removing the controller config for torso from self.part_controller_config. (robot.py:151)
[robosuite WARNING] The config has defined for the controller "head", but the robot does not have this component. Skipping, but make sure this is intended.Removing the controller config for head from self.part_controller_config. (robot.py:151)
[robosuite WARNING] The config has defined for the controller "base", but the robot does not have this component. Skipping, but make sure this is intended.Removing the controller config for base from self.part_controller_config. (robot.py:151)
[robosuite WARNING] The config has defined for the controller "legs", but the robot does not have this component. Skipping, but make sure this is intended.Removing the controller config for legs from self.part_controller_config. (robot.py:151)
[robosuite INFO] Loading controller configuration from: /home/lph/.conda/envs/lph/lib/python3.10/site-packages/robosuite/controllers/config/default/composite/basic.json (composite_controller_factory.py:121)
[robosuite WARNING] The config has defined for the controller "left", but the robot does not have this component. Skipping, but make sure this is intended.Removing the controller config for left from self.part_controller_config. (robot.py:151)
[robosuite WARNING] The config has defined for the controller "torso", but the robot does not have this component. Skipping, but make sure this is intended.Removing the controller config for torso from self.part_controller_config. (robot.py:151)
[robosuite WARNING] The config has defined for the controller "head", but the robot does not have this component. Skipping, but make sure this is intended.Removing the controller config for head from self.part_controller_config. (robot.py:151)
[robosuite WARNING] The config has defined for the controller "base", but the robot does not have this component. Skipping, but make sure this is intended.Removing the controller config for base from self.part_controller_config. (robot.py:151)
[robosuite WARNING] The config has defined for the controller "legs", but the robot does not have this component. Skipping, but make sure this is intended.Removing the controller config for legs from self.part_controller_config. (robot.py:151)
[robosuite WARNING] The config has defined for the controller "left", but the robot does not have this component. Skipping, but make sure this is intended.Removing the controller config for left from self.part_controller_config. (robot.py:151)
[robosuite WARNING] The config has defined for the controller "torso", but the robot does not have this component. Skipping, but make sure this is intended.Removing the controller config for torso from self.part_controller_config. (robot.py:151)
[robosuite WARNING] The config has defined for the controller "head", but the robot does not have this component. Skipping, but make sure this is intended.Removing the controller config for head from self.part_controller_config. (robot.py:151)
[robosuite WARNING] The config has defined for the controller "base", but the robot does not have this component. Skipping, but make sure this is intended.Removing the controller config for base from self.part_controller_config. (robot.py:151)
[robosuite WARNING] The config has defined for the controller "legs", but the robot does not have this component. Skipping, but make sure this is intended.Removing the controller config for legs from self.part_controller_config. (robot.py:151)
[robosuite INFO] Loading controller configuration from: /home/lph/.conda/envs/lph/lib/python3.10/site-packages/robosuite/controllers/config/default/composite/basic.json (composite_controller_factory.py:121)
[robosuite WARNING] The config has defined for the controller "left", but the robot does not have this component. Skipping, but make sure this is intended.Removing the controller config for left from self.part_controller_config. (robot.py:151)
[robosuite WARNING] The config has defined for the controller "torso", but the robot does not have this component. Skipping, but make sure this is intended.Removing the controller config for torso from self.part_controller_config. (robot.py:151)
[robosuite WARNING] The config has defined for the controller "head", but the robot does not have this component. Skipping, but make sure this is intended.Removing the controller config for head from self.part_controller_config. (robot.py:151)
[robosuite WARNING] The config has defined for the controller "base", but the robot does not have this component. Skipping, but make sure this is intended.Removing the controller config for base from self.part_controller_config. (robot.py:151)
[robosuite WARNING] The config has defined for the controller "legs", but the robot does not have this component. Skipping, but make sure this is intended.Removing the controller config for legs from self.part_controller_config. (robot.py:151)
[robosuite WARNING] The config has defined for the controller "left", but the robot does not have this component. Skipping, but make sure this is intended.Removing the controller config for left from self.part_controller_config. (robot.py:151)
[robosuite WARNING] The config has defined for the controller "torso", but the robot does not have this component. Skipping, but make sure this is intended.Removing the controller config for torso from self.part_controller_config. (robot.py:151)
[robosuite WARNING] The config has defined for the controller "head", but the robot does not have this component. Skipping, but make sure this is intended.Removing the controller config for head from self.part_controller_config. (robot.py:151)
[robosuite WARNING] The config has defined for the controller "base", but the robot does not have this component. Skipping, but make sure this is intended.Removing the controller config for base from self.part_controller_config. (robot.py:151)
[robosuite WARNING] The config has defined for the controller "legs", but the robot does not have this component. Skipping, but make sure this is intended.Removing the controller config for legs from self.part_controller_config. (robot.py:151)
[robosuite INFO] Loading controller configuration from: /home/lph/.conda/envs/lph/lib/python3.10/site-packages/robosuite/controllers/config/default/composite/basic.json (composite_controller_factory.py:121)
[robosuite WARNING] The config has defined for the controller "left", but the robot does not have this component. Skipping, but make sure this is intended.Removing the controller config for left from self.part_controller_config. (robot.py:151)
[robosuite WARNING] The config has defined for the controller "torso", but the robot does not have this component. Skipping, but make sure this is intended.Removing the controller config for torso from self.part_controller_config. (robot.py:151)
[robosuite WARNING] The config has defined for the controller "head", but the robot does not have this component. Skipping, but make sure this is intended.Removing the controller config for head from self.part_controller_config. (robot.py:151)
[robosuite WARNING] The config has defined for the controller "base", but the robot does not have this component. Skipping, but make sure this is intended.Removing the controller config for base from self.part_controller_config. (robot.py:151)
[robosuite WARNING] The config has defined for the controller "legs", but the robot does not have this component. Skipping, but make sure this is intended.Removing the controller config for legs from self.part_controller_config. (robot.py:151)
[robosuite WARNING] The config has defined for the controller "left", but the robot does not have this component. Skipping, but make sure this is intended.Removing the controller config for left from self.part_controller_config. (robot.py:151)
[robosuite WARNING] The config has defined for the controller "torso", but the robot does not have this component. Skipping, but make sure this is intended.Removing the controller config for torso from self.part_controller_config. (robot.py:151)
[robosuite WARNING] The config has defined for the controller "head", but the robot does not have this component. Skipping, but make sure this is intended.Removing the controller config for head from self.part_controller_config. (robot.py:151)
[robosuite WARNING] The config has defined for the controller "base", but the robot does not have this component. Skipping, but make sure this is intended.Removing the controller config for base from self.part_controller_config. (robot.py:151)
[robosuite WARNING] The config has defined for the controller "legs", but the robot does not have this component. Skipping, but make sure this is intended.Removing the controller config for legs from self.part_controller_config. (robot.py:151)
[robosuite INFO] Loading controller configuration from: /home/lph/.conda/envs/lph/lib/python3.10/site-packages/robosuite/controllers/config/default/composite/basic.json (composite_controller_factory.py:121)
[robosuite WARNING] The config has defined for the controller "left", but the robot does not have this component. Skipping, but make sure this is intended.Removing the controller config for left from self.part_controller_config. (robot.py:151)
[robosuite WARNING] The config has defined for the controller "torso", but the robot does not have this component. Skipping, but make sure this is intended.Removing the controller config for torso from self.part_controller_config. (robot.py:151)
[robosuite WARNING] The config has defined for the controller "head", but the robot does not have this component. Skipping, but make sure this is intended.Removing the controller config for head from self.part_controller_config. (robot.py:151)
[robosuite WARNING] The config has defined for the controller "base", but the robot does not have this component. Skipping, but make sure this is intended.Removing the controller config for base from self.part_controller_config. (robot.py:151)
[robosuite WARNING] The config has defined for the controller "legs", but the robot does not have this component. Skipping, but make sure this is intended.Removing the controller config for legs from self.part_controller_config. (robot.py:151)
[robosuite WARNING] The config has defined for the controller "left", but the robot does not have this component. Skipping, but make sure this is intended.Removing the controller config for left from self.part_controller_config. (robot.py:151)
[robosuite WARNING] The config has defined for the controller "torso", but the robot does not have this component. Skipping, but make sure this is intended.Removing the controller config for torso from self.part_controller_config. (robot.py:151)
[robosuite WARNING] The config has defined for the controller "head", but the robot does not have this component. Skipping, but make sure this is intended.Removing the controller config for head from self.part_controller_config. (robot.py:151)
[robosuite WARNING] The config has defined for the controller "base", but the robot does not have this component. Skipping, but make sure this is intended.Removing the controller config for base from self.part_controller_config. (robot.py:151)
[robosuite WARNING] The config has defined for the controller "legs", but the robot does not have this component. Skipping, but make sure this is intended.Removing the controller config for legs from self.part_controller_config. (robot.py:151)
[robosuite INFO] Loading controller configuration from: /home/lph/.conda/envs/lph/lib/python3.10/site-packages/robosuite/controllers/config/default/composite/basic.json (composite_controller_factory.py:121)
[robosuite WARNING] The config has defined for the controller "left", but the robot does not have this component. Skipping, but make sure this is intended.Removing the controller config for left from self.part_controller_config. (robot.py:151)
[robosuite WARNING] The config has defined for the controller "torso", but the robot does not have this component. Skipping, but make sure this is intended.Removing the controller config for torso from self.part_controller_config. (robot.py:151)
[robosuite WARNING] The config has defined for the controller "head", but the robot does not have this component. Skipping, but make sure this is intended.Removing the controller config for head from self.part_controller_config. (robot.py:151)
[robosuite WARNING] The config has defined for the controller "base", but the robot does not have this component. Skipping, but make sure this is intended.Removing the controller config for base from self.part_controller_config. (robot.py:151)
[robosuite WARNING] The config has defined for the controller "legs", but the robot does not have this component. Skipping, but make sure this is intended.Removing the controller config for legs from self.part_controller_config. (robot.py:151)
[robosuite WARNING] The config has defined for the controller "left", but the robot does not have this component. Skipping, but make sure this is intended.Removing the controller config for left from self.part_controller_config. (robot.py:151)
[robosuite WARNING] The config has defined for the controller "torso", but the robot does not have this component. Skipping, but make sure this is intended.Removing the controller config for torso from self.part_controller_config. (robot.py:151)
[robosuite WARNING] The config has defined for the controller "head", but the robot does not have this component. Skipping, but make sure this is intended.Removing the controller config for head from self.part_controller_config. (robot.py:151)
[robosuite WARNING] The config has defined for the controller "base", but the robot does not have this component. Skipping, but make sure this is intended.Removing the controller config for base from self.part_controller_config. (robot.py:151)
[robosuite WARNING] The config has defined for the controller "legs", but the robot does not have this component. Skipping, but make sure this is intended.Removing the controller config for legs from self.part_controller_config. (robot.py:151)
[robosuite INFO] Loading controller configuration from: /home/lph/.conda/envs/lph/lib/python3.10/site-packages/robosuite/controllers/config/default/composite/basic.json (composite_controller_factory.py:121)
[robosuite WARNING] The config has defined for the controller "left", but the robot does not have this component. Skipping, but make sure this is intended.Removing the controller config for left from self.part_controller_config. (robot.py:151)
[robosuite WARNING] The config has defined for the controller "torso", but the robot does not have this component. Skipping, but make sure this is intended.Removing the controller config for torso from self.part_controller_config. (robot.py:151)
[robosuite WARNING] The config has defined for the controller "head", but the robot does not have this component. Skipping, but make sure this is intended.Removing the controller config for head from self.part_controller_config. (robot.py:151)
[robosuite WARNING] The config has defined for the controller "base", but the robot does not have this component. Skipping, but make sure this is intended.Removing the controller config for base from self.part_controller_config. (robot.py:151)
[robosuite WARNING] The config has defined for the controller "legs", but the robot does not have this component. Skipping, but make sure this is intended.Removing the controller config for legs from self.part_controller_config. (robot.py:151)
[robosuite WARNING] The config has defined for the controller "left", but the robot does not have this component. Skipping, but make sure this is intended.Removing the controller config for left from self.part_controller_config. (robot.py:151)
[robosuite WARNING] The config has defined for the controller "torso", but the robot does not have this component. Skipping, but make sure this is intended.Removing the controller config for torso from self.part_controller_config. (robot.py:151)
[robosuite WARNING] The config has defined for the controller "head", but the robot does not have this component. Skipping, but make sure this is intended.Removing the controller config for head from self.part_controller_config. (robot.py:151)
[robosuite WARNING] The config has defined for the controller "base", but the robot does not have this component. Skipping, but make sure this is intended.Removing the controller config for base from self.part_controller_config. (robot.py:151)
[robosuite WARNING] The config has defined for the controller "legs", but the robot does not have this component. Skipping, but make sure this is intended.Removing the controller config for legs from self.part_controller_config. (robot.py:151)
[robosuite INFO] Loading controller configuration from: /home/lph/.conda/envs/lph/lib/python3.10/site-packages/robosuite/controllers/config/default/composite/basic.json (composite_controller_factory.py:121)
[robosuite WARNING] The config has defined for the controller "left", but the robot does not have this component. Skipping, but make sure this is intended.Removing the controller config for left from self.part_controller_config. (robot.py:151)
[robosuite WARNING] The config has defined for the controller "torso", but the robot does not have this component. Skipping, but make sure this is intended.Removing the controller config for torso from self.part_controller_config. (robot.py:151)
[robosuite WARNING] The config has defined for the controller "head", but the robot does not have this component. Skipping, but make sure this is intended.Removing the controller config for head from self.part_controller_config. (robot.py:151)
[robosuite WARNING] The config has defined for the controller "base", but the robot does not have this component. Skipping, but make sure this is intended.Removing the controller config for base from self.part_controller_config. (robot.py:151)
[robosuite WARNING] The config has defined for the controller "legs", but the robot does not have this component. Skipping, but make sure this is intended.Removing the controller config for legs from self.part_controller_config. (robot.py:151)
[robosuite WARNING] The config has defined for the controller "left", but the robot does not have this component. Skipping, but make sure this is intended.Removing the controller config for left from self.part_controller_config. (robot.py:151)
[robosuite WARNING] The config has defined for the controller "torso", but the robot does not have this component. Skipping, but make sure this is intended.Removing the controller config for torso from self.part_controller_config. (robot.py:151)
[robosuite WARNING] The config has defined for the controller "head", but the robot does not have this component. Skipping, but make sure this is intended.Removing the controller config for head from self.part_controller_config. (robot.py:151)
[robosuite WARNING] The config has defined for the controller "base", but the robot does not have this component. Skipping, but make sure this is intended.Removing the controller config for base from self.part_controller_config. (robot.py:151)
[robosuite WARNING] The config has defined for the controller "legs", but the robot does not have this component. Skipping, but make sure this is intended.Removing the controller config for legs from self.part_controller_config. (robot.py:151)
[robosuite INFO] Loading controller configuration from: /home/lph/.conda/envs/lph/lib/python3.10/site-packages/robosuite/controllers/config/default/composite/basic.json (composite_controller_factory.py:121)
[robosuite WARNING] The config has defined for the controller "left", but the robot does not have this component. Skipping, but make sure this is intended.Removing the controller config for left from self.part_controller_config. (robot.py:151)
[robosuite WARNING] The config has defined for the controller "torso", but the robot does not have this component. Skipping, but make sure this is intended.Removing the controller config for torso from self.part_controller_config. (robot.py:151)
[robosuite WARNING] The config has defined for the controller "head", but the robot does not have this component. Skipping, but make sure this is intended.Removing the controller config for head from self.part_controller_config. (robot.py:151)
[robosuite WARNING] The config has defined for the controller "base", but the robot does not have this component. Skipping, but make sure this is intended.Removing the controller config for base from self.part_controller_config. (robot.py:151)
[robosuite WARNING] The config has defined for the controller "legs", but the robot does not have this component. Skipping, but make sure this is intended.Removing the controller config for legs from self.part_controller_config. (robot.py:151)
[robosuite WARNING] The config has defined for the controller "left", but the robot does not have this component. Skipping, but make sure this is intended.Removing the controller config for left from self.part_controller_config. (robot.py:151)
[robosuite WARNING] The config has defined for the controller "torso", but the robot does not have this component. Skipping, but make sure this is intended.Removing the controller config for torso from self.part_controller_config. (robot.py:151)
[robosuite WARNING] The config has defined for the controller "head", but the robot does not have this component. Skipping, but make sure this is intended.Removing the controller config for head from self.part_controller_config. (robot.py:151)
[robosuite WARNING] The config has defined for the controller "base", but the robot does not have this component. Skipping, but make sure this is intended.Removing the controller config for base from self.part_controller_config. (robot.py:151)
[robosuite WARNING] The config has defined for the controller "legs", but the robot does not have this component. Skipping, but make sure this is intended.Removing the controller config for legs from self.part_controller_config. (robot.py:151)
[robosuite INFO] Loading controller configuration from: /home/lph/.conda/envs/lph/lib/python3.10/site-packages/robosuite/controllers/config/default/composite/basic.json (composite_controller_factory.py:121)
[robosuite WARNING] The config has defined for the controller "left", but the robot does not have this component. Skipping, but make sure this is intended.Removing the controller config for left from self.part_controller_config. (robot.py:151)
[robosuite WARNING] The config has defined for the controller "torso", but the robot does not have this component. Skipping, but make sure this is intended.Removing the controller config for torso from self.part_controller_config. (robot.py:151)
[robosuite WARNING] The config has defined for the controller "head", but the robot does not have this component. Skipping, but make sure this is intended.Removing the controller config for head from self.part_controller_config. (robot.py:151)
[robosuite WARNING] The config has defined for the controller "base", but the robot does not have this component. Skipping, but make sure this is intended.Removing the controller config for base from self.part_controller_config. (robot.py:151)
[robosuite WARNING] The config has defined for the controller "legs", but the robot does not have this component. Skipping, but make sure this is intended.Removing the controller config for legs from self.part_controller_config. (robot.py:151)
[robosuite WARNING] The config has defined for the controller "left", but the robot does not have this component. Skipping, but make sure this is intended.Removing the controller config for left from self.part_controller_config. (robot.py:151)
[robosuite WARNING] The config has defined for the controller "torso", but the robot does not have this component. Skipping, but make sure this is intended.Removing the controller config for torso from self.part_controller_config. (robot.py:151)
[robosuite WARNING] The config has defined for the controller "head", but the robot does not have this component. Skipping, but make sure this is intended.Removing the controller config for head from self.part_controller_config. (robot.py:151)
[robosuite WARNING] The config has defined for the controller "base", but the robot does not have this component. Skipping, but make sure this is intended.Removing the controller config for base from self.part_controller_config. (robot.py:151)
[robosuite WARNING] The config has defined for the controller "legs", but the robot does not have this component. Skipping, but make sure this is intended.Removing the controller config for legs from self.part_controller_config. (robot.py:151)
[robosuite INFO] Loading controller configuration from: /home/lph/.conda/envs/lph/lib/python3.10/site-packages/robosuite/controllers/config/default/composite/basic.json (composite_controller_factory.py:121)
[robosuite WARNING] The config has defined for the controller "left", but the robot does not have this component. Skipping, but make sure this is intended.Removing the controller config for left from self.part_controller_config. (robot.py:151)
[robosuite WARNING] The config has defined for the controller "torso", but the robot does not have this component. Skipping, but make sure this is intended.Removing the controller config for torso from self.part_controller_config. (robot.py:151)
[robosuite WARNING] The config has defined for the controller "head", but the robot does not have this component. Skipping, but make sure this is intended.Removing the controller config for head from self.part_controller_config. (robot.py:151)
[robosuite WARNING] The config has defined for the controller "base", but the robot does not have this component. Skipping, but make sure this is intended.Removing the controller config for base from self.part_controller_config. (robot.py:151)
[robosuite WARNING] The config has defined for the controller "legs", but the robot does not have this component. Skipping, but make sure this is intended.Removing the controller config for legs from self.part_controller_config. (robot.py:151)
[robosuite WARNING] The config has defined for the controller "left", but the robot does not have this component. Skipping, but make sure this is intended.Removing the controller config for left from self.part_controller_config. (robot.py:151)
[robosuite WARNING] The config has defined for the controller "torso", but the robot does not have this component. Skipping, but make sure this is intended.Removing the controller config for torso from self.part_controller_config. (robot.py:151)
[robosuite WARNING] The config has defined for the controller "head", but the robot does not have this component. Skipping, but make sure this is intended.Removing the controller config for head from self.part_controller_config. (robot.py:151)
[robosuite WARNING] The config has defined for the controller "base", but the robot does not have this component. Skipping, but make sure this is intended.Removing the controller config for base from self.part_controller_config. (robot.py:151)
[robosuite WARNING] The config has defined for the controller "legs", but the robot does not have this component. Skipping, but make sure this is intended.Removing the controller config for legs from self.part_controller_config. (robot.py:151)
[robosuite INFO] Loading controller configuration from: /home/lph/.conda/envs/lph/lib/python3.10/site-packages/robosuite/controllers/config/default/composite/basic.json (composite_controller_factory.py:121)
[robosuite WARNING] The config has defined for the controller "left", but the robot does not have this component. Skipping, but make sure this is intended.Removing the controller config for left from self.part_controller_config. (robot.py:151)
[robosuite WARNING] The config has defined for the controller "torso", but the robot does not have this component. Skipping, but make sure this is intended.Removing the controller config for torso from self.part_controller_config. (robot.py:151)
[robosuite WARNING] The config has defined for the controller "head", but the robot does not have this component. Skipping, but make sure this is intended.Removing the controller config for head from self.part_controller_config. (robot.py:151)
[robosuite WARNING] The config has defined for the controller "base", but the robot does not have this component. Skipping, but make sure this is intended.Removing the controller config for base from self.part_controller_config. (robot.py:151)
[robosuite WARNING] The config has defined for the controller "legs", but the robot does not have this component. Skipping, but make sure this is intended.Removing the controller config for legs from self.part_controller_config. (robot.py:151)
[robosuite WARNING] The config has defined for the controller "left", but the robot does not have this component. Skipping, but make sure this is intended.Removing the controller config for left from self.part_controller_config. (robot.py:151)
[robosuite WARNING] The config has defined for the controller "torso", but the robot does not have this component. Skipping, but make sure this is intended.Removing the controller config for torso from self.part_controller_config. (robot.py:151)
[robosuite WARNING] The config has defined for the controller "head", but the robot does not have this component. Skipping, but make sure this is intended.Removing the controller config for head from self.part_controller_config. (robot.py:151)
[robosuite WARNING] The config has defined for the controller "base", but the robot does not have this component. Skipping, but make sure this is intended.Removing the controller config for base from self.part_controller_config. (robot.py:151)
[robosuite WARNING] The config has defined for the controller "legs", but the robot does not have this component. Skipping, but make sure this is intended.Removing the controller config for legs from self.part_controller_config. (robot.py:151)
[robosuite INFO] Loading controller configuration from: /home/lph/.conda/envs/lph/lib/python3.10/site-packages/robosuite/controllers/config/default/composite/basic.json (composite_controller_factory.py:121)
[robosuite WARNING] The config has defined for the controller "left", but the robot does not have this component. Skipping, but make sure this is intended.Removing the controller config for left from self.part_controller_config. (robot.py:151)
[robosuite WARNING] The config has defined for the controller "torso", but the robot does not have this component. Skipping, but make sure this is intended.Removing the controller config for torso from self.part_controller_config. (robot.py:151)
[robosuite WARNING] The config has defined for the controller "head", but the robot does not have this component. Skipping, but make sure this is intended.Removing the controller config for head from self.part_controller_config. (robot.py:151)
[robosuite WARNING] The config has defined for the controller "base", but the robot does not have this component. Skipping, but make sure this is intended.Removing the controller config for base from self.part_controller_config. (robot.py:151)
[robosuite WARNING] The config has defined for the controller "legs", but the robot does not have this component. Skipping, but make sure this is intended.Removing the controller config for legs from self.part_controller_config. (robot.py:151)
[robosuite WARNING] The config has defined for the controller "left", but the robot does not have this component. Skipping, but make sure this is intended.Removing the controller config for left from self.part_controller_config. (robot.py:151)
[robosuite WARNING] The config has defined for the controller "torso", but the robot does not have this component. Skipping, but make sure this is intended.Removing the controller config for torso from self.part_controller_config. (robot.py:151)
[robosuite WARNING] The config has defined for the controller "head", but the robot does not have this component. Skipping, but make sure this is intended.Removing the controller config for head from self.part_controller_config. (robot.py:151)
[robosuite WARNING] The config has defined for the controller "base", but the robot does not have this component. Skipping, but make sure this is intended.Removing the controller config for base from self.part_controller_config. (robot.py:151)
[robosuite WARNING] The config has defined for the controller "legs", but the robot does not have this component. Skipping, but make sure this is intended.Removing the controller config for legs from self.part_controller_config. (robot.py:151)
[robosuite INFO] Loading controller configuration from: /home/lph/.conda/envs/lph/lib/python3.10/site-packages/robosuite/controllers/config/default/composite/basic.json (composite_controller_factory.py:121)
[robosuite WARNING] The config has defined for the controller "left", but the robot does not have this component. Skipping, but make sure this is intended.Removing the controller config for left from self.part_controller_config. (robot.py:151)
[robosuite WARNING] The config has defined for the controller "torso", but the robot does not have this component. Skipping, but make sure this is intended.Removing the controller config for torso from self.part_controller_config. (robot.py:151)
[robosuite WARNING] The config has defined for the controller "head", but the robot does not have this component. Skipping, but make sure this is intended.Removing the controller config for head from self.part_controller_config. (robot.py:151)
[robosuite WARNING] The config has defined for the controller "base", but the robot does not have this component. Skipping, but make sure this is intended.Removing the controller config for base from self.part_controller_config. (robot.py:151)
[robosuite WARNING] The config has defined for the controller "legs", but the robot does not have this component. Skipping, but make sure this is intended.Removing the controller config for legs from self.part_controller_config. (robot.py:151)
[robosuite WARNING] The config has defined for the controller "left", but the robot does not have this component. Skipping, but make sure this is intended.Removing the controller config for left from self.part_controller_config. (robot.py:151)
[robosuite WARNING] The config has defined for the controller "torso", but the robot does not have this component. Skipping, but make sure this is intended.Removing the controller config for torso from self.part_controller_config. (robot.py:151)
[robosuite WARNING] The config has defined for the controller "head", but the robot does not have this component. Skipping, but make sure this is intended.Removing the controller config for head from self.part_controller_config. (robot.py:151)
[robosuite WARNING] The config has defined for the controller "base", but the robot does not have this component. Skipping, but make sure this is intended.Removing the controller config for base from self.part_controller_config. (robot.py:151)
[robosuite WARNING] The config has defined for the controller "legs", but the robot does not have this component. Skipping, but make sure this is intended.Removing the controller config for legs from self.part_controller_config. (robot.py:151)
[robosuite INFO] Loading controller configuration from: /home/lph/.conda/envs/lph/lib/python3.10/site-packages/robosuite/controllers/config/default/composite/basic.json (composite_controller_factory.py:121)
[robosuite WARNING] The config has defined for the controller "left", but the robot does not have this component. Skipping, but make sure this is intended.Removing the controller config for left from self.part_controller_config. (robot.py:151)
[robosuite WARNING] The config has defined for the controller "torso", but the robot does not have this component. Skipping, but make sure this is intended.Removing the controller config for torso from self.part_controller_config. (robot.py:151)
[robosuite WARNING] The config has defined for the controller "head", but the robot does not have this component. Skipping, but make sure this is intended.Removing the controller config for head from self.part_controller_config. (robot.py:151)
[robosuite WARNING] The config has defined for the controller "base", but the robot does not have this component. Skipping, but make sure this is intended.Removing the controller config for base from self.part_controller_config. (robot.py:151)
[robosuite WARNING] The config has defined for the controller "legs", but the robot does not have this component. Skipping, but make sure this is intended.Removing the controller config for legs from self.part_controller_config. (robot.py:151)
[robosuite WARNING] The config has defined for the controller "left", but the robot does not have this component. Skipping, but make sure this is intended.Removing the controller config for left from self.part_controller_config. (robot.py:151)
[robosuite WARNING] The config has defined for the controller "torso", but the robot does not have this component. Skipping, but make sure this is intended.Removing the controller config for torso from self.part_controller_config. (robot.py:151)
[robosuite WARNING] The config has defined for the controller "head", but the robot does not have this component. Skipping, but make sure this is intended.Removing the controller config for head from self.part_controller_config. (robot.py:151)
[robosuite WARNING] The config has defined for the controller "base", but the robot does not have this component. Skipping, but make sure this is intended.Removing the controller config for base from self.part_controller_config. (robot.py:151)
[robosuite WARNING] The config has defined for the controller "legs", but the robot does not have this component. Skipping, but make sure this is intended.Removing the controller config for legs from self.part_controller_config. (robot.py:151)
[robosuite INFO] Loading controller configuration from: /home/lph/.conda/envs/lph/lib/python3.10/site-packages/robosuite/controllers/config/default/composite/basic.json (composite_controller_factory.py:121)
[robosuite WARNING] The config has defined for the controller "left", but the robot does not have this component. Skipping, but make sure this is intended.Removing the controller config for left from self.part_controller_config. (robot.py:151)
[robosuite WARNING] The config has defined for the controller "torso", but the robot does not have this component. Skipping, but make sure this is intended.Removing the controller config for torso from self.part_controller_config. (robot.py:151)
[robosuite WARNING] The config has defined for the controller "head", but the robot does not have this component. Skipping, but make sure this is intended.Removing the controller config for head from self.part_controller_config. (robot.py:151)
[robosuite WARNING] The config has defined for the controller "base", but the robot does not have this component. Skipping, but make sure this is intended.Removing the controller config for base from self.part_controller_config. (robot.py:151)
[robosuite WARNING] The config has defined for the controller "legs", but the robot does not have this component. Skipping, but make sure this is intended.Removing the controller config for legs from self.part_controller_config. (robot.py:151)
[robosuite WARNING] The config has defined for the controller "left", but the robot does not have this component. Skipping, but make sure this is intended.Removing the controller config for left from self.part_controller_config. (robot.py:151)
[robosuite WARNING] The config has defined for the controller "torso", but the robot does not have this component. Skipping, but make sure this is intended.Removing the controller config for torso from self.part_controller_config. (robot.py:151)
[robosuite WARNING] The config has defined for the controller "head", but the robot does not have this component. Skipping, but make sure this is intended.Removing the controller config for head from self.part_controller_config. (robot.py:151)
[robosuite WARNING] The config has defined for the controller "base", but the robot does not have this component. Skipping, but make sure this is intended.Removing the controller config for base from self.part_controller_config. (robot.py:151)
[robosuite WARNING] The config has defined for the controller "legs", but the robot does not have this component. Skipping, but make sure this is intended.Removing the controller config for legs from self.part_controller_config. (robot.py:151)
[robosuite INFO] Loading controller configuration from: /home/lph/.conda/envs/lph/lib/python3.10/site-packages/robosuite/controllers/config/default/composite/basic.json (composite_controller_factory.py:121)
[robosuite WARNING] The config has defined for the controller "left", but the robot does not have this component. Skipping, but make sure this is intended.Removing the controller config for left from self.part_controller_config. (robot.py:151)
[robosuite WARNING] The config has defined for the controller "torso", but the robot does not have this component. Skipping, but make sure this is intended.Removing the controller config for torso from self.part_controller_config. (robot.py:151)
[robosuite WARNING] The config has defined for the controller "head", but the robot does not have this component. Skipping, but make sure this is intended.Removing the controller config for head from self.part_controller_config. (robot.py:151)
[robosuite WARNING] The config has defined for the controller "base", but the robot does not have this component. Skipping, but make sure this is intended.Removing the controller config for base from self.part_controller_config. (robot.py:151)
[robosuite WARNING] The config has defined for the controller "legs", but the robot does not have this component. Skipping, but make sure this is intended.Removing the controller config for legs from self.part_controller_config. (robot.py:151)
[robosuite WARNING] The config has defined for the controller "left", but the robot does not have this component. Skipping, but make sure this is intended.Removing the controller config for left from self.part_controller_config. (robot.py:151)
[robosuite WARNING] The config has defined for the controller "torso", but the robot does not have this component. Skipping, but make sure this is intended.Removing the controller config for torso from self.part_controller_config. (robot.py:151)
[robosuite WARNING] The config has defined for the controller "head", but the robot does not have this component. Skipping, but make sure this is intended.Removing the controller config for head from self.part_controller_config. (robot.py:151)
[robosuite WARNING] The config has defined for the controller "base", but the robot does not have this component. Skipping, but make sure this is intended.Removing the controller config for base from self.part_controller_config. (robot.py:151)
[robosuite WARNING] The config has defined for the controller "legs", but the robot does not have this component. Skipping, but make sure this is intended.Removing the controller config for legs from self.part_controller_config. (robot.py:151)
[robosuite INFO] Loading controller configuration from: /home/lph/.conda/envs/lph/lib/python3.10/site-packages/robosuite/controllers/config/default/composite/basic.json (composite_controller_factory.py:121)
[robosuite WARNING] The config has defined for the controller "left", but the robot does not have this component. Skipping, but make sure this is intended.Removing the controller config for left from self.part_controller_config. (robot.py:151)
[robosuite WARNING] The config has defined for the controller "torso", but the robot does not have this component. Skipping, but make sure this is intended.Removing the controller config for torso from self.part_controller_config. (robot.py:151)
[robosuite WARNING] The config has defined for the controller "head", but the robot does not have this component. Skipping, but make sure this is intended.Removing the controller config for head from self.part_controller_config. (robot.py:151)
[robosuite WARNING] The config has defined for the controller "base", but the robot does not have this component. Skipping, but make sure this is intended.Removing the controller config for base from self.part_controller_config. (robot.py:151)
[robosuite WARNING] The config has defined for the controller "legs", but the robot does not have this component. Skipping, but make sure this is intended.Removing the controller config for legs from self.part_controller_config. (robot.py:151)
[robosuite WARNING] The config has defined for the controller "left", but the robot does not have this component. Skipping, but make sure this is intended.Removing the controller config for left from self.part_controller_config. (robot.py:151)
[robosuite WARNING] The config has defined for the controller "torso", but the robot does not have this component. Skipping, but make sure this is intended.Removing the controller config for torso from self.part_controller_config. (robot.py:151)
[robosuite WARNING] The config has defined for the controller "head", but the robot does not have this component. Skipping, but make sure this is intended.Removing the controller config for head from self.part_controller_config. (robot.py:151)
[robosuite WARNING] The config has defined for the controller "base", but the robot does not have this component. Skipping, but make sure this is intended.Removing the controller config for base from self.part_controller_config. (robot.py:151)
[robosuite WARNING] The config has defined for the controller "legs", but the robot does not have this component. Skipping, but make sure this is intended.Removing the controller config for legs from self.part_controller_config. (robot.py:151)
[robosuite INFO] Loading controller configuration from: /home/lph/.conda/envs/lph/lib/python3.10/site-packages/robosuite/controllers/config/default/composite/basic.json (composite_controller_factory.py:121)
[robosuite WARNING] The config has defined for the controller "left", but the robot does not have this component. Skipping, but make sure this is intended.Removing the controller config for left from self.part_controller_config. (robot.py:151)
[robosuite WARNING] The config has defined for the controller "torso", but the robot does not have this component. Skipping, but make sure this is intended.Removing the controller config for torso from self.part_controller_config. (robot.py:151)
[robosuite WARNING] The config has defined for the controller "head", but the robot does not have this component. Skipping, but make sure this is intended.Removing the controller config for head from self.part_controller_config. (robot.py:151)
[robosuite WARNING] The config has defined for the controller "base", but the robot does not have this component. Skipping, but make sure this is intended.Removing the controller config for base from self.part_controller_config. (robot.py:151)
[robosuite WARNING] The config has defined for the controller "legs", but the robot does not have this component. Skipping, but make sure this is intended.Removing the controller config for legs from self.part_controller_config. (robot.py:151)
[robosuite WARNING] The config has defined for the controller "left", but the robot does not have this component. Skipping, but make sure this is intended.Removing the controller config for left from self.part_controller_config. (robot.py:151)
[robosuite WARNING] The config has defined for the controller "torso", but the robot does not have this component. Skipping, but make sure this is intended.Removing the controller config for torso from self.part_controller_config. (robot.py:151)
[robosuite WARNING] The config has defined for the controller "head", but the robot does not have this component. Skipping, but make sure this is intended.Removing the controller config for head from self.part_controller_config. (robot.py:151)
[robosuite WARNING] The config has defined for the controller "base", but the robot does not have this component. Skipping, but make sure this is intended.Removing the controller config for base from self.part_controller_config. (robot.py:151)
[robosuite WARNING] The config has defined for the controller "legs", but the robot does not have this component. Skipping, but make sure this is intended.Removing the controller config for legs from self.part_controller_config. (robot.py:151)
[robosuite INFO] Loading controller configuration from: /home/lph/.conda/envs/lph/lib/python3.10/site-packages/robosuite/controllers/config/default/composite/basic.json (composite_controller_factory.py:121)
[robosuite WARNING] The config has defined for the controller "left", but the robot does not have this component. Skipping, but make sure this is intended.Removing the controller config for left from self.part_controller_config. (robot.py:151)
[robosuite WARNING] The config has defined for the controller "torso", but the robot does not have this component. Skipping, but make sure this is intended.Removing the controller config for torso from self.part_controller_config. (robot.py:151)
[robosuite WARNING] The config has defined for the controller "head", but the robot does not have this component. Skipping, but make sure this is intended.Removing the controller config for head from self.part_controller_config. (robot.py:151)
[robosuite WARNING] The config has defined for the controller "base", but the robot does not have this component. Skipping, but make sure this is intended.Removing the controller config for base from self.part_controller_config. (robot.py:151)
[robosuite WARNING] The config has defined for the controller "legs", but the robot does not have this component. Skipping, but make sure this is intended.Removing the controller config for legs from self.part_controller_config. (robot.py:151)
[robosuite WARNING] The config has defined for the controller "left", but the robot does not have this component. Skipping, but make sure this is intended.Removing the controller config for left from self.part_controller_config. (robot.py:151)
[robosuite WARNING] The config has defined for the controller "torso", but the robot does not have this component. Skipping, but make sure this is intended.Removing the controller config for torso from self.part_controller_config. (robot.py:151)
[robosuite WARNING] The config has defined for the controller "head", but the robot does not have this component. Skipping, but make sure this is intended.Removing the controller config for head from self.part_controller_config. (robot.py:151)
[robosuite WARNING] The config has defined for the controller "base", but the robot does not have this component. Skipping, but make sure this is intended.Removing the controller config for base from self.part_controller_config. (robot.py:151)
[robosuite WARNING] The config has defined for the controller "legs", but the robot does not have this component. Skipping, but make sure this is intended.Removing the controller config for legs from self.part_controller_config. (robot.py:151)
[robosuite INFO] Loading controller configuration from: /home/lph/.conda/envs/lph/lib/python3.10/site-packages/robosuite/controllers/config/default/composite/basic.json (composite_controller_factory.py:121)
[robosuite WARNING] The config has defined for the controller "left", but the robot does not have this component. Skipping, but make sure this is intended.Removing the controller config for left from self.part_controller_config. (robot.py:151)
[robosuite WARNING] The config has defined for the controller "torso", but the robot does not have this component. Skipping, but make sure this is intended.Removing the controller config for torso from self.part_controller_config. (robot.py:151)
[robosuite WARNING] The config has defined for the controller "head", but the robot does not have this component. Skipping, but make sure this is intended.Removing the controller config for head from self.part_controller_config. (robot.py:151)
[robosuite WARNING] The config has defined for the controller "base", but the robot does not have this component. Skipping, but make sure this is intended.Removing the controller config for base from self.part_controller_config. (robot.py:151)
[robosuite WARNING] The config has defined for the controller "legs", but the robot does not have this component. Skipping, but make sure this is intended.Removing the controller config for legs from self.part_controller_config. (robot.py:151)
[robosuite WARNING] The config has defined for the controller "left", but the robot does not have this component. Skipping, but make sure this is intended.Removing the controller config for left from self.part_controller_config. (robot.py:151)
[robosuite WARNING] The config has defined for the controller "torso", but the robot does not have this component. Skipping, but make sure this is intended.Removing the controller config for torso from self.part_controller_config. (robot.py:151)
[robosuite WARNING] The config has defined for the controller "head", but the robot does not have this component. Skipping, but make sure this is intended.Removing the controller config for head from self.part_controller_config. (robot.py:151)
[robosuite WARNING] The config has defined for the controller "base", but the robot does not have this component. Skipping, but make sure this is intended.Removing the controller config for base from self.part_controller_config. (robot.py:151)
[robosuite WARNING] The config has defined for the controller "legs", but the robot does not have this component. Skipping, but make sure this is intended.Removing the controller config for legs from self.part_controller_config. (robot.py:151)
[robosuite INFO] Loading controller configuration from: /home/lph/.conda/envs/lph/lib/python3.10/site-packages/robosuite/controllers/config/default/composite/basic.json (composite_controller_factory.py:121)
[robosuite WARNING] The config has defined for the controller "left", but the robot does not have this component. Skipping, but make sure this is intended.Removing the controller config for left from self.part_controller_config. (robot.py:151)
[robosuite WARNING] The config has defined for the controller "torso", but the robot does not have this component. Skipping, but make sure this is intended.Removing the controller config for torso from self.part_controller_config. (robot.py:151)
[robosuite WARNING] The config has defined for the controller "head", but the robot does not have this component. Skipping, but make sure this is intended.Removing the controller config for head from self.part_controller_config. (robot.py:151)
[robosuite WARNING] The config has defined for the controller "base", but the robot does not have this component. Skipping, but make sure this is intended.Removing the controller config for base from self.part_controller_config. (robot.py:151)
[robosuite WARNING] The config has defined for the controller "legs", but the robot does not have this component. Skipping, but make sure this is intended.Removing the controller config for legs from self.part_controller_config. (robot.py:151)
[robosuite WARNING] The config has defined for the controller "left", but the robot does not have this component. Skipping, but make sure this is intended.Removing the controller config for left from self.part_controller_config. (robot.py:151)
[robosuite WARNING] The config has defined for the controller "torso", but the robot does not have this component. Skipping, but make sure this is intended.Removing the controller config for torso from self.part_controller_config. (robot.py:151)
[robosuite WARNING] The config has defined for the controller "head", but the robot does not have this component. Skipping, but make sure this is intended.Removing the controller config for head from self.part_controller_config. (robot.py:151)
[robosuite WARNING] The config has defined for the controller "base", but the robot does not have this component. Skipping, but make sure this is intended.Removing the controller config for base from self.part_controller_config. (robot.py:151)
[robosuite WARNING] The config has defined for the controller "legs", but the robot does not have this component. Skipping, but make sure this is intended.Removing the controller config for legs from self.part_controller_config. (robot.py:151)
[robosuite INFO] Loading controller configuration from: /home/lph/.conda/envs/lph/lib/python3.10/site-packages/robosuite/controllers/config/default/composite/basic.json (composite_controller_factory.py:121)
[robosuite WARNING] The config has defined for the controller "left", but the robot does not have this component. Skipping, but make sure this is intended.Removing the controller config for left from self.part_controller_config. (robot.py:151)
[robosuite WARNING] The config has defined for the controller "torso", but the robot does not have this component. Skipping, but make sure this is intended.Removing the controller config for torso from self.part_controller_config. (robot.py:151)
[robosuite WARNING] The config has defined for the controller "head", but the robot does not have this component. Skipping, but make sure this is intended.Removing the controller config for head from self.part_controller_config. (robot.py:151)
[robosuite WARNING] The config has defined for the controller "base", but the robot does not have this component. Skipping, but make sure this is intended.Removing the controller config for base from self.part_controller_config. (robot.py:151)
[robosuite WARNING] The config has defined for the controller "legs", but the robot does not have this component. Skipping, but make sure this is intended.Removing the controller config for legs from self.part_controller_config. (robot.py:151)
[robosuite WARNING] The config has defined for the controller "left", but the robot does not have this component. Skipping, but make sure this is intended.Removing the controller config for left from self.part_controller_config. (robot.py:151)
[robosuite WARNING] The config has defined for the controller "torso", but the robot does not have this component. Skipping, but make sure this is intended.Removing the controller config for torso from self.part_controller_config. (robot.py:151)
[robosuite WARNING] The config has defined for the controller "head", but the robot does not have this component. Skipping, but make sure this is intended.Removing the controller config for head from self.part_controller_config. (robot.py:151)
[robosuite WARNING] The config has defined for the controller "base", but the robot does not have this component. Skipping, but make sure this is intended.Removing the controller config for base from self.part_controller_config. (robot.py:151)
[robosuite WARNING] The config has defined for the controller "legs", but the robot does not have this component. Skipping, but make sure this is intended.Removing the controller config for legs from self.part_controller_config. (robot.py:151)
[robosuite INFO] Loading controller configuration from: /home/lph/.conda/envs/lph/lib/python3.10/site-packages/robosuite/controllers/config/default/composite/basic.json (composite_controller_factory.py:121)
[robosuite WARNING] The config has defined for the controller "left", but the robot does not have this component. Skipping, but make sure this is intended.Removing the controller config for left from self.part_controller_config. (robot.py:151)
[robosuite WARNING] The config has defined for the controller "torso", but the robot does not have this component. Skipping, but make sure this is intended.Removing the controller config for torso from self.part_controller_config. (robot.py:151)
[robosuite WARNING] The config has defined for the controller "head", but the robot does not have this component. Skipping, but make sure this is intended.Removing the controller config for head from self.part_controller_config. (robot.py:151)
[robosuite WARNING] The config has defined for the controller "base", but the robot does not have this component. Skipping, but make sure this is intended.Removing the controller config for base from self.part_controller_config. (robot.py:151)
[robosuite WARNING] The config has defined for the controller "legs", but the robot does not have this component. Skipping, but make sure this is intended.Removing the controller config for legs from self.part_controller_config. (robot.py:151)
[robosuite WARNING] The config has defined for the controller "left", but the robot does not have this component. Skipping, but make sure this is intended.Removing the controller config for left from self.part_controller_config. (robot.py:151)
[robosuite WARNING] The config has defined for the controller "torso", but the robot does not have this component. Skipping, but make sure this is intended.Removing the controller config for torso from self.part_controller_config. (robot.py:151)
[robosuite WARNING] The config has defined for the controller "head", but the robot does not have this component. Skipping, but make sure this is intended.Removing the controller config for head from self.part_controller_config. (robot.py:151)
[robosuite WARNING] The config has defined for the controller "base", but the robot does not have this component. Skipping, but make sure this is intended.Removing the controller config for base from self.part_controller_config. (robot.py:151)
[robosuite WARNING] The config has defined for the controller "legs", but the robot does not have this component. Skipping, but make sure this is intended.Removing the controller config for legs from self.part_controller_config. (robot.py:151)
[robosuite INFO] Loading controller configuration from: /home/lph/.conda/envs/lph/lib/python3.10/site-packages/robosuite/controllers/config/default/composite/basic.json (composite_controller_factory.py:121)
[robosuite WARNING] The config has defined for the controller "left", but the robot does not have this component. Skipping, but make sure this is intended.Removing the controller config for left from self.part_controller_config. (robot.py:151)
[robosuite WARNING] The config has defined for the controller "torso", but the robot does not have this component. Skipping, but make sure this is intended.Removing the controller config for torso from self.part_controller_config. (robot.py:151)
[robosuite WARNING] The config has defined for the controller "head", but the robot does not have this component. Skipping, but make sure this is intended.Removing the controller config for head from self.part_controller_config. (robot.py:151)
[robosuite WARNING] The config has defined for the controller "base", but the robot does not have this component. Skipping, but make sure this is intended.Removing the controller config for base from self.part_controller_config. (robot.py:151)
[robosuite WARNING] The config has defined for the controller "legs", but the robot does not have this component. Skipping, but make sure this is intended.Removing the controller config for legs from self.part_controller_config. (robot.py:151)
[robosuite WARNING] The config has defined for the controller "left", but the robot does not have this component. Skipping, but make sure this is intended.Removing the controller config for left from self.part_controller_config. (robot.py:151)
[robosuite WARNING] The config has defined for the controller "torso", but the robot does not have this component. Skipping, but make sure this is intended.Removing the controller config for torso from self.part_controller_config. (robot.py:151)
[robosuite WARNING] The config has defined for the controller "head", but the robot does not have this component. Skipping, but make sure this is intended.Removing the controller config for head from self.part_controller_config. (robot.py:151)
[robosuite WARNING] The config has defined for the controller "base", but the robot does not have this component. Skipping, but make sure this is intended.Removing the controller config for base from self.part_controller_config. (robot.py:151)
[robosuite WARNING] The config has defined for the controller "legs", but the robot does not have this component. Skipping, but make sure this is intended.Removing the controller config for legs from self.part_controller_config. (robot.py:151)
[robosuite INFO] Loading controller configuration from: /home/lph/.conda/envs/lph/lib/python3.10/site-packages/robosuite/controllers/config/default/composite/basic.json (composite_controller_factory.py:121)
[robosuite WARNING] The config has defined for the controller "left", but the robot does not have this component. Skipping, but make sure this is intended.Removing the controller config for left from self.part_controller_config. (robot.py:151)
[robosuite WARNING] The config has defined for the controller "torso", but the robot does not have this component. Skipping, but make sure this is intended.Removing the controller config for torso from self.part_controller_config. (robot.py:151)
[robosuite WARNING] The config has defined for the controller "head", but the robot does not have this component. Skipping, but make sure this is intended.Removing the controller config for head from self.part_controller_config. (robot.py:151)
[robosuite WARNING] The config has defined for the controller "base", but the robot does not have this component. Skipping, but make sure this is intended.Removing the controller config for base from self.part_controller_config. (robot.py:151)
[robosuite WARNING] The config has defined for the controller "legs", but the robot does not have this component. Skipping, but make sure this is intended.Removing the controller config for legs from self.part_controller_config. (robot.py:151)
[robosuite WARNING] The config has defined for the controller "left", but the robot does not have this component. Skipping, but make sure this is intended.Removing the controller config for left from self.part_controller_config. (robot.py:151)
[robosuite WARNING] The config has defined for the controller "torso", but the robot does not have this component. Skipping, but make sure this is intended.Removing the controller config for torso from self.part_controller_config. (robot.py:151)
[robosuite WARNING] The config has defined for the controller "head", but the robot does not have this component. Skipping, but make sure this is intended.Removing the controller config for head from self.part_controller_config. (robot.py:151)
[robosuite WARNING] The config has defined for the controller "base", but the robot does not have this component. Skipping, but make sure this is intended.Removing the controller config for base from self.part_controller_config. (robot.py:151)
[robosuite WARNING] The config has defined for the controller "legs", but the robot does not have this component. Skipping, but make sure this is intended.Removing the controller config for legs from self.part_controller_config. (robot.py:151)
[robosuite INFO] Loading controller configuration from: /home/lph/.conda/envs/lph/lib/python3.10/site-packages/robosuite/controllers/config/default/composite/basic.json (composite_controller_factory.py:121)
[robosuite WARNING] The config has defined for the controller "left", but the robot does not have this component. Skipping, but make sure this is intended.Removing the controller config for left from self.part_controller_config. (robot.py:151)
[robosuite WARNING] The config has defined for the controller "torso", but the robot does not have this component. Skipping, but make sure this is intended.Removing the controller config for torso from self.part_controller_config. (robot.py:151)
[robosuite WARNING] The config has defined for the controller "head", but the robot does not have this component. Skipping, but make sure this is intended.Removing the controller config for head from self.part_controller_config. (robot.py:151)
[robosuite WARNING] The config has defined for the controller "base", but the robot does not have this component. Skipping, but make sure this is intended.Removing the controller config for base from self.part_controller_config. (robot.py:151)
[robosuite WARNING] The config has defined for the controller "legs", but the robot does not have this component. Skipping, but make sure this is intended.Removing the controller config for legs from self.part_controller_config. (robot.py:151)
[robosuite WARNING] The config has defined for the controller "left", but the robot does not have this component. Skipping, but make sure this is intended.Removing the controller config for left from self.part_controller_config. (robot.py:151)
[robosuite WARNING] The config has defined for the controller "torso", but the robot does not have this component. Skipping, but make sure this is intended.Removing the controller config for torso from self.part_controller_config. (robot.py:151)
[robosuite WARNING] The config has defined for the controller "head", but the robot does not have this component. Skipping, but make sure this is intended.Removing the controller config for head from self.part_controller_config. (robot.py:151)
[robosuite WARNING] The config has defined for the controller "base", but the robot does not have this component. Skipping, but make sure this is intended.Removing the controller config for base from self.part_controller_config. (robot.py:151)
[robosuite WARNING] The config has defined for the controller "legs", but the robot does not have this component. Skipping, but make sure this is intended.Removing the controller config for legs from self.part_controller_config. (robot.py:151)
[robosuite INFO] Loading controller configuration from: /home/lph/.conda/envs/lph/lib/python3.10/site-packages/robosuite/controllers/config/default/composite/basic.json (composite_controller_factory.py:121)
[robosuite WARNING] The config has defined for the controller "left", but the robot does not have this component. Skipping, but make sure this is intended.Removing the controller config for left from self.part_controller_config. (robot.py:151)
[robosuite WARNING] The config has defined for the controller "torso", but the robot does not have this component. Skipping, but make sure this is intended.Removing the controller config for torso from self.part_controller_config. (robot.py:151)
[robosuite WARNING] The config has defined for the controller "head", but the robot does not have this component. Skipping, but make sure this is intended.Removing the controller config for head from self.part_controller_config. (robot.py:151)
[robosuite WARNING] The config has defined for the controller "base", but the robot does not have this component. Skipping, but make sure this is intended.Removing the controller config for base from self.part_controller_config. (robot.py:151)
[robosuite WARNING] The config has defined for the controller "legs", but the robot does not have this component. Skipping, but make sure this is intended.Removing the controller config for legs from self.part_controller_config. (robot.py:151)
[robosuite WARNING] The config has defined for the controller "left", but the robot does not have this component. Skipping, but make sure this is intended.Removing the controller config for left from self.part_controller_config. (robot.py:151)
[robosuite WARNING] The config has defined for the controller "torso", but the robot does not have this component. Skipping, but make sure this is intended.Removing the controller config for torso from self.part_controller_config. (robot.py:151)
[robosuite WARNING] The config has defined for the controller "head", but the robot does not have this component. Skipping, but make sure this is intended.Removing the controller config for head from self.part_controller_config. (robot.py:151)
[robosuite WARNING] The config has defined for the controller "base", but the robot does not have this component. Skipping, but make sure this is intended.Removing the controller config for base from self.part_controller_config. (robot.py:151)
[robosuite WARNING] The config has defined for the controller "legs", but the robot does not have this component. Skipping, but make sure this is intended.Removing the controller config for legs from self.part_controller_config. (robot.py:151)
[robosuite INFO] Loading controller configuration from: /home/lph/.conda/envs/lph/lib/python3.10/site-packages/robosuite/controllers/config/default/composite/basic.json (composite_controller_factory.py:121)
[robosuite WARNING] The config has defined for the controller "left", but the robot does not have this component. Skipping, but make sure this is intended.Removing the controller config for left from self.part_controller_config. (robot.py:151)
[robosuite WARNING] The config has defined for the controller "torso", but the robot does not have this component. Skipping, but make sure this is intended.Removing the controller config for torso from self.part_controller_config. (robot.py:151)
[robosuite WARNING] The config has defined for the controller "head", but the robot does not have this component. Skipping, but make sure this is intended.Removing the controller config for head from self.part_controller_config. (robot.py:151)
[robosuite WARNING] The config has defined for the controller "base", but the robot does not have this component. Skipping, but make sure this is intended.Removing the controller config for base from self.part_controller_config. (robot.py:151)
[robosuite WARNING] The config has defined for the controller "legs", but the robot does not have this component. Skipping, but make sure this is intended.Removing the controller config for legs from self.part_controller_config. (robot.py:151)
[robosuite WARNING] The config has defined for the controller "left", but the robot does not have this component. Skipping, but make sure this is intended.Removing the controller config for left from self.part_controller_config. (robot.py:151)
[robosuite WARNING] The config has defined for the controller "torso", but the robot does not have this component. Skipping, but make sure this is intended.Removing the controller config for torso from self.part_controller_config. (robot.py:151)
[robosuite WARNING] The config has defined for the controller "head", but the robot does not have this component. Skipping, but make sure this is intended.Removing the controller config for head from self.part_controller_config. (robot.py:151)
[robosuite WARNING] The config has defined for the controller "base", but the robot does not have this component. Skipping, but make sure this is intended.Removing the controller config for base from self.part_controller_config. (robot.py:151)
[robosuite WARNING] The config has defined for the controller "legs", but the robot does not have this component. Skipping, but make sure this is intended.Removing the controller config for legs from self.part_controller_config. (robot.py:151)
[robosuite INFO] Loading controller configuration from: /home/lph/.conda/envs/lph/lib/python3.10/site-packages/robosuite/controllers/config/default/composite/basic.json (composite_controller_factory.py:121)
[robosuite WARNING] The config has defined for the controller "left", but the robot does not have this component. Skipping, but make sure this is intended.Removing the controller config for left from self.part_controller_config. (robot.py:151)
[robosuite WARNING] The config has defined for the controller "torso", but the robot does not have this component. Skipping, but make sure this is intended.Removing the controller config for torso from self.part_controller_config. (robot.py:151)
[robosuite WARNING] The config has defined for the controller "head", but the robot does not have this component. Skipping, but make sure this is intended.Removing the controller config for head from self.part_controller_config. (robot.py:151)
[robosuite WARNING] The config has defined for the controller "base", but the robot does not have this component. Skipping, but make sure this is intended.Removing the controller config for base from self.part_controller_config. (robot.py:151)
[robosuite WARNING] The config has defined for the controller "legs", but the robot does not have this component. Skipping, but make sure this is intended.Removing the controller config for legs from self.part_controller_config. (robot.py:151)
[robosuite WARNING] The config has defined for the controller "left", but the robot does not have this component. Skipping, but make sure this is intended.Removing the controller config for left from self.part_controller_config. (robot.py:151)
[robosuite WARNING] The config has defined for the controller "torso", but the robot does not have this component. Skipping, but make sure this is intended.Removing the controller config for torso from self.part_controller_config. (robot.py:151)
[robosuite WARNING] The config has defined for the controller "head", but the robot does not have this component. Skipping, but make sure this is intended.Removing the controller config for head from self.part_controller_config. (robot.py:151)
[robosuite WARNING] The config has defined for the controller "base", but the robot does not have this component. Skipping, but make sure this is intended.Removing the controller config for base from self.part_controller_config. (robot.py:151)
[robosuite WARNING] The config has defined for the controller "legs", but the robot does not have this component. Skipping, but make sure this is intended.Removing the controller config for legs from self.part_controller_config. (robot.py:151)
[robosuite INFO] Loading controller configuration from: /home/lph/.conda/envs/lph/lib/python3.10/site-packages/robosuite/controllers/config/default/composite/basic.json (composite_controller_factory.py:121)
[robosuite WARNING] The config has defined for the controller "left", but the robot does not have this component. Skipping, but make sure this is intended.Removing the controller config for left from self.part_controller_config. (robot.py:151)
[robosuite WARNING] The config has defined for the controller "torso", but the robot does not have this component. Skipping, but make sure this is intended.Removing the controller config for torso from self.part_controller_config. (robot.py:151)
[robosuite WARNING] The config has defined for the controller "head", but the robot does not have this component. Skipping, but make sure this is intended.Removing the controller config for head from self.part_controller_config. (robot.py:151)
[robosuite WARNING] The config has defined for the controller "base", but the robot does not have this component. Skipping, but make sure this is intended.Removing the controller config for base from self.part_controller_config. (robot.py:151)
[robosuite WARNING] The config has defined for the controller "legs", but the robot does not have this component. Skipping, but make sure this is intended.Removing the controller config for legs from self.part_controller_config. (robot.py:151)
[robosuite WARNING] The config has defined for the controller "left", but the robot does not have this component. Skipping, but make sure this is intended.Removing the controller config for left from self.part_controller_config. (robot.py:151)
[robosuite WARNING] The config has defined for the controller "torso", but the robot does not have this component. Skipping, but make sure this is intended.Removing the controller config for torso from self.part_controller_config. (robot.py:151)
[robosuite WARNING] The config has defined for the controller "head", but the robot does not have this component. Skipping, but make sure this is intended.Removing the controller config for head from self.part_controller_config. (robot.py:151)
[robosuite WARNING] The config has defined for the controller "base", but the robot does not have this component. Skipping, but make sure this is intended.Removing the controller config for base from self.part_controller_config. (robot.py:151)
[robosuite WARNING] The config has defined for the controller "legs", but the robot does not have this component. Skipping, but make sure this is intended.Removing the controller config for legs from self.part_controller_config. (robot.py:151)
[robosuite INFO] Loading controller configuration from: /home/lph/.conda/envs/lph/lib/python3.10/site-packages/robosuite/controllers/config/default/composite/basic.json (composite_controller_factory.py:121)
[robosuite WARNING] The config has defined for the controller "left", but the robot does not have this component. Skipping, but make sure this is intended.Removing the controller config for left from self.part_controller_config. (robot.py:151)
[robosuite WARNING] The config has defined for the controller "torso", but the robot does not have this component. Skipping, but make sure this is intended.Removing the controller config for torso from self.part_controller_config. (robot.py:151)
[robosuite WARNING] The config has defined for the controller "head", but the robot does not have this component. Skipping, but make sure this is intended.Removing the controller config for head from self.part_controller_config. (robot.py:151)
[robosuite WARNING] The config has defined for the controller "base", but the robot does not have this component. Skipping, but make sure this is intended.Removing the controller config for base from self.part_controller_config. (robot.py:151)
[robosuite WARNING] The config has defined for the controller "legs", but the robot does not have this component. Skipping, but make sure this is intended.Removing the controller config for legs from self.part_controller_config. (robot.py:151)
[robosuite WARNING] The config has defined for the controller "left", but the robot does not have this component. Skipping, but make sure this is intended.Removing the controller config for left from self.part_controller_config. (robot.py:151)
[robosuite WARNING] The config has defined for the controller "torso", but the robot does not have this component. Skipping, but make sure this is intended.Removing the controller config for torso from self.part_controller_config. (robot.py:151)
[robosuite WARNING] The config has defined for the controller "head", but the robot does not have this component. Skipping, but make sure this is intended.Removing the controller config for head from self.part_controller_config. (robot.py:151)
[robosuite WARNING] The config has defined for the controller "base", but the robot does not have this component. Skipping, but make sure this is intended.Removing the controller config for base from self.part_controller_config. (robot.py:151)
[robosuite WARNING] The config has defined for the controller "legs", but the robot does not have this component. Skipping, but make sure this is intended.Removing the controller config for legs from self.part_controller_config. (robot.py:151)
[robosuite INFO] Loading controller configuration from: /home/lph/.conda/envs/lph/lib/python3.10/site-packages/robosuite/controllers/config/default/composite/basic.json (composite_controller_factory.py:121)
[robosuite WARNING] The config has defined for the controller "left", but the robot does not have this component. Skipping, but make sure this is intended.Removing the controller config for left from self.part_controller_config. (robot.py:151)
[robosuite WARNING] The config has defined for the controller "torso", but the robot does not have this component. Skipping, but make sure this is intended.Removing the controller config for torso from self.part_controller_config. (robot.py:151)
[robosuite WARNING] The config has defined for the controller "head", but the robot does not have this component. Skipping, but make sure this is intended.Removing the controller config for head from self.part_controller_config. (robot.py:151)
[robosuite WARNING] The config has defined for the controller "base", but the robot does not have this component. Skipping, but make sure this is intended.Removing the controller config for base from self.part_controller_config. (robot.py:151)
[robosuite WARNING] The config has defined for the controller "legs", but the robot does not have this component. Skipping, but make sure this is intended.Removing the controller config for legs from self.part_controller_config. (robot.py:151)
[robosuite WARNING] The config has defined for the controller "left", but the robot does not have this component. Skipping, but make sure this is intended.Removing the controller config for left from self.part_controller_config. (robot.py:151)
[robosuite WARNING] The config has defined for the controller "torso", but the robot does not have this component. Skipping, but make sure this is intended.Removing the controller config for torso from self.part_controller_config. (robot.py:151)
[robosuite WARNING] The config has defined for the controller "head", but the robot does not have this component. Skipping, but make sure this is intended.Removing the controller config for head from self.part_controller_config. (robot.py:151)
[robosuite WARNING] The config has defined for the controller "base", but the robot does not have this component. Skipping, but make sure this is intended.Removing the controller config for base from self.part_controller_config. (robot.py:151)
[robosuite WARNING] The config has defined for the controller "legs", but the robot does not have this component. Skipping, but make sure this is intended.Removing the controller config for legs from self.part_controller_config. (robot.py:151)
[robosuite INFO] Loading controller configuration from: /home/lph/.conda/envs/lph/lib/python3.10/site-packages/robosuite/controllers/config/default/composite/basic.json (composite_controller_factory.py:121)
[robosuite WARNING] The config has defined for the controller "left", but the robot does not have this component. Skipping, but make sure this is intended.Removing the controller config for left from self.part_controller_config. (robot.py:151)
[robosuite WARNING] The config has defined for the controller "torso", but the robot does not have this component. Skipping, but make sure this is intended.Removing the controller config for torso from self.part_controller_config. (robot.py:151)
[robosuite WARNING] The config has defined for the controller "head", but the robot does not have this component. Skipping, but make sure this is intended.Removing the controller config for head from self.part_controller_config. (robot.py:151)
[robosuite WARNING] The config has defined for the controller "base", but the robot does not have this component. Skipping, but make sure this is intended.Removing the controller config for base from self.part_controller_config. (robot.py:151)
[robosuite WARNING] The config has defined for the controller "legs", but the robot does not have this component. Skipping, but make sure this is intended.Removing the controller config for legs from self.part_controller_config. (robot.py:151)
[robosuite WARNING] The config has defined for the controller "left", but the robot does not have this component. Skipping, but make sure this is intended.Removing the controller config for left from self.part_controller_config. (robot.py:151)
[robosuite WARNING] The config has defined for the controller "torso", but the robot does not have this component. Skipping, but make sure this is intended.Removing the controller config for torso from self.part_controller_config. (robot.py:151)
[robosuite WARNING] The config has defined for the controller "head", but the robot does not have this component. Skipping, but make sure this is intended.Removing the controller config for head from self.part_controller_config. (robot.py:151)
[robosuite WARNING] The config has defined for the controller "base", but the robot does not have this component. Skipping, but make sure this is intended.Removing the controller config for base from self.part_controller_config. (robot.py:151)
[robosuite WARNING] The config has defined for the controller "legs", but the robot does not have this component. Skipping, but make sure this is intended.Removing the controller config for legs from self.part_controller_config. (robot.py:151)
[robosuite INFO] Loading controller configuration from: /home/lph/.conda/envs/lph/lib/python3.10/site-packages/robosuite/controllers/config/default/composite/basic.json (composite_controller_factory.py:121)
[robosuite WARNING] The config has defined for the controller "left", but the robot does not have this component. Skipping, but make sure this is intended.Removing the controller config for left from self.part_controller_config. (robot.py:151)
[robosuite WARNING] The config has defined for the controller "torso", but the robot does not have this component. Skipping, but make sure this is intended.Removing the controller config for torso from self.part_controller_config. (robot.py:151)
[robosuite WARNING] The config has defined for the controller "head", but the robot does not have this component. Skipping, but make sure this is intended.Removing the controller config for head from self.part_controller_config. (robot.py:151)
[robosuite WARNING] The config has defined for the controller "base", but the robot does not have this component. Skipping, but make sure this is intended.Removing the controller config for base from self.part_controller_config. (robot.py:151)
[robosuite WARNING] The config has defined for the controller "legs", but the robot does not have this component. Skipping, but make sure this is intended.Removing the controller config for legs from self.part_controller_config. (robot.py:151)
[robosuite WARNING] The config has defined for the controller "left", but the robot does not have this component. Skipping, but make sure this is intended.Removing the controller config for left from self.part_controller_config. (robot.py:151)
[robosuite WARNING] The config has defined for the controller "torso", but the robot does not have this component. Skipping, but make sure this is intended.Removing the controller config for torso from self.part_controller_config. (robot.py:151)
[robosuite WARNING] The config has defined for the controller "head", but the robot does not have this component. Skipping, but make sure this is intended.Removing the controller config for head from self.part_controller_config. (robot.py:151)
[robosuite WARNING] The config has defined for the controller "base", but the robot does not have this component. Skipping, but make sure this is intended.Removing the controller config for base from self.part_controller_config. (robot.py:151)
[robosuite WARNING] The config has defined for the controller "legs", but the robot does not have this component. Skipping, but make sure this is intended.Removing the controller config for legs from self.part_controller_config. (robot.py:151)
[robosuite INFO] Loading controller configuration from: /home/lph/.conda/envs/lph/lib/python3.10/site-packages/robosuite/controllers/config/default/composite/basic.json (composite_controller_factory.py:121)
[robosuite WARNING] The config has defined for the controller "left", but the robot does not have this component. Skipping, but make sure this is intended.Removing the controller config for left from self.part_controller_config. (robot.py:151)
[robosuite WARNING] The config has defined for the controller "torso", but the robot does not have this component. Skipping, but make sure this is intended.Removing the controller config for torso from self.part_controller_config. (robot.py:151)
[robosuite WARNING] The config has defined for the controller "head", but the robot does not have this component. Skipping, but make sure this is intended.Removing the controller config for head from self.part_controller_config. (robot.py:151)
[robosuite WARNING] The config has defined for the controller "base", but the robot does not have this component. Skipping, but make sure this is intended.Removing the controller config for base from self.part_controller_config. (robot.py:151)
[robosuite WARNING] The config has defined for the controller "legs", but the robot does not have this component. Skipping, but make sure this is intended.Removing the controller config for legs from self.part_controller_config. (robot.py:151)
[robosuite WARNING] The config has defined for the controller "left", but the robot does not have this component. Skipping, but make sure this is intended.Removing the controller config for left from self.part_controller_config. (robot.py:151)
[robosuite WARNING] The config has defined for the controller "torso", but the robot does not have this component. Skipping, but make sure this is intended.Removing the controller config for torso from self.part_controller_config. (robot.py:151)
[robosuite WARNING] The config has defined for the controller "head", but the robot does not have this component. Skipping, but make sure this is intended.Removing the controller config for head from self.part_controller_config. (robot.py:151)
[robosuite WARNING] The config has defined for the controller "base", but the robot does not have this component. Skipping, but make sure this is intended.Removing the controller config for base from self.part_controller_config. (robot.py:151)
[robosuite WARNING] The config has defined for the controller "legs", but the robot does not have this component. Skipping, but make sure this is intended.Removing the controller config for legs from self.part_controller_config. (robot.py:151)
[robosuite INFO] Loading controller configuration from: /home/lph/.conda/envs/lph/lib/python3.10/site-packages/robosuite/controllers/config/default/composite/basic.json (composite_controller_factory.py:121)
[robosuite WARNING] The config has defined for the controller "left", but the robot does not have this component. Skipping, but make sure this is intended.Removing the controller config for left from self.part_controller_config. (robot.py:151)
[robosuite WARNING] The config has defined for the controller "torso", but the robot does not have this component. Skipping, but make sure this is intended.Removing the controller config for torso from self.part_controller_config. (robot.py:151)
[robosuite WARNING] The config has defined for the controller "head", but the robot does not have this component. Skipping, but make sure this is intended.Removing the controller config for head from self.part_controller_config. (robot.py:151)
[robosuite WARNING] The config has defined for the controller "base", but the robot does not have this component. Skipping, but make sure this is intended.Removing the controller config for base from self.part_controller_config. (robot.py:151)
[robosuite WARNING] The config has defined for the controller "legs", but the robot does not have this component. Skipping, but make sure this is intended.Removing the controller config for legs from self.part_controller_config. (robot.py:151)
[robosuite WARNING] The config has defined for the controller "left", but the robot does not have this component. Skipping, but make sure this is intended.Removing the controller config for left from self.part_controller_config. (robot.py:151)
[robosuite WARNING] The config has defined for the controller "torso", but the robot does not have this component. Skipping, but make sure this is intended.Removing the controller config for torso from self.part_controller_config. (robot.py:151)
[robosuite WARNING] The config has defined for the controller "head", but the robot does not have this component. Skipping, but make sure this is intended.Removing the controller config for head from self.part_controller_config. (robot.py:151)
[robosuite WARNING] The config has defined for the controller "base", but the robot does not have this component. Skipping, but make sure this is intended.Removing the controller config for base from self.part_controller_config. (robot.py:151)
[robosuite WARNING] The config has defined for the controller "legs", but the robot does not have this component. Skipping, but make sure this is intended.Removing the controller config for legs from self.part_controller_config. (robot.py:151)
[robosuite INFO] Loading controller configuration from: /home/lph/.conda/envs/lph/lib/python3.10/site-packages/robosuite/controllers/config/default/composite/basic.json (composite_controller_factory.py:121)
[robosuite WARNING] The config has defined for the controller "left", but the robot does not have this component. Skipping, but make sure this is intended.Removing the controller config for left from self.part_controller_config. (robot.py:151)
[robosuite WARNING] The config has defined for the controller "torso", but the robot does not have this component. Skipping, but make sure this is intended.Removing the controller config for torso from self.part_controller_config. (robot.py:151)
[robosuite WARNING] The config has defined for the controller "head", but the robot does not have this component. Skipping, but make sure this is intended.Removing the controller config for head from self.part_controller_config. (robot.py:151)
[robosuite WARNING] The config has defined for the controller "base", but the robot does not have this component. Skipping, but make sure this is intended.Removing the controller config for base from self.part_controller_config. (robot.py:151)
[robosuite WARNING] The config has defined for the controller "legs", but the robot does not have this component. Skipping, but make sure this is intended.Removing the controller config for legs from self.part_controller_config. (robot.py:151)
[robosuite WARNING] The config has defined for the controller "left", but the robot does not have this component. Skipping, but make sure this is intended.Removing the controller config for left from self.part_controller_config. (robot.py:151)
[robosuite WARNING] The config has defined for the controller "torso", but the robot does not have this component. Skipping, but make sure this is intended.Removing the controller config for torso from self.part_controller_config. (robot.py:151)
[robosuite WARNING] The config has defined for the controller "head", but the robot does not have this component. Skipping, but make sure this is intended.Removing the controller config for head from self.part_controller_config. (robot.py:151)
[robosuite WARNING] The config has defined for the controller "base", but the robot does not have this component. Skipping, but make sure this is intended.Removing the controller config for base from self.part_controller_config. (robot.py:151)
[robosuite WARNING] The config has defined for the controller "legs", but the robot does not have this component. Skipping, but make sure this is intended.Removing the controller config for legs from self.part_controller_config. (robot.py:151)
[robosuite INFO] Loading controller configuration from: /home/lph/.conda/envs/lph/lib/python3.10/site-packages/robosuite/controllers/config/default/composite/basic.json (composite_controller_factory.py:121)
[robosuite WARNING] The config has defined for the controller "left", but the robot does not have this component. Skipping, but make sure this is intended.Removing the controller config for left from self.part_controller_config. (robot.py:151)
[robosuite WARNING] The config has defined for the controller "torso", but the robot does not have this component. Skipping, but make sure this is intended.Removing the controller config for torso from self.part_controller_config. (robot.py:151)
[robosuite WARNING] The config has defined for the controller "head", but the robot does not have this component. Skipping, but make sure this is intended.Removing the controller config for head from self.part_controller_config. (robot.py:151)
[robosuite WARNING] The config has defined for the controller "base", but the robot does not have this component. Skipping, but make sure this is intended.Removing the controller config for base from self.part_controller_config. (robot.py:151)
[robosuite WARNING] The config has defined for the controller "legs", but the robot does not have this component. Skipping, but make sure this is intended.Removing the controller config for legs from self.part_controller_config. (robot.py:151)
[robosuite WARNING] The config has defined for the controller "left", but the robot does not have this component. Skipping, but make sure this is intended.Removing the controller config for left from self.part_controller_config. (robot.py:151)
[robosuite WARNING] The config has defined for the controller "torso", but the robot does not have this component. Skipping, but make sure this is intended.Removing the controller config for torso from self.part_controller_config. (robot.py:151)
[robosuite WARNING] The config has defined for the controller "head", but the robot does not have this component. Skipping, but make sure this is intended.Removing the controller config for head from self.part_controller_config. (robot.py:151)
[robosuite WARNING] The config has defined for the controller "base", but the robot does not have this component. Skipping, but make sure this is intended.Removing the controller config for base from self.part_controller_config. (robot.py:151)
[robosuite WARNING] The config has defined for the controller "legs", but the robot does not have this component. Skipping, but make sure this is intended.Removing the controller config for legs from self.part_controller_config. (robot.py:151)
[robosuite INFO] Loading controller configuration from: /home/lph/.conda/envs/lph/lib/python3.10/site-packages/robosuite/controllers/config/default/composite/basic.json (composite_controller_factory.py:121)
[robosuite WARNING] The config has defined for the controller "left", but the robot does not have this component. Skipping, but make sure this is intended.Removing the controller config for left from self.part_controller_config. (robot.py:151)
[robosuite WARNING] The config has defined for the controller "torso", but the robot does not have this component. Skipping, but make sure this is intended.Removing the controller config for torso from self.part_controller_config. (robot.py:151)
[robosuite WARNING] The config has defined for the controller "head", but the robot does not have this component. Skipping, but make sure this is intended.Removing the controller config for head from self.part_controller_config. (robot.py:151)
[robosuite WARNING] The config has defined for the controller "base", but the robot does not have this component. Skipping, but make sure this is intended.Removing the controller config for base from self.part_controller_config. (robot.py:151)
[robosuite WARNING] The config has defined for the controller "legs", but the robot does not have this component. Skipping, but make sure this is intended.Removing the controller config for legs from self.part_controller_config. (robot.py:151)
[robosuite WARNING] The config has defined for the controller "left", but the robot does not have this component. Skipping, but make sure this is intended.Removing the controller config for left from self.part_controller_config. (robot.py:151)
[robosuite WARNING] The config has defined for the controller "torso", but the robot does not have this component. Skipping, but make sure this is intended.Removing the controller config for torso from self.part_controller_config. (robot.py:151)
[robosuite WARNING] The config has defined for the controller "head", but the robot does not have this component. Skipping, but make sure this is intended.Removing the controller config for head from self.part_controller_config. (robot.py:151)
[robosuite WARNING] The config has defined for the controller "base", but the robot does not have this component. Skipping, but make sure this is intended.Removing the controller config for base from self.part_controller_config. (robot.py:151)
[robosuite WARNING] The config has defined for the controller "legs", but the robot does not have this component. Skipping, but make sure this is intended.Removing the controller config for legs from self.part_controller_config. (robot.py:151)
[robosuite INFO] Loading controller configuration from: /home/lph/.conda/envs/lph/lib/python3.10/site-packages/robosuite/controllers/config/default/composite/basic.json (composite_controller_factory.py:121)
[robosuite WARNING] The config has defined for the controller "left", but the robot does not have this component. Skipping, but make sure this is intended.Removing the controller config for left from self.part_controller_config. (robot.py:151)
[robosuite WARNING] The config has defined for the controller "torso", but the robot does not have this component. Skipping, but make sure this is intended.Removing the controller config for torso from self.part_controller_config. (robot.py:151)
[robosuite WARNING] The config has defined for the controller "head", but the robot does not have this component. Skipping, but make sure this is intended.Removing the controller config for head from self.part_controller_config. (robot.py:151)
[robosuite WARNING] The config has defined for the controller "base", but the robot does not have this component. Skipping, but make sure this is intended.Removing the controller config for base from self.part_controller_config. (robot.py:151)
[robosuite WARNING] The config has defined for the controller "legs", but the robot does not have this component. Skipping, but make sure this is intended.Removing the controller config for legs from self.part_controller_config. (robot.py:151)
[robosuite WARNING] The config has defined for the controller "left", but the robot does not have this component. Skipping, but make sure this is intended.Removing the controller config for left from self.part_controller_config. (robot.py:151)
[robosuite WARNING] The config has defined for the controller "torso", but the robot does not have this component. Skipping, but make sure this is intended.Removing the controller config for torso from self.part_controller_config. (robot.py:151)
[robosuite WARNING] The config has defined for the controller "head", but the robot does not have this component. Skipping, but make sure this is intended.Removing the controller config for head from self.part_controller_config. (robot.py:151)
[robosuite WARNING] The config has defined for the controller "base", but the robot does not have this component. Skipping, but make sure this is intended.Removing the controller config for base from self.part_controller_config. (robot.py:151)
[robosuite WARNING] The config has defined for the controller "legs", but the robot does not have this component. Skipping, but make sure this is intended.Removing the controller config for legs from self.part_controller_config. (robot.py:151)
[robosuite INFO] Loading controller configuration from: /home/lph/.conda/envs/lph/lib/python3.10/site-packages/robosuite/controllers/config/default/composite/basic.json (composite_controller_factory.py:121)
[robosuite WARNING] The config has defined for the controller "left", but the robot does not have this component. Skipping, but make sure this is intended.Removing the controller config for left from self.part_controller_config. (robot.py:151)
[robosuite WARNING] The config has defined for the controller "torso", but the robot does not have this component. Skipping, but make sure this is intended.Removing the controller config for torso from self.part_controller_config. (robot.py:151)
[robosuite WARNING] The config has defined for the controller "head", but the robot does not have this component. Skipping, but make sure this is intended.Removing the controller config for head from self.part_controller_config. (robot.py:151)
[robosuite WARNING] The config has defined for the controller "base", but the robot does not have this component. Skipping, but make sure this is intended.Removing the controller config for base from self.part_controller_config. (robot.py:151)
[robosuite WARNING] The config has defined for the controller "legs", but the robot does not have this component. Skipping, but make sure this is intended.Removing the controller config for legs from self.part_controller_config. (robot.py:151)
[robosuite WARNING] The config has defined for the controller "left", but the robot does not have this component. Skipping, but make sure this is intended.Removing the controller config for left from self.part_controller_config. (robot.py:151)
[robosuite WARNING] The config has defined for the controller "torso", but the robot does not have this component. Skipping, but make sure this is intended.Removing the controller config for torso from self.part_controller_config. (robot.py:151)
[robosuite WARNING] The config has defined for the controller "head", but the robot does not have this component. Skipping, but make sure this is intended.Removing the controller config for head from self.part_controller_config. (robot.py:151)
[robosuite WARNING] The config has defined for the controller "base", but the robot does not have this component. Skipping, but make sure this is intended.Removing the controller config for base from self.part_controller_config. (robot.py:151)
[robosuite WARNING] The config has defined for the controller "legs", but the robot does not have this component. Skipping, but make sure this is intended.Removing the controller config for legs from self.part_controller_config. (robot.py:151)
[robosuite INFO] Loading controller configuration from: /home/lph/.conda/envs/lph/lib/python3.10/site-packages/robosuite/controllers/config/default/composite/basic.json (composite_controller_factory.py:121)
[robosuite WARNING] The config has defined for the controller "left", but the robot does not have this component. Skipping, but make sure this is intended.Removing the controller config for left from self.part_controller_config. (robot.py:151)
[robosuite WARNING] The config has defined for the controller "torso", but the robot does not have this component. Skipping, but make sure this is intended.Removing the controller config for torso from self.part_controller_config. (robot.py:151)
[robosuite WARNING] The config has defined for the controller "head", but the robot does not have this component. Skipping, but make sure this is intended.Removing the controller config for head from self.part_controller_config. (robot.py:151)
[robosuite WARNING] The config has defined for the controller "base", but the robot does not have this component. Skipping, but make sure this is intended.Removing the controller config for base from self.part_controller_config. (robot.py:151)
[robosuite WARNING] The config has defined for the controller "legs", but the robot does not have this component. Skipping, but make sure this is intended.Removing the controller config for legs from self.part_controller_config. (robot.py:151)
[robosuite WARNING] The config has defined for the controller "left", but the robot does not have this component. Skipping, but make sure this is intended.Removing the controller config for left from self.part_controller_config. (robot.py:151)
[robosuite WARNING] The config has defined for the controller "torso", but the robot does not have this component. Skipping, but make sure this is intended.Removing the controller config for torso from self.part_controller_config. (robot.py:151)
[robosuite WARNING] The config has defined for the controller "head", but the robot does not have this component. Skipping, but make sure this is intended.Removing the controller config for head from self.part_controller_config. (robot.py:151)
[robosuite WARNING] The config has defined for the controller "base", but the robot does not have this component. Skipping, but make sure this is intended.Removing the controller config for base from self.part_controller_config. (robot.py:151)
[robosuite WARNING] The config has defined for the controller "legs", but the robot does not have this component. Skipping, but make sure this is intended.Removing the controller config for legs from self.part_controller_config. (robot.py:151)
[robosuite INFO] Loading controller configuration from: /home/lph/.conda/envs/lph/lib/python3.10/site-packages/robosuite/controllers/config/default/composite/basic.json (composite_controller_factory.py:121)
[robosuite WARNING] The config has defined for the controller "left", but the robot does not have this component. Skipping, but make sure this is intended.Removing the controller config for left from self.part_controller_config. (robot.py:151)
[robosuite WARNING] The config has defined for the controller "torso", but the robot does not have this component. Skipping, but make sure this is intended.Removing the controller config for torso from self.part_controller_config. (robot.py:151)
[robosuite WARNING] The config has defined for the controller "head", but the robot does not have this component. Skipping, but make sure this is intended.Removing the controller config for head from self.part_controller_config. (robot.py:151)
[robosuite WARNING] The config has defined for the controller "base", but the robot does not have this component. Skipping, but make sure this is intended.Removing the controller config for base from self.part_controller_config. (robot.py:151)
[robosuite WARNING] The config has defined for the controller "legs", but the robot does not have this component. Skipping, but make sure this is intended.Removing the controller config for legs from self.part_controller_config. (robot.py:151)
[robosuite WARNING] The config has defined for the controller "left", but the robot does not have this component. Skipping, but make sure this is intended.Removing the controller config for left from self.part_controller_config. (robot.py:151)
[robosuite WARNING] The config has defined for the controller "torso", but the robot does not have this component. Skipping, but make sure this is intended.Removing the controller config for torso from self.part_controller_config. (robot.py:151)
[robosuite WARNING] The config has defined for the controller "head", but the robot does not have this component. Skipping, but make sure this is intended.Removing the controller config for head from self.part_controller_config. (robot.py:151)
[robosuite WARNING] The config has defined for the controller "base", but the robot does not have this component. Skipping, but make sure this is intended.Removing the controller config for base from self.part_controller_config. (robot.py:151)
[robosuite WARNING] The config has defined for the controller "legs", but the robot does not have this component. Skipping, but make sure this is intended.Removing the controller config for legs from self.part_controller_config. (robot.py:151)
[robosuite INFO] Loading controller configuration from: /home/lph/.conda/envs/lph/lib/python3.10/site-packages/robosuite/controllers/config/default/composite/basic.json (composite_controller_factory.py:121)
[robosuite WARNING] The config has defined for the controller "left", but the robot does not have this component. Skipping, but make sure this is intended.Removing the controller config for left from self.part_controller_config. (robot.py:151)
[robosuite WARNING] The config has defined for the controller "torso", but the robot does not have this component. Skipping, but make sure this is intended.Removing the controller config for torso from self.part_controller_config. (robot.py:151)
[robosuite WARNING] The config has defined for the controller "head", but the robot does not have this component. Skipping, but make sure this is intended.Removing the controller config for head from self.part_controller_config. (robot.py:151)
[robosuite WARNING] The config has defined for the controller "base", but the robot does not have this component. Skipping, but make sure this is intended.Removing the controller config for base from self.part_controller_config. (robot.py:151)
[robosuite WARNING] The config has defined for the controller "legs", but the robot does not have this component. Skipping, but make sure this is intended.Removing the controller config for legs from self.part_controller_config. (robot.py:151)
[robosuite WARNING] The config has defined for the controller "left", but the robot does not have this component. Skipping, but make sure this is intended.Removing the controller config for left from self.part_controller_config. (robot.py:151)
[robosuite WARNING] The config has defined for the controller "torso", but the robot does not have this component. Skipping, but make sure this is intended.Removing the controller config for torso from self.part_controller_config. (robot.py:151)
[robosuite WARNING] The config has defined for the controller "head", but the robot does not have this component. Skipping, but make sure this is intended.Removing the controller config for head from self.part_controller_config. (robot.py:151)
[robosuite WARNING] The config has defined for the controller "base", but the robot does not have this component. Skipping, but make sure this is intended.Removing the controller config for base from self.part_controller_config. (robot.py:151)
[robosuite WARNING] The config has defined for the controller "legs", but the robot does not have this component. Skipping, but make sure this is intended.Removing the controller config for legs from self.part_controller_config. (robot.py:151)
[robosuite INFO] Loading controller configuration from: /home/lph/.conda/envs/lph/lib/python3.10/site-packages/robosuite/controllers/config/default/composite/basic.json (composite_controller_factory.py:121)
[robosuite WARNING] The config has defined for the controller "left", but the robot does not have this component. Skipping, but make sure this is intended.Removing the controller config for left from self.part_controller_config. (robot.py:151)
[robosuite WARNING] The config has defined for the controller "torso", but the robot does not have this component. Skipping, but make sure this is intended.Removing the controller config for torso from self.part_controller_config. (robot.py:151)
[robosuite WARNING] The config has defined for the controller "head", but the robot does not have this component. Skipping, but make sure this is intended.Removing the controller config for head from self.part_controller_config. (robot.py:151)
[robosuite WARNING] The config has defined for the controller "base", but the robot does not have this component. Skipping, but make sure this is intended.Removing the controller config for base from self.part_controller_config. (robot.py:151)
[robosuite WARNING] The config has defined for the controller "legs", but the robot does not have this component. Skipping, but make sure this is intended.Removing the controller config for legs from self.part_controller_config. (robot.py:151)
[robosuite WARNING] The config has defined for the controller "left", but the robot does not have this component. Skipping, but make sure this is intended.Removing the controller config for left from self.part_controller_config. (robot.py:151)
[robosuite WARNING] The config has defined for the controller "torso", but the robot does not have this component. Skipping, but make sure this is intended.Removing the controller config for torso from self.part_controller_config. (robot.py:151)
[robosuite WARNING] The config has defined for the controller "head", but the robot does not have this component. Skipping, but make sure this is intended.Removing the controller config for head from self.part_controller_config. (robot.py:151)
[robosuite WARNING] The config has defined for the controller "base", but the robot does not have this component. Skipping, but make sure this is intended.Removing the controller config for base from self.part_controller_config. (robot.py:151)
[robosuite WARNING] The config has defined for the controller "legs", but the robot does not have this component. Skipping, but make sure this is intended.Removing the controller config for legs from self.part_controller_config. (robot.py:151)
[robosuite INFO] Loading controller configuration from: /home/lph/.conda/envs/lph/lib/python3.10/site-packages/robosuite/controllers/config/default/composite/basic.json (composite_controller_factory.py:121)
[robosuite WARNING] The config has defined for the controller "left", but the robot does not have this component. Skipping, but make sure this is intended.Removing the controller config for left from self.part_controller_config. (robot.py:151)
[robosuite WARNING] The config has defined for the controller "torso", but the robot does not have this component. Skipping, but make sure this is intended.Removing the controller config for torso from self.part_controller_config. (robot.py:151)
[robosuite WARNING] The config has defined for the controller "head", but the robot does not have this component. Skipping, but make sure this is intended.Removing the controller config for head from self.part_controller_config. (robot.py:151)
[robosuite WARNING] The config has defined for the controller "base", but the robot does not have this component. Skipping, but make sure this is intended.Removing the controller config for base from self.part_controller_config. (robot.py:151)
[robosuite WARNING] The config has defined for the controller "legs", but the robot does not have this component. Skipping, but make sure this is intended.Removing the controller config for legs from self.part_controller_config. (robot.py:151)
[robosuite WARNING] The config has defined for the controller "left", but the robot does not have this component. Skipping, but make sure this is intended.Removing the controller config for left from self.part_controller_config. (robot.py:151)
[robosuite WARNING] The config has defined for the controller "torso", but the robot does not have this component. Skipping, but make sure this is intended.Removing the controller config for torso from self.part_controller_config. (robot.py:151)
[robosuite WARNING] The config has defined for the controller "head", but the robot does not have this component. Skipping, but make sure this is intended.Removing the controller config for head from self.part_controller_config. (robot.py:151)
[robosuite WARNING] The config has defined for the controller "base", but the robot does not have this component. Skipping, but make sure this is intended.Removing the controller config for base from self.part_controller_config. (robot.py:151)
[robosuite WARNING] The config has defined for the controller "legs", but the robot does not have this component. Skipping, but make sure this is intended.Removing the controller config for legs from self.part_controller_config. (robot.py:151)
[robosuite INFO] Loading controller configuration from: /home/lph/.conda/envs/lph/lib/python3.10/site-packages/robosuite/controllers/config/default/composite/basic.json (composite_controller_factory.py:121)
[robosuite WARNING] The config has defined for the controller "left", but the robot does not have this component. Skipping, but make sure this is intended.Removing the controller config for left from self.part_controller_config. (robot.py:151)
[robosuite WARNING] The config has defined for the controller "torso", but the robot does not have this component. Skipping, but make sure this is intended.Removing the controller config for torso from self.part_controller_config. (robot.py:151)
[robosuite WARNING] The config has defined for the controller "head", but the robot does not have this component. Skipping, but make sure this is intended.Removing the controller config for head from self.part_controller_config. (robot.py:151)
[robosuite WARNING] The config has defined for the controller "base", but the robot does not have this component. Skipping, but make sure this is intended.Removing the controller config for base from self.part_controller_config. (robot.py:151)
[robosuite WARNING] The config has defined for the controller "legs", but the robot does not have this component. Skipping, but make sure this is intended.Removing the controller config for legs from self.part_controller_config. (robot.py:151)
[robosuite WARNING] The config has defined for the controller "left", but the robot does not have this component. Skipping, but make sure this is intended.Removing the controller config for left from self.part_controller_config. (robot.py:151)
[robosuite WARNING] The config has defined for the controller "torso", but the robot does not have this component. Skipping, but make sure this is intended.Removing the controller config for torso from self.part_controller_config. (robot.py:151)
[robosuite WARNING] The config has defined for the controller "head", but the robot does not have this component. Skipping, but make sure this is intended.Removing the controller config for head from self.part_controller_config. (robot.py:151)
[robosuite WARNING] The config has defined for the controller "base", but the robot does not have this component. Skipping, but make sure this is intended.Removing the controller config for base from self.part_controller_config. (robot.py:151)
[robosuite WARNING] The config has defined for the controller "legs", but the robot does not have this component. Skipping, but make sure this is intended.Removing the controller config for legs from self.part_controller_config. (robot.py:151)
[robosuite INFO] Loading controller configuration from: /home/lph/.conda/envs/lph/lib/python3.10/site-packages/robosuite/controllers/config/default/composite/basic.json (composite_controller_factory.py:121)
[robosuite WARNING] The config has defined for the controller "left", but the robot does not have this component. Skipping, but make sure this is intended.Removing the controller config for left from self.part_controller_config. (robot.py:151)
[robosuite WARNING] The config has defined for the controller "torso", but the robot does not have this component. Skipping, but make sure this is intended.Removing the controller config for torso from self.part_controller_config. (robot.py:151)
[robosuite WARNING] The config has defined for the controller "head", but the robot does not have this component. Skipping, but make sure this is intended.Removing the controller config for head from self.part_controller_config. (robot.py:151)
[robosuite WARNING] The config has defined for the controller "base", but the robot does not have this component. Skipping, but make sure this is intended.Removing the controller config for base from self.part_controller_config. (robot.py:151)
[robosuite WARNING] The config has defined for the controller "legs", but the robot does not have this component. Skipping, but make sure this is intended.Removing the controller config for legs from self.part_controller_config. (robot.py:151)
[robosuite WARNING] The config has defined for the controller "left", but the robot does not have this component. Skipping, but make sure this is intended.Removing the controller config for left from self.part_controller_config. (robot.py:151)
[robosuite WARNING] The config has defined for the controller "torso", but the robot does not have this component. Skipping, but make sure this is intended.Removing the controller config for torso from self.part_controller_config. (robot.py:151)
[robosuite WARNING] The config has defined for the controller "head", but the robot does not have this component. Skipping, but make sure this is intended.Removing the controller config for head from self.part_controller_config. (robot.py:151)
[robosuite WARNING] The config has defined for the controller "base", but the robot does not have this component. Skipping, but make sure this is intended.Removing the controller config for base from self.part_controller_config. (robot.py:151)
[robosuite WARNING] The config has defined for the controller "legs", but the robot does not have this component. Skipping, but make sure this is intended.Removing the controller config for legs from self.part_controller_config. (robot.py:151)
[robosuite INFO] Loading controller configuration from: /home/lph/.conda/envs/lph/lib/python3.10/site-packages/robosuite/controllers/config/default/composite/basic.json (composite_controller_factory.py:121)
[robosuite WARNING] The config has defined for the controller "left", but the robot does not have this component. Skipping, but make sure this is intended.Removing the controller config for left from self.part_controller_config. (robot.py:151)
[robosuite WARNING] The config has defined for the controller "torso", but the robot does not have this component. Skipping, but make sure this is intended.Removing the controller config for torso from self.part_controller_config. (robot.py:151)
[robosuite WARNING] The config has defined for the controller "head", but the robot does not have this component. Skipping, but make sure this is intended.Removing the controller config for head from self.part_controller_config. (robot.py:151)
[robosuite WARNING] The config has defined for the controller "base", but the robot does not have this component. Skipping, but make sure this is intended.Removing the controller config for base from self.part_controller_config. (robot.py:151)
[robosuite WARNING] The config has defined for the controller "legs", but the robot does not have this component. Skipping, but make sure this is intended.Removing the controller config for legs from self.part_controller_config. (robot.py:151)
[robosuite WARNING] The config has defined for the controller "left", but the robot does not have this component. Skipping, but make sure this is intended.Removing the controller config for left from self.part_controller_config. (robot.py:151)
[robosuite WARNING] The config has defined for the controller "torso", but the robot does not have this component. Skipping, but make sure this is intended.Removing the controller config for torso from self.part_controller_config. (robot.py:151)
[robosuite WARNING] The config has defined for the controller "head", but the robot does not have this component. Skipping, but make sure this is intended.Removing the controller config for head from self.part_controller_config. (robot.py:151)
[robosuite WARNING] The config has defined for the controller "base", but the robot does not have this component. Skipping, but make sure this is intended.Removing the controller config for base from self.part_controller_config. (robot.py:151)
[robosuite WARNING] The config has defined for the controller "legs", but the robot does not have this component. Skipping, but make sure this is intended.Removing the controller config for legs from self.part_controller_config. (robot.py:151)
[robosuite INFO] Loading controller configuration from: /home/lph/.conda/envs/lph/lib/python3.10/site-packages/robosuite/controllers/config/default/composite/basic.json (composite_controller_factory.py:121)
[robosuite WARNING] The config has defined for the controller "left", but the robot does not have this component. Skipping, but make sure this is intended.Removing the controller config for left from self.part_controller_config. (robot.py:151)
[robosuite WARNING] The config has defined for the controller "torso", but the robot does not have this component. Skipping, but make sure this is intended.Removing the controller config for torso from self.part_controller_config. (robot.py:151)
[robosuite WARNING] The config has defined for the controller "head", but the robot does not have this component. Skipping, but make sure this is intended.Removing the controller config for head from self.part_controller_config. (robot.py:151)
[robosuite WARNING] The config has defined for the controller "base", but the robot does not have this component. Skipping, but make sure this is intended.Removing the controller config for base from self.part_controller_config. (robot.py:151)
[robosuite WARNING] The config has defined for the controller "legs", but the robot does not have this component. Skipping, but make sure this is intended.Removing the controller config for legs from self.part_controller_config. (robot.py:151)
[robosuite WARNING] The config has defined for the controller "left", but the robot does not have this component. Skipping, but make sure this is intended.Removing the controller config for left from self.part_controller_config. (robot.py:151)
[robosuite WARNING] The config has defined for the controller "torso", but the robot does not have this component. Skipping, but make sure this is intended.Removing the controller config for torso from self.part_controller_config. (robot.py:151)
[robosuite WARNING] The config has defined for the controller "head", but the robot does not have this component. Skipping, but make sure this is intended.Removing the controller config for head from self.part_controller_config. (robot.py:151)
[robosuite WARNING] The config has defined for the controller "base", but the robot does not have this component. Skipping, but make sure this is intended.Removing the controller config for base from self.part_controller_config. (robot.py:151)
[robosuite WARNING] The config has defined for the controller "legs", but the robot does not have this component. Skipping, but make sure this is intended.Removing the controller config for legs from self.part_controller_config. (robot.py:151)
[robosuite INFO] Loading controller configuration from: /home/lph/.conda/envs/lph/lib/python3.10/site-packages/robosuite/controllers/config/default/composite/basic.json (composite_controller_factory.py:121)
[robosuite WARNING] The config has defined for the controller "left", but the robot does not have this component. Skipping, but make sure this is intended.Removing the controller config for left from self.part_controller_config. (robot.py:151)
[robosuite WARNING] The config has defined for the controller "torso", but the robot does not have this component. Skipping, but make sure this is intended.Removing the controller config for torso from self.part_controller_config. (robot.py:151)
[robosuite WARNING] The config has defined for the controller "head", but the robot does not have this component. Skipping, but make sure this is intended.Removing the controller config for head from self.part_controller_config. (robot.py:151)
[robosuite WARNING] The config has defined for the controller "base", but the robot does not have this component. Skipping, but make sure this is intended.Removing the controller config for base from self.part_controller_config. (robot.py:151)
[robosuite WARNING] The config has defined for the controller "legs", but the robot does not have this component. Skipping, but make sure this is intended.Removing the controller config for legs from self.part_controller_config. (robot.py:151)
[robosuite WARNING] The config has defined for the controller "left", but the robot does not have this component. Skipping, but make sure this is intended.Removing the controller config for left from self.part_controller_config. (robot.py:151)
[robosuite WARNING] The config has defined for the controller "torso", but the robot does not have this component. Skipping, but make sure this is intended.Removing the controller config for torso from self.part_controller_config. (robot.py:151)
[robosuite WARNING] The config has defined for the controller "head", but the robot does not have this component. Skipping, but make sure this is intended.Removing the controller config for head from self.part_controller_config. (robot.py:151)
[robosuite WARNING] The config has defined for the controller "base", but the robot does not have this component. Skipping, but make sure this is intended.Removing the controller config for base from self.part_controller_config. (robot.py:151)
[robosuite WARNING] The config has defined for the controller "legs", but the robot does not have this component. Skipping, but make sure this is intended.Removing the controller config for legs from self.part_controller_config. (robot.py:151)
[robosuite INFO] Loading controller configuration from: /home/lph/.conda/envs/lph/lib/python3.10/site-packages/robosuite/controllers/config/default/composite/basic.json (composite_controller_factory.py:121)
[robosuite WARNING] The config has defined for the controller "left", but the robot does not have this component. Skipping, but make sure this is intended.Removing the controller config for left from self.part_controller_config. (robot.py:151)
[robosuite WARNING] The config has defined for the controller "torso", but the robot does not have this component. Skipping, but make sure this is intended.Removing the controller config for torso from self.part_controller_config. (robot.py:151)
[robosuite WARNING] The config has defined for the controller "head", but the robot does not have this component. Skipping, but make sure this is intended.Removing the controller config for head from self.part_controller_config. (robot.py:151)
[robosuite WARNING] The config has defined for the controller "base", but the robot does not have this component. Skipping, but make sure this is intended.Removing the controller config for base from self.part_controller_config. (robot.py:151)
[robosuite WARNING] The config has defined for the controller "legs", but the robot does not have this component. Skipping, but make sure this is intended.Removing the controller config for legs from self.part_controller_config. (robot.py:151)
[robosuite WARNING] The config has defined for the controller "left", but the robot does not have this component. Skipping, but make sure this is intended.Removing the controller config for left from self.part_controller_config. (robot.py:151)
[robosuite WARNING] The config has defined for the controller "torso", but the robot does not have this component. Skipping, but make sure this is intended.Removing the controller config for torso from self.part_controller_config. (robot.py:151)
[robosuite WARNING] The config has defined for the controller "head", but the robot does not have this component. Skipping, but make sure this is intended.Removing the controller config for head from self.part_controller_config. (robot.py:151)
[robosuite WARNING] The config has defined for the controller "base", but the robot does not have this component. Skipping, but make sure this is intended.Removing the controller config for base from self.part_controller_config. (robot.py:151)
[robosuite WARNING] The config has defined for the controller "legs", but the robot does not have this component. Skipping, but make sure this is intended.Removing the controller config for legs from self.part_controller_config. (robot.py:151)
[robosuite INFO] Loading controller configuration from: /home/lph/.conda/envs/lph/lib/python3.10/site-packages/robosuite/controllers/config/default/composite/basic.json (composite_controller_factory.py:121)
[robosuite WARNING] The config has defined for the controller "left", but the robot does not have this component. Skipping, but make sure this is intended.Removing the controller config for left from self.part_controller_config. (robot.py:151)
[robosuite WARNING] The config has defined for the controller "torso", but the robot does not have this component. Skipping, but make sure this is intended.Removing the controller config for torso from self.part_controller_config. (robot.py:151)
[robosuite WARNING] The config has defined for the controller "head", but the robot does not have this component. Skipping, but make sure this is intended.Removing the controller config for head from self.part_controller_config. (robot.py:151)
[robosuite WARNING] The config has defined for the controller "base", but the robot does not have this component. Skipping, but make sure this is intended.Removing the controller config for base from self.part_controller_config. (robot.py:151)
[robosuite WARNING] The config has defined for the controller "legs", but the robot does not have this component. Skipping, but make sure this is intended.Removing the controller config for legs from self.part_controller_config. (robot.py:151)
[robosuite WARNING] The config has defined for the controller "left", but the robot does not have this component. Skipping, but make sure this is intended.Removing the controller config for left from self.part_controller_config. (robot.py:151)
[robosuite WARNING] The config has defined for the controller "torso", but the robot does not have this component. Skipping, but make sure this is intended.Removing the controller config for torso from self.part_controller_config. (robot.py:151)
[robosuite WARNING] The config has defined for the controller "head", but the robot does not have this component. Skipping, but make sure this is intended.Removing the controller config for head from self.part_controller_config. (robot.py:151)
[robosuite WARNING] The config has defined for the controller "base", but the robot does not have this component. Skipping, but make sure this is intended.Removing the controller config for base from self.part_controller_config. (robot.py:151)
[robosuite WARNING] The config has defined for the controller "legs", but the robot does not have this component. Skipping, but make sure this is intended.Removing the controller config for legs from self.part_controller_config. (robot.py:151)
[robosuite INFO] Loading controller configuration from: /home/lph/.conda/envs/lph/lib/python3.10/site-packages/robosuite/controllers/config/default/composite/basic.json (composite_controller_factory.py:121)
[robosuite WARNING] The config has defined for the controller "left", but the robot does not have this component. Skipping, but make sure this is intended.Removing the controller config for left from self.part_controller_config. (robot.py:151)
[robosuite WARNING] The config has defined for the controller "torso", but the robot does not have this component. Skipping, but make sure this is intended.Removing the controller config for torso from self.part_controller_config. (robot.py:151)
[robosuite WARNING] The config has defined for the controller "head", but the robot does not have this component. Skipping, but make sure this is intended.Removing the controller config for head from self.part_controller_config. (robot.py:151)
[robosuite WARNING] The config has defined for the controller "base", but the robot does not have this component. Skipping, but make sure this is intended.Removing the controller config for base from self.part_controller_config. (robot.py:151)
[robosuite WARNING] The config has defined for the controller "legs", but the robot does not have this component. Skipping, but make sure this is intended.Removing the controller config for legs from self.part_controller_config. (robot.py:151)
[robosuite WARNING] The config has defined for the controller "left", but the robot does not have this component. Skipping, but make sure this is intended.Removing the controller config for left from self.part_controller_config. (robot.py:151)
[robosuite WARNING] The config has defined for the controller "torso", but the robot does not have this component. Skipping, but make sure this is intended.Removing the controller config for torso from self.part_controller_config. (robot.py:151)
[robosuite WARNING] The config has defined for the controller "head", but the robot does not have this component. Skipping, but make sure this is intended.Removing the controller config for head from self.part_controller_config. (robot.py:151)
[robosuite WARNING] The config has defined for the controller "base", but the robot does not have this component. Skipping, but make sure this is intended.Removing the controller config for base from self.part_controller_config. (robot.py:151)
[robosuite WARNING] The config has defined for the controller "legs", but the robot does not have this component. Skipping, but make sure this is intended.Removing the controller config for legs from self.part_controller_config. (robot.py:151)
[robosuite INFO] Loading controller configuration from: /home/lph/.conda/envs/lph/lib/python3.10/site-packages/robosuite/controllers/config/default/composite/basic.json (composite_controller_factory.py:121)
[robosuite WARNING] The config has defined for the controller "left", but the robot does not have this component. Skipping, but make sure this is intended.Removing the controller config for left from self.part_controller_config. (robot.py:151)
[robosuite WARNING] The config has defined for the controller "torso", but the robot does not have this component. Skipping, but make sure this is intended.Removing the controller config for torso from self.part_controller_config. (robot.py:151)
[robosuite WARNING] The config has defined for the controller "head", but the robot does not have this component. Skipping, but make sure this is intended.Removing the controller config for head from self.part_controller_config. (robot.py:151)
[robosuite WARNING] The config has defined for the controller "base", but the robot does not have this component. Skipping, but make sure this is intended.Removing the controller config for base from self.part_controller_config. (robot.py:151)
[robosuite WARNING] The config has defined for the controller "legs", but the robot does not have this component. Skipping, but make sure this is intended.Removing the controller config for legs from self.part_controller_config. (robot.py:151)
[robosuite WARNING] The config has defined for the controller "left", but the robot does not have this component. Skipping, but make sure this is intended.Removing the controller config for left from self.part_controller_config. (robot.py:151)
[robosuite WARNING] The config has defined for the controller "torso", but the robot does not have this component. Skipping, but make sure this is intended.Removing the controller config for torso from self.part_controller_config. (robot.py:151)
[robosuite WARNING] The config has defined for the controller "head", but the robot does not have this component. Skipping, but make sure this is intended.Removing the controller config for head from self.part_controller_config. (robot.py:151)
[robosuite WARNING] The config has defined for the controller "base", but the robot does not have this component. Skipping, but make sure this is intended.Removing the controller config for base from self.part_controller_config. (robot.py:151)
[robosuite WARNING] The config has defined for the controller "legs", but the robot does not have this component. Skipping, but make sure this is intended.Removing the controller config for legs from self.part_controller_config. (robot.py:151)
[robosuite INFO] Loading controller configuration from: /home/lph/.conda/envs/lph/lib/python3.10/site-packages/robosuite/controllers/config/default/composite/basic.json (composite_controller_factory.py:121)
[robosuite WARNING] The config has defined for the controller "left", but the robot does not have this component. Skipping, but make sure this is intended.Removing the controller config for left from self.part_controller_config. (robot.py:151)
[robosuite WARNING] The config has defined for the controller "torso", but the robot does not have this component. Skipping, but make sure this is intended.Removing the controller config for torso from self.part_controller_config. (robot.py:151)
[robosuite WARNING] The config has defined for the controller "head", but the robot does not have this component. Skipping, but make sure this is intended.Removing the controller config for head from self.part_controller_config. (robot.py:151)
[robosuite WARNING] The config has defined for the controller "base", but the robot does not have this component. Skipping, but make sure this is intended.Removing the controller config for base from self.part_controller_config. (robot.py:151)
[robosuite WARNING] The config has defined for the controller "legs", but the robot does not have this component. Skipping, but make sure this is intended.Removing the controller config for legs from self.part_controller_config. (robot.py:151)
[robosuite WARNING] The config has defined for the controller "left", but the robot does not have this component. Skipping, but make sure this is intended.Removing the controller config for left from self.part_controller_config. (robot.py:151)
[robosuite WARNING] The config has defined for the controller "torso", but the robot does not have this component. Skipping, but make sure this is intended.Removing the controller config for torso from self.part_controller_config. (robot.py:151)
[robosuite WARNING] The config has defined for the controller "head", but the robot does not have this component. Skipping, but make sure this is intended.Removing the controller config for head from self.part_controller_config. (robot.py:151)
[robosuite WARNING] The config has defined for the controller "base", but the robot does not have this component. Skipping, but make sure this is intended.Removing the controller config for base from self.part_controller_config. (robot.py:151)
[robosuite WARNING] The config has defined for the controller "legs", but the robot does not have this component. Skipping, but make sure this is intended.Removing the controller config for legs from self.part_controller_config. (robot.py:151)
pygame 2.5.2 (SDL 2.28.2, Python 3.10.4)
Hello from the pygame community. https://www.pygame.org/contribute.html
episode=0 reward=13.713 success=True grasped=True decisions=111 teacher=111 epsilon=0.700
episode=1 reward=13.686 success=True grasped=True decisions=111 teacher=111 epsilon=0.644
episode=2 reward=13.669 success=True grasped=True decisions=111 teacher=111 epsilon=0.592
episode=3 reward=1.944 success=False grasped=True decisions=240 teacher=240 epsilon=0.545
episode=4 reward=4.473 success=False grasped=True decisions=240 teacher=240 epsilon=0.501
episode=5 reward=13.747 success=True grasped=True decisions=111 teacher=111 epsilon=0.461
episode=6 reward=4.999 success=False grasped=True decisions=240 teacher=240 epsilon=0.424
episode=7 reward=13.676 success=True grasped=True decisions=112 teacher=112 epsilon=0.390
episode=8 reward=1.423 success=False grasped=True decisions=240 teacher=240 epsilon=0.359
episode=9 reward=13.665 success=True grasped=True decisions=111 teacher=111 epsilon=0.331
episode=10 reward=13.737 success=True grasped=True decisions=110 teacher=110 epsilon=0.304
episode=11 reward=13.698 success=True grasped=True decisions=111 teacher=111 epsilon=0.280
episode=12 reward=13.677 success=True grasped=True decisions=111 teacher=111 epsilon=0.257
episode=13 reward=13.702 success=True grasped=True decisions=111 teacher=111 epsilon=0.237
episode=14 reward=13.741 success=True grasped=True decisions=109 teacher=109 epsilon=0.218
episode=15 reward=13.684 success=True grasped=True decisions=111 teacher=111 epsilon=0.200
episode=16 reward=13.736 success=True grasped=True decisions=109 teacher=109 epsilon=0.184
episode=17 reward=2.123 success=False grasped=True decisions=240 teacher=240 epsilon=0.170
episode=18 reward=13.675 success=True grasped=True decisions=111 teacher=111 epsilon=0.156
episode=19 reward=13.737 success=True grasped=True decisions=109 teacher=109 epsilon=0.144
episode=20 reward=12.426 success=True grasped=True decisions=148 teacher=0 epsilon=0.000
episode=21 reward=12.584 success=True grasped=True decisions=155 teacher=0 epsilon=0.000
episode=22 reward=12.573 success=True grasped=True decisions=156 teacher=0 epsilon=0.000
episode=23 reward=13.508 success=True grasped=True decisions=159 teacher=0 epsilon=0.000
episode=24 reward=12.581 success=True grasped=True decisions=154 teacher=0 epsilon=0.000
episode=25 reward=12.585 success=True grasped=True decisions=156 teacher=0 epsilon=0.000
episode=26 reward=12.633 success=True grasped=True decisions=150 teacher=0 epsilon=0.000
episode=27 reward=12.297 success=True grasped=True decisions=192 teacher=0 epsilon=0.000
episode=28 reward=12.598 success=True grasped=True decisions=153 teacher=0 epsilon=0.000
episode=29 reward=13.500 success=True grasped=True decisions=148 teacher=0 epsilon=0.000
episode=30 reward=13.514 success=True grasped=True decisions=149 teacher=0 epsilon=0.000
episode=31 reward=12.510 success=True grasped=True decisions=147 teacher=0 epsilon=0.000
episode=32 reward=12.550 success=True grasped=True decisions=146 teacher=0 epsilon=0.000
episode=33 reward=12.460 success=True grasped=True decisions=148 teacher=0 epsilon=0.000
episode=34 reward=12.557 success=True grasped=True decisions=148 teacher=0 epsilon=0.000
episode=35 reward=12.569 success=True grasped=True decisions=150 teacher=0 epsilon=0.000
episode=36 reward=13.586 success=True grasped=True decisions=143 teacher=0 epsilon=0.000
episode=37 reward=12.514 success=True grasped=True decisions=135 teacher=0 epsilon=0.000
episode=38 reward=13.637 success=True grasped=True decisions=142 teacher=0 epsilon=0.000
episode=39 reward=12.554 success=True grasped=True decisions=136 teacher=0 epsilon=0.000
episode=40 reward=13.592 success=True grasped=True decisions=142 teacher=0 epsilon=0.000
episode=41 reward=13.619 success=True grasped=True decisions=143 teacher=0 epsilon=0.000
episode=42 reward=13.565 success=True grasped=True decisions=144 teacher=0 epsilon=0.000
episode=43 reward=12.570 success=True grasped=True decisions=144 teacher=0 epsilon=0.000
episode=44 reward=12.512 success=True grasped=True decisions=144 teacher=0 epsilon=0.000
episode=45 reward=13.510 success=True grasped=True decisions=146 teacher=0 epsilon=0.000
episode=46 reward=13.588 success=True grasped=True decisions=143 teacher=0 epsilon=0.000
episode=47 reward=12.648 success=True grasped=True decisions=142 teacher=0 epsilon=0.000
episode=48 reward=13.575 success=True grasped=True decisions=143 teacher=0 epsilon=0.000
episode=49 reward=12.580 success=True grasped=True decisions=138 teacher=0 epsilon=0.000
episode=50 reward=13.555 success=True grasped=True decisions=143 teacher=0 epsilon=0.000
episode=51 reward=0.902 success=False grasped=True decisions=240 teacher=0 epsilon=0.000
episode=52 reward=-16.977 success=False grasped=False decisions=240 teacher=0 epsilon=0.000
episode=53 reward=12.517 success=True grasped=True decisions=145 teacher=0 epsilon=0.000
episode=54 reward=-12.015 success=False grasped=False decisions=240 teacher=0 epsilon=0.000
episode=55 reward=12.339 success=True grasped=True decisions=150 teacher=0 epsilon=0.000
episode=56 reward=13.497 success=True grasped=True decisions=146 teacher=0 epsilon=0.000
episode=57 reward=13.536 success=True grasped=True decisions=145 teacher=0 epsilon=0.000
episode=58 reward=12.458 success=True grasped=True decisions=148 teacher=0 epsilon=0.000
episode=59 reward=12.520 success=True grasped=True decisions=147 teacher=0 epsilon=0.000
episode=60 reward=13.541 success=True grasped=True decisions=150 teacher=0 epsilon=0.000
episode=61 reward=12.525 success=True grasped=True decisions=151 teacher=0 epsilon=0.000
episode=62 reward=12.564 success=True grasped=True decisions=150 teacher=0 epsilon=0.000
episode=63 reward=13.464 success=True grasped=True decisions=151 teacher=0 epsilon=0.000
episode=64 reward=12.502 success=True grasped=True decisions=164 teacher=0 epsilon=0.000
episode=65 reward=12.424 success=True grasped=True decisions=168 teacher=0 epsilon=0.000
episode=66 reward=13.367 success=True grasped=True decisions=164 teacher=0 epsilon=0.000
episode=67 reward=12.479 success=True grasped=True decisions=165 teacher=0 epsilon=0.000
episode=68 reward=12.493 success=True grasped=True decisions=154 teacher=0 epsilon=0.000
episode=69 reward=12.480 success=True grasped=True decisions=160 teacher=0 epsilon=0.000
summary: {
  "mean_learning_return": 11.402367342627528,
  "sparse_success_rate": 0.8857142857142857,
  "grasp_any_rate": 0.9714285714285714,
  "mean_decisions": 151.77142857142857,
  "teacher_assisted_success_rate": 0.75,
  "clone_policy_memory": {
    "labeled_states": 20,
    "conflicting_states": 0
  },
  "clone_mlp": {
    "samples": 2859,
    "train_loss": NaN,
    "train_accuracy": NaN
  },
  "clone_gru": {
    "episodes": 20,
    "samples": 2859,
    "train_loss": NaN,
    "train_accuracy": NaN
  },
  "full_communication_traffic": {
    "rank": 3,
    "mode": "nmf_dlpfc_to_striatum_latent",
    "fitted": true,
    "links": {
      "dlpfc_strd1": {
        "source_dim": 200,
        "latent_dim": 3,
        "target_dim": 8,
        "transport": "continuous_nonnegative_nmf_latent",
        "active_samples": 23809,
        "full_warmup_fallback_samples": 3,
        "source_logical_events": 23809,
        "continuous_latent_scalar_values": 71427,
        "continuous_latent_nonzero_values": 71427,
        "transmitted_continuous_vector_records": 5711,
        "transmitted_continuous_latent_scalar_values": 17133,
        "mean_absolute_latent_value": 0.2446171530141321,
        "peak_absolute_latent_value": 6.569265842437744,
        "source_projection_array_activations": 5711,
        "target_decoder_array_activations": 5711,
        "continuous_vector_records": 5711,
        "suppressed_repeat_samples": 18098,
        "repeat_suppression_rate": 0.7601327229199042,
        "online_current_ev": 0.9999999999999993,
        "online_current_nrmse": 2.613500236947967e-08,
        "online_current_peak_absolute_error": 1.1920928955078125e-07
      },
      "dlpfc_strd2": {
        "source_dim": 200,
        "latent_dim": 3,
        "target_dim": 8,
        "transport": "continuous_nonnegative_nmf_latent",
        "active_samples": 23809,
        "full_warmup_fallback_samples": 3,
        "source_logical_events": 23809,
        "continuous_latent_scalar_values": 71427,
        "continuous_latent_nonzero_values": 71427,
        "transmitted_continuous_vector_records": 5711,
        "transmitted_continuous_latent_scalar_values": 17133,
        "mean_absolute_latent_value": 0.3841003485463435,
        "peak_absolute_latent_value": 6.836080074310303,
        "source_projection_array_activations": 5711,
        "target_decoder_array_activations": 5711,
        "continuous_vector_records": 5711,
        "suppressed_repeat_samples": 18098,
        "repeat_suppression_rate": 0.7601327229199042,
        "online_current_ev": 0.9999999999999993,
        "online_current_nrmse": 2.552714889649291e-08,
        "online_current_peak_absolute_error": 1.1920928955078125e-07
      }
    },
    "other_full_cross_core_links": {
      "dlpfc_stn": {
        "source_dim": 200,
        "target_dim": 2,
        "samples": 23812,
        "source_logical_events": 23812
      },
      "strd2_gpe": {
        "source_dim": 8,
        "target_dim": 8,
        "samples": 23812,
        "source_logical_events": 170474
      },
      "stn_gpe": {
        "source_dim": 2,
        "target_dim": 8,
        "samples": 23812,
        "source_logical_events": 30828
      },
      "strd1_gpi": {
        "source_dim": 8,
        "target_dim": 8,
        "samples": 23812,
        "source_logical_events": 48310
      },
      "stn_gpi": {
        "source_dim": 2,
        "target_dim": 8,
        "samples": 23812,
        "source_logical_events": 30828
      },
      "gpe_stn": {
        "source_dim": 8,
        "target_dim": 2,
        "samples": 23812,
        "source_logical_events": 36582
      },
      "gpi_thalamus": {
        "source_dim": 8,
        "target_dim": 8,
        "samples": 23812,
        "source_logical_events": 72500
      },
      "dlpfc_thalamus": {
        "source_dim": 200,
        "target_dim": 8,
        "samples": 23812,
        "source_logical_events": 23812
      }
    }
  },
  "communication_refit_count": 0,
  "coverage_audit": {
    "continuous_distance_threshold_m": 0.006,
    "teacher_labeled_state_count": 20,
    "teacher_conflicting_state_count": 0,
    "teacher_mean_label_entropy_bits": 0.0,
    "student_during_curriculum": {
      "decisions": 1180,
      "state_out_of_demo_rate": 0.0,
      "continuous_out_of_demo_rate": 0.0,
      "both_out_of_demo_rate": 0.0,
      "mean_nearest_teacher_distance_m": 0.0,
      "network_teacher_agreement_rate": 0.8677966101694915,
      "executed_teacher_agreement_rate": 1.0,
      "option_decisions": {
        "align": 1180,
        "descend": 0,
        "close": 0,
        "lift": 0,
        "recover": 0
      }
    },
    "student_dagger_against_initial_teacher": {
      "decisions": 0
    },
    "student_evaluation": {
      "decisions": 4532,
      "state_out_of_demo_rate": 0.06641659311562224,
      "continuous_out_of_demo_rate": 0.30229479258605474,
      "both_out_of_demo_rate": 0.06641659311562224,
      "mean_nearest_teacher_distance_m": 0.014823166584424029,
      "network_teacher_agreement_rate": 0.6707855251544572,
      "executed_teacher_agreement_rate": 0.6842453662842012,
      "option_decisions": {
        "align": 4532,
        "descend": 0,
        "close": 0,
        "lift": 0,
        "recover": 0
      }
    },
    "student_deployment": {
      "decisions": 4532,
      "state_out_of_demo_rate": 0.06641659311562224,
      "continuous_out_of_demo_rate": 0.30229479258605474,
      "both_out_of_demo_rate": 0.06641659311562224,
      "mean_nearest_teacher_distance_m": 0.014823166584424029,
      "network_teacher_agreement_rate": 0.6707855251544572,
      "executed_teacher_agreement_rate": 0.6842453662842012,
      "option_decisions": {
        "align": 4532,
        "descend": 0,
        "close": 0,
        "lift": 0,
        "recover": 0
      }
    },
    "per_option_xy_error_histograms": {
      "align": {
        "teacher_count": 1180,
        "deployment_count": 4532,
        "xy_error_histogram_teacher": [
          [
            0.0,
            0.0,
            0.0,
            0.0,
            0.0,
            0.0,
            0.0,
            0.0
          ],
          [
            0.0,
            0.0,
            0.0,
            0.0,
            5.0,
            0.0,
            0.0,
            0.0
          ],
          [
            0.0,
            0.0,
            0.0,
            0.0,
            7.0,
            0.0,
            0.0,
            0.0
          ],
          [
            0.0,
            0.0,
            0.0,
            118.0,
            140.0,
            3.0,
            0.0,
            0.0
          ],
          [
            0.0,
            0.0,
            0.0,
            6.0,
            161.0,
            0.0,
            0.0,
            0.0
          ],
          [
            0.0,
            0.0,
            0.0,
            0.0,
            120.0,
            0.0,
            0.0,
            0.0
          ],
          [
            0.0,
            0.0,
            0.0,
            0.0,
            140.0,
            0.0,
            0.0,
            0.0
          ],
          [
            0.0,
            0.0,
            0.0,
            0.0,
            120.0,
            0.0,
            0.0,
            0.0
          ]
        ],
        "xy_error_histogram_deployment": [
          [
            0.0,
            0.0,
            0.0,
            0.0,
            0.0,
            0.0,
            0.0,
            0.0
          ],
          [
            0.0,
            0.0,
            0.0,
            0.0,
            0.0,
            0.0,
            0.0,
            0.0
          ],
          [
            0.0,
            0.0,
            0.0,
            0.0,
            276.0,
            0.0,
            0.0,
            0.0
          ],
          [
            0.0,
            6.0,
            12.0,
            20.0,
            1008.0,
            0.0,
            0.0,
            0.0
          ],
          [
            13.0,
            10.0,
            10.0,
            27.0,
            1056.0,
            0.0,
            0.0,
            0.0
          ],
          [
            5.0,
            0.0,
            0.0,
            0.0,
            300.0,
            0.0,
            0.0,
            0.0
          ],
          [
            0.0,
            0.0,
            0.0,
            0.0,
            350.0,
            0.0,
            0.0,
            0.0
          ],
          [
            0.0,
            0.0,
            0.0,
            0.0,
            300.0,
            0.0,
            0.0,
            0.0
          ]
        ]
      },
      "descend": {
        "teacher_count": 0,
        "deployment_count": 0,
        "xy_error_histogram_teacher": [],
        "xy_error_histogram_deployment": []
      },
      "close": {
        "teacher_count": 0,
        "deployment_count": 0,
        "xy_error_histogram_teacher": [],
        "xy_error_histogram_deployment": []
      },
      "lift": {
        "teacher_count": 0,
        "deployment_count": 0,
        "xy_error_histogram_teacher": [],
        "xy_error_histogram_deployment": []
      },
      "recover": {
        "teacher_count": 0,
        "deployment_count": 0,
        "xy_error_histogram_teacher": [],
        "xy_error_histogram_deployment": []
      }
    }
  },
  "phase_success": {
    "teacher": {
      "episodes": 20,
      "lift_successes": 15
    },
    "dagger": {
      "episodes": 0,
      "lift_successes": 0
    },
    "evaluation": {
      "episodes": 50,
      "lift_successes": 47
    }
  }
}
