[robosuite WARNING] No private macro file found! (macros.py:57)
[robosuite WARNING] It is recommended to use a private macro file (macros.py:58)
[robosuite WARNING] To setup, run: python /home/lph/.conda/envs/lph/lib/python3.10/site-packages/robosuite/scripts/setup_macros.py (macros.py:59)
[robosuite WARNING] Could not import robosuite_models. Some robots may not be available. If you want to use these robots, please install robosuite_models from source (https://github.com/ARISE-Initiative/robosuite_models) or through pip install. (__init__.py:30)
[robosuite WARNING] Could not load the mink-based whole-body IK. Make sure you install related import properly, otherwise you will not be able to use the default IK controller setting for GR1 robot. (__init__.py:40)
[robosuite INFO] Loading controller configuration from: /home/lph/.conda/envs/lph/lib/python3.10/site-packages/robosuite/controllers/config/default/composite/basic.json (composite_controller_factory.py:121)
[robosuite WARNING] The config has defined for the controller "left", but the robot does not have this component. Skipping, but make sure this is intended.Removing the controller config for left from self.part_controller_config. (robot.py:151)
[robosuite WARNING] The config has defined for the controller "torso", but the robot does not have this component. Skipping, but make sure this is intended.Removing the controller config for torso from self.part_controller_config. (robot.py:151)
[robosuite WARNING] The config has defined for the controller "head", but the robot does not have this component. Skipping, but make sure this is intended.Removing the controller config for head from self.part_controller_config. (robot.py:151)
[robosuite WARNING] The config has defined for the controller "base", but the robot does not have this component. Skipping, but make sure this is intended.Removing the controller config for base from self.part_controller_config. (robot.py:151)
[robosuite WARNING] The config has defined for the controller "legs", but the robot does not have this component. Skipping, but make sure this is intended.Removing the controller config for legs from self.part_controller_config. (robot.py:151)
[robosuite WARNING] The config has defined for the controller "left", but the robot does not have this component. Skipping, but make sure this is intended.Removing the controller config for left from self.part_controller_config. (robot.py:151)
[robosuite WARNING] The config has defined for the controller "torso", but the robot does not have this component. Skipping, but make sure this is intended.Removing the controller config for torso from self.part_controller_config. (robot.py:151)
[robosuite WARNING] The config has defined for the controller "head", but the robot does not have this component. Skipping, but make sure this is intended.Removing the controller config for head from self.part_controller_config. (robot.py:151)
[robosuite WARNING] The config has defined for the controller "base", but the robot does not have this component. Skipping, but make sure this is intended.Removing the controller config for base from self.part_controller_config. (robot.py:151)
[robosuite WARNING] The config has defined for the controller "legs", but the robot does not have this component. Skipping, but make sure this is intended.Removing the controller config for legs from self.part_controller_config. (robot.py:151)
[robosuite INFO] Loading controller configuration from: /home/lph/.conda/envs/lph/lib/python3.10/site-packages/robosuite/controllers/config/default/composite/basic.json (composite_controller_factory.py:121)
[robosuite WARNING] The config has defined for the controller "left", but the robot does not have this component. Skipping, but make sure this is intended.Removing the controller config for left from self.part_controller_config. (robot.py:151)
[robosuite WARNING] The config has defined for the controller "torso", but the robot does not have this component. Skipping, but make sure this is intended.Removing the controller config for torso from self.part_controller_config. (robot.py:151)
[robosuite WARNING] The config has defined for the controller "head", but the robot does not have this component. Skipping, but make sure this is intended.Removing the controller config for head from self.part_controller_config. (robot.py:151)
[robosuite WARNING] The config has defined for the controller "base", but the robot does not have this component. Skipping, but make sure this is intended.Removing the controller config for base from self.part_controller_config. (robot.py:151)
[robosuite WARNING] The config has defined for the controller "legs", but the robot does not have this component. Skipping, but make sure this is intended.Removing the controller config for legs from self.part_controller_config. (robot.py:151)
[robosuite WARNING] The config has defined for the controller "left", but the robot does not have this component. Skipping, but make sure this is intended.Removing the controller config for left from self.part_controller_config. (robot.py:151)
[robosuite WARNING] The config has defined for the controller "torso", but the robot does not have this component. Skipping, but make sure this is intended.Removing the controller config for torso from self.part_controller_config. (robot.py:151)
[robosuite WARNING] The config has defined for the controller "head", but the robot does not have this component. Skipping, but make sure this is intended.Removing the controller config for head from self.part_controller_config. (robot.py:151)
[robosuite WARNING] The config has defined for the controller "base", but the robot does not have this component. Skipping, but make sure this is intended.Removing the controller config for base from self.part_controller_config. (robot.py:151)
[robosuite WARNING] The config has defined for the controller "legs", but the robot does not have this component. Skipping, but make sure this is intended.Removing the controller config for legs from self.part_controller_config. (robot.py:151)
[robosuite INFO] Loading controller configuration from: /home/lph/.conda/envs/lph/lib/python3.10/site-packages/robosuite/controllers/config/default/composite/basic.json (composite_controller_factory.py:121)
[robosuite WARNING] The config has defined for the controller "left", but the robot does not have this component. Skipping, but make sure this is intended.Removing the controller config for left from self.part_controller_config. (robot.py:151)
[robosuite WARNING] The config has defined for the controller "torso", but the robot does not have this component. Skipping, but make sure this is intended.Removing the controller config for torso from self.part_controller_config. (robot.py:151)
[robosuite WARNING] The config has defined for the controller "head", but the robot does not have this component. Skipping, but make sure this is intended.Removing the controller config for head from self.part_controller_config. (robot.py:151)
[robosuite WARNING] The config has defined for the controller "base", but the robot does not have this component. Skipping, but make sure this is intended.Removing the controller config for base from self.part_controller_config. (robot.py:151)
[robosuite WARNING] The config has defined for the controller "legs", but the robot does not have this component. Skipping, but make sure this is intended.Removing the controller config for legs from self.part_controller_config. (robot.py:151)
[robosuite WARNING] The config has defined for the controller "left", but the robot does not have this component. Skipping, but make sure this is intended.Removing the controller config for left from self.part_controller_config. (robot.py:151)
[robosuite WARNING] The config has defined for the controller "torso", but the robot does not have this component. Skipping, but make sure this is intended.Removing the controller config for torso from self.part_controller_config. (robot.py:151)
[robosuite WARNING] The config has defined for the controller "head", but the robot does not have this component. Skipping, but make sure this is intended.Removing the controller config for head from self.part_controller_config. (robot.py:151)
[robosuite WARNING] The config has defined for the controller "base", but the robot does not have this component. Skipping, but make sure this is intended.Removing the controller config for base from self.part_controller_config. (robot.py:151)
[robosuite WARNING] The config has defined for the controller "legs", but the robot does not have this component. Skipping, but make sure this is intended.Removing the controller config for legs from self.part_controller_config. (robot.py:151)
[robosuite INFO] Loading controller configuration from: /home/lph/.conda/envs/lph/lib/python3.10/site-packages/robosuite/controllers/config/default/composite/basic.json (composite_controller_factory.py:121)
[robosuite WARNING] The config has defined for the controller "left", but the robot does not have this component. Skipping, but make sure this is intended.Removing the controller config for left from self.part_controller_config. (robot.py:151)
[robosuite WARNING] The config has defined for the controller "torso", but the robot does not have this component. Skipping, but make sure this is intended.Removing the controller config for torso from self.part_controller_config. (robot.py:151)
[robosuite WARNING] The config has defined for the controller "head", but the robot does not have this component. Skipping, but make sure this is intended.Removing the controller config for head from self.part_controller_config. (robot.py:151)
[robosuite WARNING] The config has defined for the controller "base", but the robot does not have this component. Skipping, but make sure this is intended.Removing the controller config for base from self.part_controller_config. (robot.py:151)
[robosuite WARNING] The config has defined for the controller "legs", but the robot does not have this component. Skipping, but make sure this is intended.Removing the controller config for legs from self.part_controller_config. (robot.py:151)
[robosuite WARNING] The config has defined for the controller "left", but the robot does not have this component. Skipping, but make sure this is intended.Removing the controller config for left from self.part_controller_config. (robot.py:151)
[robosuite WARNING] The config has defined for the controller "torso", but the robot does not have this component. Skipping, but make sure this is intended.Removing the controller config for torso from self.part_controller_config. (robot.py:151)
[robosuite WARNING] The config has defined for the controller "head", but the robot does not have this component. Skipping, but make sure this is intended.Removing the controller config for head from self.part_controller_config. (robot.py:151)
[robosuite WARNING] The config has defined for the controller "base", but the robot does not have this component. Skipping, but make sure this is intended.Removing the controller config for base from self.part_controller_config. (robot.py:151)
[robosuite WARNING] The config has defined for the controller "legs", but the robot does not have this component. Skipping, but make sure this is intended.Removing the controller config for legs from self.part_controller_config. (robot.py:151)
[robosuite INFO] Loading controller configuration from: /home/lph/.conda/envs/lph/lib/python3.10/site-packages/robosuite/controllers/config/default/composite/basic.json (composite_controller_factory.py:121)
[robosuite WARNING] The config has defined for the controller "left", but the robot does not have this component. Skipping, but make sure this is intended.Removing the controller config for left from self.part_controller_config. (robot.py:151)
[robosuite WARNING] The config has defined for the controller "torso", but the robot does not have this component. Skipping, but make sure this is intended.Removing the controller config for torso from self.part_controller_config. (robot.py:151)
[robosuite WARNING] The config has defined for the controller "head", but the robot does not have this component. Skipping, but make sure this is intended.Removing the controller config for head from self.part_controller_config. (robot.py:151)
[robosuite WARNING] The config has defined for the controller "base", but the robot does not have this component. Skipping, but make sure this is intended.Removing the controller config for base from self.part_controller_config. (robot.py:151)
[robosuite WARNING] The config has defined for the controller "legs", but the robot does not have this component. Skipping, but make sure this is intended.Removing the controller config for legs from self.part_controller_config. (robot.py:151)
[robosuite WARNING] The config has defined for the controller "left", but the robot does not have this component. Skipping, but make sure this is intended.Removing the controller config for left from self.part_controller_config. (robot.py:151)
[robosuite WARNING] The config has defined for the controller "torso", but the robot does not have this component. Skipping, but make sure this is intended.Removing the controller config for torso from self.part_controller_config. (robot.py:151)
[robosuite WARNING] The config has defined for the controller "head", but the robot does not have this component. Skipping, but make sure this is intended.Removing the controller config for head from self.part_controller_config. (robot.py:151)
[robosuite WARNING] The config has defined for the controller "base", but the robot does not have this component. Skipping, but make sure this is intended.Removing the controller config for base from self.part_controller_config. (robot.py:151)
[robosuite WARNING] The config has defined for the controller "legs", but the robot does not have this component. Skipping, but make sure this is intended.Removing the controller config for legs from self.part_controller_config. (robot.py:151)
[robosuite INFO] Loading controller configuration from: /home/lph/.conda/envs/lph/lib/python3.10/site-packages/robosuite/controllers/config/default/composite/basic.json (composite_controller_factory.py:121)
[robosuite WARNING] The config has defined for the controller "left", but the robot does not have this component. Skipping, but make sure this is intended.Removing the controller config for left from self.part_controller_config. (robot.py:151)
[robosuite WARNING] The config has defined for the controller "torso", but the robot does not have this component. Skipping, but make sure this is intended.Removing the controller config for torso from self.part_controller_config. (robot.py:151)
[robosuite WARNING] The config has defined for the controller "head", but the robot does not have this component. Skipping, but make sure this is intended.Removing the controller config for head from self.part_controller_config. (robot.py:151)
[robosuite WARNING] The config has defined for the controller "base", but the robot does not have this component. Skipping, but make sure this is intended.Removing the controller config for base from self.part_controller_config. (robot.py:151)
[robosuite WARNING] The config has defined for the controller "legs", but the robot does not have this component. Skipping, but make sure this is intended.Removing the controller config for legs from self.part_controller_config. (robot.py:151)
[robosuite WARNING] The config has defined for the controller "left", but the robot does not have this component. Skipping, but make sure this is intended.Removing the controller config for left from self.part_controller_config. (robot.py:151)
[robosuite WARNING] The config has defined for the controller "torso", but the robot does not have this component. Skipping, but make sure this is intended.Removing the controller config for torso from self.part_controller_config. (robot.py:151)
[robosuite WARNING] The config has defined for the controller "head", but the robot does not have this component. Skipping, but make sure this is intended.Removing the controller config for head from self.part_controller_config. (robot.py:151)
[robosuite WARNING] The config has defined for the controller "base", but the robot does not have this component. Skipping, but make sure this is intended.Removing the controller config for base from self.part_controller_config. (robot.py:151)
[robosuite WARNING] The config has defined for the controller "legs", but the robot does not have this component. Skipping, but make sure this is intended.Removing the controller config for legs from self.part_controller_config. (robot.py:151)
[robosuite INFO] Loading controller configuration from: /home/lph/.conda/envs/lph/lib/python3.10/site-packages/robosuite/controllers/config/default/composite/basic.json (composite_controller_factory.py:121)
[robosuite WARNING] The config has defined for the controller "left", but the robot does not have this component. Skipping, but make sure this is intended.Removing the controller config for left from self.part_controller_config. (robot.py:151)
[robosuite WARNING] The config has defined for the controller "torso", but the robot does not have this component. Skipping, but make sure this is intended.Removing the controller config for torso from self.part_controller_config. (robot.py:151)
[robosuite WARNING] The config has defined for the controller "head", but the robot does not have this component. Skipping, but make sure this is intended.Removing the controller config for head from self.part_controller_config. (robot.py:151)
[robosuite WARNING] The config has defined for the controller "base", but the robot does not have this component. Skipping, but make sure this is intended.Removing the controller config for base from self.part_controller_config. (robot.py:151)
[robosuite WARNING] The config has defined for the controller "legs", but the robot does not have this component. Skipping, but make sure this is intended.Removing the controller config for legs from self.part_controller_config. (robot.py:151)
[robosuite WARNING] The config has defined for the controller "left", but the robot does not have this component. Skipping, but make sure this is intended.Removing the controller config for left from self.part_controller_config. (robot.py:151)
[robosuite WARNING] The config has defined for the controller "torso", but the robot does not have this component. Skipping, but make sure this is intended.Removing the controller config for torso from self.part_controller_config. (robot.py:151)
[robosuite WARNING] The config has defined for the controller "head", but the robot does not have this component. Skipping, but make sure this is intended.Removing the controller config for head from self.part_controller_config. (robot.py:151)
[robosuite WARNING] The config has defined for the controller "base", but the robot does not have this component. Skipping, but make sure this is intended.Removing the controller config for base from self.part_controller_config. (robot.py:151)
[robosuite WARNING] The config has defined for the controller "legs", but the robot does not have this component. Skipping, but make sure this is intended.Removing the controller config for legs from self.part_controller_config. (robot.py:151)
[robosuite INFO] Loading controller configuration from: /home/lph/.conda/envs/lph/lib/python3.10/site-packages/robosuite/controllers/config/default/composite/basic.json (composite_controller_factory.py:121)
[robosuite WARNING] The config has defined for the controller "left", but the robot does not have this component. Skipping, but make sure this is intended.Removing the controller config for left from self.part_controller_config. (robot.py:151)
[robosuite WARNING] The config has defined for the controller "torso", but the robot does not have this component. Skipping, but make sure this is intended.Removing the controller config for torso from self.part_controller_config. (robot.py:151)
[robosuite WARNING] The config has defined for the controller "head", but the robot does not have this component. Skipping, but make sure this is intended.Removing the controller config for head from self.part_controller_config. (robot.py:151)
[robosuite WARNING] The config has defined for the controller "base", but the robot does not have this component. Skipping, but make sure this is intended.Removing the controller config for base from self.part_controller_config. (robot.py:151)
[robosuite WARNING] The config has defined for the controller "legs", but the robot does not have this component. Skipping, but make sure this is intended.Removing the controller config for legs from self.part_controller_config. (robot.py:151)
[robosuite WARNING] The config has defined for the controller "left", but the robot does not have this component. Skipping, but make sure this is intended.Removing the controller config for left from self.part_controller_config. (robot.py:151)
[robosuite WARNING] The config has defined for the controller "torso", but the robot does not have this component. Skipping, but make sure this is intended.Removing the controller config for torso from self.part_controller_config. (robot.py:151)
[robosuite WARNING] The config has defined for the controller "head", but the robot does not have this component. Skipping, but make sure this is intended.Removing the controller config for head from self.part_controller_config. (robot.py:151)
[robosuite WARNING] The config has defined for the controller "base", but the robot does not have this component. Skipping, but make sure this is intended.Removing the controller config for base from self.part_controller_config. (robot.py:151)
[robosuite WARNING] The config has defined for the controller "legs", but the robot does not have this component. Skipping, but make sure this is intended.Removing the controller config for legs from self.part_controller_config. (robot.py:151)
[robosuite INFO] Loading controller configuration from: /home/lph/.conda/envs/lph/lib/python3.10/site-packages/robosuite/controllers/config/default/composite/basic.json (composite_controller_factory.py:121)
[robosuite WARNING] The config has defined for the controller "left", but the robot does not have this component. Skipping, but make sure this is intended.Removing the controller config for left from self.part_controller_config. (robot.py:151)
[robosuite WARNING] The config has defined for the controller "torso", but the robot does not have this component. Skipping, but make sure this is intended.Removing the controller config for torso from self.part_controller_config. (robot.py:151)
[robosuite WARNING] The config has defined for the controller "head", but the robot does not have this component. Skipping, but make sure this is intended.Removing the controller config for head from self.part_controller_config. (robot.py:151)
[robosuite WARNING] The config has defined for the controller "base", but the robot does not have this component. Skipping, but make sure this is intended.Removing the controller config for base from self.part_controller_config. (robot.py:151)
[robosuite WARNING] The config has defined for the controller "legs", but the robot does not have this component. Skipping, but make sure this is intended.Removing the controller config for legs from self.part_controller_config. (robot.py:151)
[robosuite WARNING] The config has defined for the controller "left", but the robot does not have this component. Skipping, but make sure this is intended.Removing the controller config for left from self.part_controller_config. (robot.py:151)
[robosuite WARNING] The config has defined for the controller "torso", but the robot does not have this component. Skipping, but make sure this is intended.Removing the controller config for torso from self.part_controller_config. (robot.py:151)
[robosuite WARNING] The config has defined for the controller "head", but the robot does not have this component. Skipping, but make sure this is intended.Removing the controller config for head from self.part_controller_config. (robot.py:151)
[robosuite WARNING] The config has defined for the controller "base", but the robot does not have this component. Skipping, but make sure this is intended.Removing the controller config for base from self.part_controller_config. (robot.py:151)
[robosuite WARNING] The config has defined for the controller "legs", but the robot does not have this component. Skipping, but make sure this is intended.Removing the controller config for legs from self.part_controller_config. (robot.py:151)
[robosuite INFO] Loading controller configuration from: /home/lph/.conda/envs/lph/lib/python3.10/site-packages/robosuite/controllers/config/default/composite/basic.json (composite_controller_factory.py:121)
[robosuite WARNING] The config has defined for the controller "left", but the robot does not have this component. Skipping, but make sure this is intended.Removing the controller config for left from self.part_controller_config. (robot.py:151)
[robosuite WARNING] The config has defined for the controller "torso", but the robot does not have this component. Skipping, but make sure this is intended.Removing the controller config for torso from self.part_controller_config. (robot.py:151)
[robosuite WARNING] The config has defined for the controller "head", but the robot does not have this component. Skipping, but make sure this is intended.Removing the controller config for head from self.part_controller_config. (robot.py:151)
[robosuite WARNING] The config has defined for the controller "base", but the robot does not have this component. Skipping, but make sure this is intended.Removing the controller config for base from self.part_controller_config. (robot.py:151)
[robosuite WARNING] The config has defined for the controller "legs", but the robot does not have this component. Skipping, but make sure this is intended.Removing the controller config for legs from self.part_controller_config. (robot.py:151)
[robosuite WARNING] The config has defined for the controller "left", but the robot does not have this component. Skipping, but make sure this is intended.Removing the controller config for left from self.part_controller_config. (robot.py:151)
[robosuite WARNING] The config has defined for the controller "torso", but the robot does not have this component. Skipping, but make sure this is intended.Removing the controller config for torso from self.part_controller_config. (robot.py:151)
[robosuite WARNING] The config has defined for the controller "head", but the robot does not have this component. Skipping, but make sure this is intended.Removing the controller config for head from self.part_controller_config. (robot.py:151)
[robosuite WARNING] The config has defined for the controller "base", but the robot does not have this component. Skipping, but make sure this is intended.Removing the controller config for base from self.part_controller_config. (robot.py:151)
[robosuite WARNING] The config has defined for the controller "legs", but the robot does not have this component. Skipping, but make sure this is intended.Removing the controller config for legs from self.part_controller_config. (robot.py:151)
[robosuite INFO] Loading controller configuration from: /home/lph/.conda/envs/lph/lib/python3.10/site-packages/robosuite/controllers/config/default/composite/basic.json (composite_controller_factory.py:121)
[robosuite WARNING] The config has defined for the controller "left", but the robot does not have this component. Skipping, but make sure this is intended.Removing the controller config for left from self.part_controller_config. (robot.py:151)
[robosuite WARNING] The config has defined for the controller "torso", but the robot does not have this component. Skipping, but make sure this is intended.Removing the controller config for torso from self.part_controller_config. (robot.py:151)
[robosuite WARNING] The config has defined for the controller "head", but the robot does not have this component. Skipping, but make sure this is intended.Removing the controller config for head from self.part_controller_config. (robot.py:151)
[robosuite WARNING] The config has defined for the controller "base", but the robot does not have this component. Skipping, but make sure this is intended.Removing the controller config for base from self.part_controller_config. (robot.py:151)
[robosuite WARNING] The config has defined for the controller "legs", but the robot does not have this component. Skipping, but make sure this is intended.Removing the controller config for legs from self.part_controller_config. (robot.py:151)
[robosuite WARNING] The config has defined for the controller "left", but the robot does not have this component. Skipping, but make sure this is intended.Removing the controller config for left from self.part_controller_config. (robot.py:151)
[robosuite WARNING] The config has defined for the controller "torso", but the robot does not have this component. Skipping, but make sure this is intended.Removing the controller config for torso from self.part_controller_config. (robot.py:151)
[robosuite WARNING] The config has defined for the controller "head", but the robot does not have this component. Skipping, but make sure this is intended.Removing the controller config for head from self.part_controller_config. (robot.py:151)
[robosuite WARNING] The config has defined for the controller "base", but the robot does not have this component. Skipping, but make sure this is intended.Removing the controller config for base from self.part_controller_config. (robot.py:151)
[robosuite WARNING] The config has defined for the controller "legs", but the robot does not have this component. Skipping, but make sure this is intended.Removing the controller config for legs from self.part_controller_config. (robot.py:151)
[robosuite INFO] Loading controller configuration from: /home/lph/.conda/envs/lph/lib/python3.10/site-packages/robosuite/controllers/config/default/composite/basic.json (composite_controller_factory.py:121)
[robosuite WARNING] The config has defined for the controller "left", but the robot does not have this component. Skipping, but make sure this is intended.Removing the controller config for left from self.part_controller_config. (robot.py:151)
[robosuite WARNING] The config has defined for the controller "torso", but the robot does not have this component. Skipping, but make sure this is intended.Removing the controller config for torso from self.part_controller_config. (robot.py:151)
[robosuite WARNING] The config has defined for the controller "head", but the robot does not have this component. Skipping, but make sure this is intended.Removing the controller config for head from self.part_controller_config. (robot.py:151)
[robosuite WARNING] The config has defined for the controller "base", but the robot does not have this component. Skipping, but make sure this is intended.Removing the controller config for base from self.part_controller_config. (robot.py:151)
[robosuite WARNING] The config has defined for the controller "legs", but the robot does not have this component. Skipping, but make sure this is intended.Removing the controller config for legs from self.part_controller_config. (robot.py:151)
[robosuite WARNING] The config has defined for the controller "left", but the robot does not have this component. Skipping, but make sure this is intended.Removing the controller config for left from self.part_controller_config. (robot.py:151)
[robosuite WARNING] The config has defined for the controller "torso", but the robot does not have this component. Skipping, but make sure this is intended.Removing the controller config for torso from self.part_controller_config. (robot.py:151)
[robosuite WARNING] The config has defined for the controller "head", but the robot does not have this component. Skipping, but make sure this is intended.Removing the controller config for head from self.part_controller_config. (robot.py:151)
[robosuite WARNING] The config has defined for the controller "base", but the robot does not have this component. Skipping, but make sure this is intended.Removing the controller config for base from self.part_controller_config. (robot.py:151)
[robosuite WARNING] The config has defined for the controller "legs", but the robot does not have this component. Skipping, but make sure this is intended.Removing the controller config for legs from self.part_controller_config. (robot.py:151)
[robosuite INFO] Loading controller configuration from: /home/lph/.conda/envs/lph/lib/python3.10/site-packages/robosuite/controllers/config/default/composite/basic.json (composite_controller_factory.py:121)
[robosuite WARNING] The config has defined for the controller "left", but the robot does not have this component. Skipping, but make sure this is intended.Removing the controller config for left from self.part_controller_config. (robot.py:151)
[robosuite WARNING] The config has defined for the controller "torso", but the robot does not have this component. Skipping, but make sure this is intended.Removing the controller config for torso from self.part_controller_config. (robot.py:151)
[robosuite WARNING] The config has defined for the controller "head", but the robot does not have this component. Skipping, but make sure this is intended.Removing the controller config for head from self.part_controller_config. (robot.py:151)
[robosuite WARNING] The config has defined for the controller "base", but the robot does not have this component. Skipping, but make sure this is intended.Removing the controller config for base from self.part_controller_config. (robot.py:151)
[robosuite WARNING] The config has defined for the controller "legs", but the robot does not have this component. Skipping, but make sure this is intended.Removing the controller config for legs from self.part_controller_config. (robot.py:151)
[robosuite WARNING] The config has defined for the controller "left", but the robot does not have this component. Skipping, but make sure this is intended.Removing the controller config for left from self.part_controller_config. (robot.py:151)
[robosuite WARNING] The config has defined for the controller "torso", but the robot does not have this component. Skipping, but make sure this is intended.Removing the controller config for torso from self.part_controller_config. (robot.py:151)
[robosuite WARNING] The config has defined for the controller "head", but the robot does not have this component. Skipping, but make sure this is intended.Removing the controller config for head from self.part_controller_config. (robot.py:151)
[robosuite WARNING] The config has defined for the controller "base", but the robot does not have this component. Skipping, but make sure this is intended.Removing the controller config for base from self.part_controller_config. (robot.py:151)
[robosuite WARNING] The config has defined for the controller "legs", but the robot does not have this component. Skipping, but make sure this is intended.Removing the controller config for legs from self.part_controller_config. (robot.py:151)
[robosuite INFO] Loading controller configuration from: /home/lph/.conda/envs/lph/lib/python3.10/site-packages/robosuite/controllers/config/default/composite/basic.json (composite_controller_factory.py:121)
[robosuite WARNING] The config has defined for the controller "left", but the robot does not have this component. Skipping, but make sure this is intended.Removing the controller config for left from self.part_controller_config. (robot.py:151)
[robosuite WARNING] The config has defined for the controller "torso", but the robot does not have this component. Skipping, but make sure this is intended.Removing the controller config for torso from self.part_controller_config. (robot.py:151)
[robosuite WARNING] The config has defined for the controller "head", but the robot does not have this component. Skipping, but make sure this is intended.Removing the controller config for head from self.part_controller_config. (robot.py:151)
[robosuite WARNING] The config has defined for the controller "base", but the robot does not have this component. Skipping, but make sure this is intended.Removing the controller config for base from self.part_controller_config. (robot.py:151)
[robosuite WARNING] The config has defined for the controller "legs", but the robot does not have this component. Skipping, but make sure this is intended.Removing the controller config for legs from self.part_controller_config. (robot.py:151)
[robosuite WARNING] The config has defined for the controller "left", but the robot does not have this component. Skipping, but make sure this is intended.Removing the controller config for left from self.part_controller_config. (robot.py:151)
[robosuite WARNING] The config has defined for the controller "torso", but the robot does not have this component. Skipping, but make sure this is intended.Removing the controller config for torso from self.part_controller_config. (robot.py:151)
[robosuite WARNING] The config has defined for the controller "head", but the robot does not have this component. Skipping, but make sure this is intended.Removing the controller config for head from self.part_controller_config. (robot.py:151)
[robosuite WARNING] The config has defined for the controller "base", but the robot does not have this component. Skipping, but make sure this is intended.Removing the controller config for base from self.part_controller_config. (robot.py:151)
[robosuite WARNING] The config has defined for the controller "legs", but the robot does not have this component. Skipping, but make sure this is intended.Removing the controller config for legs from self.part_controller_config. (robot.py:151)
[robosuite INFO] Loading controller configuration from: /home/lph/.conda/envs/lph/lib/python3.10/site-packages/robosuite/controllers/config/default/composite/basic.json (composite_controller_factory.py:121)
[robosuite WARNING] The config has defined for the controller "left", but the robot does not have this component. Skipping, but make sure this is intended.Removing the controller config for left from self.part_controller_config. (robot.py:151)
[robosuite WARNING] The config has defined for the controller "torso", but the robot does not have this component. Skipping, but make sure this is intended.Removing the controller config for torso from self.part_controller_config. (robot.py:151)
[robosuite WARNING] The config has defined for the controller "head", but the robot does not have this component. Skipping, but make sure this is intended.Removing the controller config for head from self.part_controller_config. (robot.py:151)
[robosuite WARNING] The config has defined for the controller "base", but the robot does not have this component. Skipping, but make sure this is intended.Removing the controller config for base from self.part_controller_config. (robot.py:151)
[robosuite WARNING] The config has defined for the controller "legs", but the robot does not have this component. Skipping, but make sure this is intended.Removing the controller config for legs from self.part_controller_config. (robot.py:151)
[robosuite WARNING] The config has defined for the controller "left", but the robot does not have this component. Skipping, but make sure this is intended.Removing the controller config for left from self.part_controller_config. (robot.py:151)
[robosuite WARNING] The config has defined for the controller "torso", but the robot does not have this component. Skipping, but make sure this is intended.Removing the controller config for torso from self.part_controller_config. (robot.py:151)
[robosuite WARNING] The config has defined for the controller "head", but the robot does not have this component. Skipping, but make sure this is intended.Removing the controller config for head from self.part_controller_config. (robot.py:151)
[robosuite WARNING] The config has defined for the controller "base", but the robot does not have this component. Skipping, but make sure this is intended.Removing the controller config for base from self.part_controller_config. (robot.py:151)
[robosuite WARNING] The config has defined for the controller "legs", but the robot does not have this component. Skipping, but make sure this is intended.Removing the controller config for legs from self.part_controller_config. (robot.py:151)
[robosuite INFO] Loading controller configuration from: /home/lph/.conda/envs/lph/lib/python3.10/site-packages/robosuite/controllers/config/default/composite/basic.json (composite_controller_factory.py:121)
[robosuite WARNING] The config has defined for the controller "left", but the robot does not have this component. Skipping, but make sure this is intended.Removing the controller config for left from self.part_controller_config. (robot.py:151)
[robosuite WARNING] The config has defined for the controller "torso", but the robot does not have this component. Skipping, but make sure this is intended.Removing the controller config for torso from self.part_controller_config. (robot.py:151)
[robosuite WARNING] The config has defined for the controller "head", but the robot does not have this component. Skipping, but make sure this is intended.Removing the controller config for head from self.part_controller_config. (robot.py:151)
[robosuite WARNING] The config has defined for the controller "base", but the robot does not have this component. Skipping, but make sure this is intended.Removing the controller config for base from self.part_controller_config. (robot.py:151)
[robosuite WARNING] The config has defined for the controller "legs", but the robot does not have this component. Skipping, but make sure this is intended.Removing the controller config for legs from self.part_controller_config. (robot.py:151)
[robosuite WARNING] The config has defined for the controller "left", but the robot does not have this component. Skipping, but make sure this is intended.Removing the controller config for left from self.part_controller_config. (robot.py:151)
[robosuite WARNING] The config has defined for the controller "torso", but the robot does not have this component. Skipping, but make sure this is intended.Removing the controller config for torso from self.part_controller_config. (robot.py:151)
[robosuite WARNING] The config has defined for the controller "head", but the robot does not have this component. Skipping, but make sure this is intended.Removing the controller config for head from self.part_controller_config. (robot.py:151)
[robosuite WARNING] The config has defined for the controller "base", but the robot does not have this component. Skipping, but make sure this is intended.Removing the controller config for base from self.part_controller_config. (robot.py:151)
[robosuite WARNING] The config has defined for the controller "legs", but the robot does not have this component. Skipping, but make sure this is intended.Removing the controller config for legs from self.part_controller_config. (robot.py:151)
[robosuite INFO] Loading controller configuration from: /home/lph/.conda/envs/lph/lib/python3.10/site-packages/robosuite/controllers/config/default/composite/basic.json (composite_controller_factory.py:121)
[robosuite WARNING] The config has defined for the controller "left", but the robot does not have this component. Skipping, but make sure this is intended.Removing the controller config for left from self.part_controller_config. (robot.py:151)
[robosuite WARNING] The config has defined for the controller "torso", but the robot does not have this component. Skipping, but make sure this is intended.Removing the controller config for torso from self.part_controller_config. (robot.py:151)
[robosuite WARNING] The config has defined for the controller "head", but the robot does not have this component. Skipping, but make sure this is intended.Removing the controller config for head from self.part_controller_config. (robot.py:151)
[robosuite WARNING] The config has defined for the controller "base", but the robot does not have this component. Skipping, but make sure this is intended.Removing the controller config for base from self.part_controller_config. (robot.py:151)
[robosuite WARNING] The config has defined for the controller "legs", but the robot does not have this component. Skipping, but make sure this is intended.Removing the controller config for legs from self.part_controller_config. (robot.py:151)
[robosuite WARNING] The config has defined for the controller "left", but the robot does not have this component. Skipping, but make sure this is intended.Removing the controller config for left from self.part_controller_config. (robot.py:151)
[robosuite WARNING] The config has defined for the controller "torso", but the robot does not have this component. Skipping, but make sure this is intended.Removing the controller config for torso from self.part_controller_config. (robot.py:151)
[robosuite WARNING] The config has defined for the controller "head", but the robot does not have this component. Skipping, but make sure this is intended.Removing the controller config for head from self.part_controller_config. (robot.py:151)
[robosuite WARNING] The config has defined for the controller "base", but the robot does not have this component. Skipping, but make sure this is intended.Removing the controller config for base from self.part_controller_config. (robot.py:151)
[robosuite WARNING] The config has defined for the controller "legs", but the robot does not have this component. Skipping, but make sure this is intended.Removing the controller config for legs from self.part_controller_config. (robot.py:151)
[robosuite INFO] Loading controller configuration from: /home/lph/.conda/envs/lph/lib/python3.10/site-packages/robosuite/controllers/config/default/composite/basic.json (composite_controller_factory.py:121)
[robosuite WARNING] The config has defined for the controller "left", but the robot does not have this component. Skipping, but make sure this is intended.Removing the controller config for left from self.part_controller_config. (robot.py:151)
[robosuite WARNING] The config has defined for the controller "torso", but the robot does not have this component. Skipping, but make sure this is intended.Removing the controller config for torso from self.part_controller_config. (robot.py:151)
[robosuite WARNING] The config has defined for the controller "head", but the robot does not have this component. Skipping, but make sure this is intended.Removing the controller config for head from self.part_controller_config. (robot.py:151)
[robosuite WARNING] The config has defined for the controller "base", but the robot does not have this component. Skipping, but make sure this is intended.Removing the controller config for base from self.part_controller_config. (robot.py:151)
[robosuite WARNING] The config has defined for the controller "legs", but the robot does not have this component. Skipping, but make sure this is intended.Removing the controller config for legs from self.part_controller_config. (robot.py:151)
[robosuite WARNING] The config has defined for the controller "left", but the robot does not have this component. Skipping, but make sure this is intended.Removing the controller config for left from self.part_controller_config. (robot.py:151)
[robosuite WARNING] The config has defined for the controller "torso", but the robot does not have this component. Skipping, but make sure this is intended.Removing the controller config for torso from self.part_controller_config. (robot.py:151)
[robosuite WARNING] The config has defined for the controller "head", but the robot does not have this component. Skipping, but make sure this is intended.Removing the controller config for head from self.part_controller_config. (robot.py:151)
[robosuite WARNING] The config has defined for the controller "base", but the robot does not have this component. Skipping, but make sure this is intended.Removing the controller config for base from self.part_controller_config. (robot.py:151)
[robosuite WARNING] The config has defined for the controller "legs", but the robot does not have this component. Skipping, but make sure this is intended.Removing the controller config for legs from self.part_controller_config. (robot.py:151)
[robosuite INFO] Loading controller configuration from: /home/lph/.conda/envs/lph/lib/python3.10/site-packages/robosuite/controllers/config/default/composite/basic.json (composite_controller_factory.py:121)
[robosuite WARNING] The config has defined for the controller "left", but the robot does not have this component. Skipping, but make sure this is intended.Removing the controller config for left from self.part_controller_config. (robot.py:151)
[robosuite WARNING] The config has defined for the controller "torso", but the robot does not have this component. Skipping, but make sure this is intended.Removing the controller config for torso from self.part_controller_config. (robot.py:151)
[robosuite WARNING] The config has defined for the controller "head", but the robot does not have this component. Skipping, but make sure this is intended.Removing the controller config for head from self.part_controller_config. (robot.py:151)
[robosuite WARNING] The config has defined for the controller "base", but the robot does not have this component. Skipping, but make sure this is intended.Removing the controller config for base from self.part_controller_config. (robot.py:151)
[robosuite WARNING] The config has defined for the controller "legs", but the robot does not have this component. Skipping, but make sure this is intended.Removing the controller config for legs from self.part_controller_config. (robot.py:151)
[robosuite WARNING] The config has defined for the controller "left", but the robot does not have this component. Skipping, but make sure this is intended.Removing the controller config for left from self.part_controller_config. (robot.py:151)
[robosuite WARNING] The config has defined for the controller "torso", but the robot does not have this component. Skipping, but make sure this is intended.Removing the controller config for torso from self.part_controller_config. (robot.py:151)
[robosuite WARNING] The config has defined for the controller "head", but the robot does not have this component. Skipping, but make sure this is intended.Removing the controller config for head from self.part_controller_config. (robot.py:151)
[robosuite WARNING] The config has defined for the controller "base", but the robot does not have this component. Skipping, but make sure this is intended.Removing the controller config for base from self.part_controller_config. (robot.py:151)
[robosuite WARNING] The config has defined for the controller "legs", but the robot does not have this component. Skipping, but make sure this is intended.Removing the controller config for legs from self.part_controller_config. (robot.py:151)
[robosuite INFO] Loading controller configuration from: /home/lph/.conda/envs/lph/lib/python3.10/site-packages/robosuite/controllers/config/default/composite/basic.json (composite_controller_factory.py:121)
[robosuite WARNING] The config has defined for the controller "left", but the robot does not have this component. Skipping, but make sure this is intended.Removing the controller config for left from self.part_controller_config. (robot.py:151)
[robosuite WARNING] The config has defined for the controller "torso", but the robot does not have this component. Skipping, but make sure this is intended.Removing the controller config for torso from self.part_controller_config. (robot.py:151)
[robosuite WARNING] The config has defined for the controller "head", but the robot does not have this component. Skipping, but make sure this is intended.Removing the controller config for head from self.part_controller_config. (robot.py:151)
[robosuite WARNING] The config has defined for the controller "base", but the robot does not have this component. Skipping, but make sure this is intended.Removing the controller config for base from self.part_controller_config. (robot.py:151)
[robosuite WARNING] The config has defined for the controller "legs", but the robot does not have this component. Skipping, but make sure this is intended.Removing the controller config for legs from self.part_controller_config. (robot.py:151)
[robosuite WARNING] The config has defined for the controller "left", but the robot does not have this component. Skipping, but make sure this is intended.Removing the controller config for left from self.part_controller_config. (robot.py:151)
[robosuite WARNING] The config has defined for the controller "torso", but the robot does not have this component. Skipping, but make sure this is intended.Removing the controller config for torso from self.part_controller_config. (robot.py:151)
[robosuite WARNING] The config has defined for the controller "head", but the robot does not have this component. Skipping, but make sure this is intended.Removing the controller config for head from self.part_controller_config. (robot.py:151)
[robosuite WARNING] The config has defined for the controller "base", but the robot does not have this component. Skipping, but make sure this is intended.Removing the controller config for base from self.part_controller_config. (robot.py:151)
[robosuite WARNING] The config has defined for the controller "legs", but the robot does not have this component. Skipping, but make sure this is intended.Removing the controller config for legs from self.part_controller_config. (robot.py:151)
[robosuite INFO] Loading controller configuration from: /home/lph/.conda/envs/lph/lib/python3.10/site-packages/robosuite/controllers/config/default/composite/basic.json (composite_controller_factory.py:121)
[robosuite WARNING] The config has defined for the controller "left", but the robot does not have this component. Skipping, but make sure this is intended.Removing the controller config for left from self.part_controller_config. (robot.py:151)
[robosuite WARNING] The config has defined for the controller "torso", but the robot does not have this component. Skipping, but make sure this is intended.Removing the controller config for torso from self.part_controller_config. (robot.py:151)
[robosuite WARNING] The config has defined for the controller "head", but the robot does not have this component. Skipping, but make sure this is intended.Removing the controller config for head from self.part_controller_config. (robot.py:151)
[robosuite WARNING] The config has defined for the controller "base", but the robot does not have this component. Skipping, but make sure this is intended.Removing the controller config for base from self.part_controller_config. (robot.py:151)
[robosuite WARNING] The config has defined for the controller "legs", but the robot does not have this component. Skipping, but make sure this is intended.Removing the controller config for legs from self.part_controller_config. (robot.py:151)
[robosuite WARNING] The config has defined for the controller "left", but the robot does not have this component. Skipping, but make sure this is intended.Removing the controller config for left from self.part_controller_config. (robot.py:151)
[robosuite WARNING] The config has defined for the controller "torso", but the robot does not have this component. Skipping, but make sure this is intended.Removing the controller config for torso from self.part_controller_config. (robot.py:151)
[robosuite WARNING] The config has defined for the controller "head", but the robot does not have this component. Skipping, but make sure this is intended.Removing the controller config for head from self.part_controller_config. (robot.py:151)
[robosuite WARNING] The config has defined for the controller "base", but the robot does not have this component. Skipping, but make sure this is intended.Removing the controller config for base from self.part_controller_config. (robot.py:151)
[robosuite WARNING] The config has defined for the controller "legs", but the robot does not have this component. Skipping, but make sure this is intended.Removing the controller config for legs from self.part_controller_config. (robot.py:151)
[robosuite INFO] Loading controller configuration from: /home/lph/.conda/envs/lph/lib/python3.10/site-packages/robosuite/controllers/config/default/composite/basic.json (composite_controller_factory.py:121)
[robosuite WARNING] The config has defined for the controller "left", but the robot does not have this component. Skipping, but make sure this is intended.Removing the controller config for left from self.part_controller_config. (robot.py:151)
[robosuite WARNING] The config has defined for the controller "torso", but the robot does not have this component. Skipping, but make sure this is intended.Removing the controller config for torso from self.part_controller_config. (robot.py:151)
[robosuite WARNING] The config has defined for the controller "head", but the robot does not have this component. Skipping, but make sure this is intended.Removing the controller config for head from self.part_controller_config. (robot.py:151)
[robosuite WARNING] The config has defined for the controller "base", but the robot does not have this component. Skipping, but make sure this is intended.Removing the controller config for base from self.part_controller_config. (robot.py:151)
[robosuite WARNING] The config has defined for the controller "legs", but the robot does not have this component. Skipping, but make sure this is intended.Removing the controller config for legs from self.part_controller_config. (robot.py:151)
[robosuite WARNING] The config has defined for the controller "left", but the robot does not have this component. Skipping, but make sure this is intended.Removing the controller config for left from self.part_controller_config. (robot.py:151)
[robosuite WARNING] The config has defined for the controller "torso", but the robot does not have this component. Skipping, but make sure this is intended.Removing the controller config for torso from self.part_controller_config. (robot.py:151)
[robosuite WARNING] The config has defined for the controller "head", but the robot does not have this component. Skipping, but make sure this is intended.Removing the controller config for head from self.part_controller_config. (robot.py:151)
[robosuite WARNING] The config has defined for the controller "base", but the robot does not have this component. Skipping, but make sure this is intended.Removing the controller config for base from self.part_controller_config. (robot.py:151)
[robosuite WARNING] The config has defined for the controller "legs", but the robot does not have this component. Skipping, but make sure this is intended.Removing the controller config for legs from self.part_controller_config. (robot.py:151)
[robosuite INFO] Loading controller configuration from: /home/lph/.conda/envs/lph/lib/python3.10/site-packages/robosuite/controllers/config/default/composite/basic.json (composite_controller_factory.py:121)
[robosuite WARNING] The config has defined for the controller "left", but the robot does not have this component. Skipping, but make sure this is intended.Removing the controller config for left from self.part_controller_config. (robot.py:151)
[robosuite WARNING] The config has defined for the controller "torso", but the robot does not have this component. Skipping, but make sure this is intended.Removing the controller config for torso from self.part_controller_config. (robot.py:151)
[robosuite WARNING] The config has defined for the controller "head", but the robot does not have this component. Skipping, but make sure this is intended.Removing the controller config for head from self.part_controller_config. (robot.py:151)
[robosuite WARNING] The config has defined for the controller "base", but the robot does not have this component. Skipping, but make sure this is intended.Removing the controller config for base from self.part_controller_config. (robot.py:151)
[robosuite WARNING] The config has defined for the controller "legs", but the robot does not have this component. Skipping, but make sure this is intended.Removing the controller config for legs from self.part_controller_config. (robot.py:151)
[robosuite WARNING] The config has defined for the controller "left", but the robot does not have this component. Skipping, but make sure this is intended.Removing the controller config for left from self.part_controller_config. (robot.py:151)
[robosuite WARNING] The config has defined for the controller "torso", but the robot does not have this component. Skipping, but make sure this is intended.Removing the controller config for torso from self.part_controller_config. (robot.py:151)
[robosuite WARNING] The config has defined for the controller "head", but the robot does not have this component. Skipping, but make sure this is intended.Removing the controller config for head from self.part_controller_config. (robot.py:151)
[robosuite WARNING] The config has defined for the controller "base", but the robot does not have this component. Skipping, but make sure this is intended.Removing the controller config for base from self.part_controller_config. (robot.py:151)
[robosuite WARNING] The config has defined for the controller "legs", but the robot does not have this component. Skipping, but make sure this is intended.Removing the controller config for legs from self.part_controller_config. (robot.py:151)
[robosuite INFO] Loading controller configuration from: /home/lph/.conda/envs/lph/lib/python3.10/site-packages/robosuite/controllers/config/default/composite/basic.json (composite_controller_factory.py:121)
[robosuite WARNING] The config has defined for the controller "left", but the robot does not have this component. Skipping, but make sure this is intended.Removing the controller config for left from self.part_controller_config. (robot.py:151)
[robosuite WARNING] The config has defined for the controller "torso", but the robot does not have this component. Skipping, but make sure this is intended.Removing the controller config for torso from self.part_controller_config. (robot.py:151)
[robosuite WARNING] The config has defined for the controller "head", but the robot does not have this component. Skipping, but make sure this is intended.Removing the controller config for head from self.part_controller_config. (robot.py:151)
[robosuite WARNING] The config has defined for the controller "base", but the robot does not have this component. Skipping, but make sure this is intended.Removing the controller config for base from self.part_controller_config. (robot.py:151)
[robosuite WARNING] The config has defined for the controller "legs", but the robot does not have this component. Skipping, but make sure this is intended.Removing the controller config for legs from self.part_controller_config. (robot.py:151)
[robosuite WARNING] The config has defined for the controller "left", but the robot does not have this component. Skipping, but make sure this is intended.Removing the controller config for left from self.part_controller_config. (robot.py:151)
[robosuite WARNING] The config has defined for the controller "torso", but the robot does not have this component. Skipping, but make sure this is intended.Removing the controller config for torso from self.part_controller_config. (robot.py:151)
[robosuite WARNING] The config has defined for the controller "head", but the robot does not have this component. Skipping, but make sure this is intended.Removing the controller config for head from self.part_controller_config. (robot.py:151)
[robosuite WARNING] The config has defined for the controller "base", but the robot does not have this component. Skipping, but make sure this is intended.Removing the controller config for base from self.part_controller_config. (robot.py:151)
[robosuite WARNING] The config has defined for the controller "legs", but the robot does not have this component. Skipping, but make sure this is intended.Removing the controller config for legs from self.part_controller_config. (robot.py:151)
[robosuite INFO] Loading controller configuration from: /home/lph/.conda/envs/lph/lib/python3.10/site-packages/robosuite/controllers/config/default/composite/basic.json (composite_controller_factory.py:121)
[robosuite WARNING] The config has defined for the controller "left", but the robot does not have this component. Skipping, but make sure this is intended.Removing the controller config for left from self.part_controller_config. (robot.py:151)
[robosuite WARNING] The config has defined for the controller "torso", but the robot does not have this component. Skipping, but make sure this is intended.Removing the controller config for torso from self.part_controller_config. (robot.py:151)
[robosuite WARNING] The config has defined for the controller "head", but the robot does not have this component. Skipping, but make sure this is intended.Removing the controller config for head from self.part_controller_config. (robot.py:151)
[robosuite WARNING] The config has defined for the controller "base", but the robot does not have this component. Skipping, but make sure this is intended.Removing the controller config for base from self.part_controller_config. (robot.py:151)
[robosuite WARNING] The config has defined for the controller "legs", but the robot does not have this component. Skipping, but make sure this is intended.Removing the controller config for legs from self.part_controller_config. (robot.py:151)
[robosuite WARNING] The config has defined for the controller "left", but the robot does not have this component. Skipping, but make sure this is intended.Removing the controller config for left from self.part_controller_config. (robot.py:151)
[robosuite WARNING] The config has defined for the controller "torso", but the robot does not have this component. Skipping, but make sure this is intended.Removing the controller config for torso from self.part_controller_config. (robot.py:151)
[robosuite WARNING] The config has defined for the controller "head", but the robot does not have this component. Skipping, but make sure this is intended.Removing the controller config for head from self.part_controller_config. (robot.py:151)
[robosuite WARNING] The config has defined for the controller "base", but the robot does not have this component. Skipping, but make sure this is intended.Removing the controller config for base from self.part_controller_config. (robot.py:151)
[robosuite WARNING] The config has defined for the controller "legs", but the robot does not have this component. Skipping, but make sure this is intended.Removing the controller config for legs from self.part_controller_config. (robot.py:151)
[robosuite INFO] Loading controller configuration from: /home/lph/.conda/envs/lph/lib/python3.10/site-packages/robosuite/controllers/config/default/composite/basic.json (composite_controller_factory.py:121)
[robosuite WARNING] The config has defined for the controller "left", but the robot does not have this component. Skipping, but make sure this is intended.Removing the controller config for left from self.part_controller_config. (robot.py:151)
[robosuite WARNING] The config has defined for the controller "torso", but the robot does not have this component. Skipping, but make sure this is intended.Removing the controller config for torso from self.part_controller_config. (robot.py:151)
[robosuite WARNING] The config has defined for the controller "head", but the robot does not have this component. Skipping, but make sure this is intended.Removing the controller config for head from self.part_controller_config. (robot.py:151)
[robosuite WARNING] The config has defined for the controller "base", but the robot does not have this component. Skipping, but make sure this is intended.Removing the controller config for base from self.part_controller_config. (robot.py:151)
[robosuite WARNING] The config has defined for the controller "legs", but the robot does not have this component. Skipping, but make sure this is intended.Removing the controller config for legs from self.part_controller_config. (robot.py:151)
[robosuite WARNING] The config has defined for the controller "left", but the robot does not have this component. Skipping, but make sure this is intended.Removing the controller config for left from self.part_controller_config. (robot.py:151)
[robosuite WARNING] The config has defined for the controller "torso", but the robot does not have this component. Skipping, but make sure this is intended.Removing the controller config for torso from self.part_controller_config. (robot.py:151)
[robosuite WARNING] The config has defined for the controller "head", but the robot does not have this component. Skipping, but make sure this is intended.Removing the controller config for head from self.part_controller_config. (robot.py:151)
[robosuite WARNING] The config has defined for the controller "base", but the robot does not have this component. Skipping, but make sure this is intended.Removing the controller config for base from self.part_controller_config. (robot.py:151)
[robosuite WARNING] The config has defined for the controller "legs", but the robot does not have this component. Skipping, but make sure this is intended.Removing the controller config for legs from self.part_controller_config. (robot.py:151)
[robosuite INFO] Loading controller configuration from: /home/lph/.conda/envs/lph/lib/python3.10/site-packages/robosuite/controllers/config/default/composite/basic.json (composite_controller_factory.py:121)
[robosuite WARNING] The config has defined for the controller "left", but the robot does not have this component. Skipping, but make sure this is intended.Removing the controller config for left from self.part_controller_config. (robot.py:151)
[robosuite WARNING] The config has defined for the controller "torso", but the robot does not have this component. Skipping, but make sure this is intended.Removing the controller config for torso from self.part_controller_config. (robot.py:151)
[robosuite WARNING] The config has defined for the controller "head", but the robot does not have this component. Skipping, but make sure this is intended.Removing the controller config for head from self.part_controller_config. (robot.py:151)
[robosuite WARNING] The config has defined for the controller "base", but the robot does not have this component. Skipping, but make sure this is intended.Removing the controller config for base from self.part_controller_config. (robot.py:151)
[robosuite WARNING] The config has defined for the controller "legs", but the robot does not have this component. Skipping, but make sure this is intended.Removing the controller config for legs from self.part_controller_config. (robot.py:151)
[robosuite WARNING] The config has defined for the controller "left", but the robot does not have this component. Skipping, but make sure this is intended.Removing the controller config for left from self.part_controller_config. (robot.py:151)
[robosuite WARNING] The config has defined for the controller "torso", but the robot does not have this component. Skipping, but make sure this is intended.Removing the controller config for torso from self.part_controller_config. (robot.py:151)
[robosuite WARNING] The config has defined for the controller "head", but the robot does not have this component. Skipping, but make sure this is intended.Removing the controller config for head from self.part_controller_config. (robot.py:151)
[robosuite WARNING] The config has defined for the controller "base", but the robot does not have this component. Skipping, but make sure this is intended.Removing the controller config for base from self.part_controller_config. (robot.py:151)
[robosuite WARNING] The config has defined for the controller "legs", but the robot does not have this component. Skipping, but make sure this is intended.Removing the controller config for legs from self.part_controller_config. (robot.py:151)
[robosuite INFO] Loading controller configuration from: /home/lph/.conda/envs/lph/lib/python3.10/site-packages/robosuite/controllers/config/default/composite/basic.json (composite_controller_factory.py:121)
[robosuite WARNING] The config has defined for the controller "left", but the robot does not have this component. Skipping, but make sure this is intended.Removing the controller config for left from self.part_controller_config. (robot.py:151)
[robosuite WARNING] The config has defined for the controller "torso", but the robot does not have this component. Skipping, but make sure this is intended.Removing the controller config for torso from self.part_controller_config. (robot.py:151)
[robosuite WARNING] The config has defined for the controller "head", but the robot does not have this component. Skipping, but make sure this is intended.Removing the controller config for head from self.part_controller_config. (robot.py:151)
[robosuite WARNING] The config has defined for the controller "base", but the robot does not have this component. Skipping, but make sure this is intended.Removing the controller config for base from self.part_controller_config. (robot.py:151)
[robosuite WARNING] The config has defined for the controller "legs", but the robot does not have this component. Skipping, but make sure this is intended.Removing the controller config for legs from self.part_controller_config. (robot.py:151)
[robosuite WARNING] The config has defined for the controller "left", but the robot does not have this component. Skipping, but make sure this is intended.Removing the controller config for left from self.part_controller_config. (robot.py:151)
[robosuite WARNING] The config has defined for the controller "torso", but the robot does not have this component. Skipping, but make sure this is intended.Removing the controller config for torso from self.part_controller_config. (robot.py:151)
[robosuite WARNING] The config has defined for the controller "head", but the robot does not have this component. Skipping, but make sure this is intended.Removing the controller config for head from self.part_controller_config. (robot.py:151)
[robosuite WARNING] The config has defined for the controller "base", but the robot does not have this component. Skipping, but make sure this is intended.Removing the controller config for base from self.part_controller_config. (robot.py:151)
[robosuite WARNING] The config has defined for the controller "legs", but the robot does not have this component. Skipping, but make sure this is intended.Removing the controller config for legs from self.part_controller_config. (robot.py:151)
[robosuite INFO] Loading controller configuration from: /home/lph/.conda/envs/lph/lib/python3.10/site-packages/robosuite/controllers/config/default/composite/basic.json (composite_controller_factory.py:121)
[robosuite WARNING] The config has defined for the controller "left", but the robot does not have this component. Skipping, but make sure this is intended.Removing the controller config for left from self.part_controller_config. (robot.py:151)
[robosuite WARNING] The config has defined for the controller "torso", but the robot does not have this component. Skipping, but make sure this is intended.Removing the controller config for torso from self.part_controller_config. (robot.py:151)
[robosuite WARNING] The config has defined for the controller "head", but the robot does not have this component. Skipping, but make sure this is intended.Removing the controller config for head from self.part_controller_config. (robot.py:151)
[robosuite WARNING] The config has defined for the controller "base", but the robot does not have this component. Skipping, but make sure this is intended.Removing the controller config for base from self.part_controller_config. (robot.py:151)
[robosuite WARNING] The config has defined for the controller "legs", but the robot does not have this component. Skipping, but make sure this is intended.Removing the controller config for legs from self.part_controller_config. (robot.py:151)
[robosuite WARNING] The config has defined for the controller "left", but the robot does not have this component. Skipping, but make sure this is intended.Removing the controller config for left from self.part_controller_config. (robot.py:151)
[robosuite WARNING] The config has defined for the controller "torso", but the robot does not have this component. Skipping, but make sure this is intended.Removing the controller config for torso from self.part_controller_config. (robot.py:151)
[robosuite WARNING] The config has defined for the controller "head", but the robot does not have this component. Skipping, but make sure this is intended.Removing the controller config for head from self.part_controller_config. (robot.py:151)
[robosuite WARNING] The config has defined for the controller "base", but the robot does not have this component. Skipping, but make sure this is intended.Removing the controller config for base from self.part_controller_config. (robot.py:151)
[robosuite WARNING] The config has defined for the controller "legs", but the robot does not have this component. Skipping, but make sure this is intended.Removing the controller config for legs from self.part_controller_config. (robot.py:151)
[robosuite INFO] Loading controller configuration from: /home/lph/.conda/envs/lph/lib/python3.10/site-packages/robosuite/controllers/config/default/composite/basic.json (composite_controller_factory.py:121)
[robosuite WARNING] The config has defined for the controller "left", but the robot does not have this component. Skipping, but make sure this is intended.Removing the controller config for left from self.part_controller_config. (robot.py:151)
[robosuite WARNING] The config has defined for the controller "torso", but the robot does not have this component. Skipping, but make sure this is intended.Removing the controller config for torso from self.part_controller_config. (robot.py:151)
[robosuite WARNING] The config has defined for the controller "head", but the robot does not have this component. Skipping, but make sure this is intended.Removing the controller config for head from self.part_controller_config. (robot.py:151)
[robosuite WARNING] The config has defined for the controller "base", but the robot does not have this component. Skipping, but make sure this is intended.Removing the controller config for base from self.part_controller_config. (robot.py:151)
[robosuite WARNING] The config has defined for the controller "legs", but the robot does not have this component. Skipping, but make sure this is intended.Removing the controller config for legs from self.part_controller_config. (robot.py:151)
[robosuite WARNING] The config has defined for the controller "left", but the robot does not have this component. Skipping, but make sure this is intended.Removing the controller config for left from self.part_controller_config. (robot.py:151)
[robosuite WARNING] The config has defined for the controller "torso", but the robot does not have this component. Skipping, but make sure this is intended.Removing the controller config for torso from self.part_controller_config. (robot.py:151)
[robosuite WARNING] The config has defined for the controller "head", but the robot does not have this component. Skipping, but make sure this is intended.Removing the controller config for head from self.part_controller_config. (robot.py:151)
[robosuite WARNING] The config has defined for the controller "base", but the robot does not have this component. Skipping, but make sure this is intended.Removing the controller config for base from self.part_controller_config. (robot.py:151)
[robosuite WARNING] The config has defined for the controller "legs", but the robot does not have this component. Skipping, but make sure this is intended.Removing the controller config for legs from self.part_controller_config. (robot.py:151)
[robosuite INFO] Loading controller configuration from: /home/lph/.conda/envs/lph/lib/python3.10/site-packages/robosuite/controllers/config/default/composite/basic.json (composite_controller_factory.py:121)
[robosuite WARNING] The config has defined for the controller "left", but the robot does not have this component. Skipping, but make sure this is intended.Removing the controller config for left from self.part_controller_config. (robot.py:151)
[robosuite WARNING] The config has defined for the controller "torso", but the robot does not have this component. Skipping, but make sure this is intended.Removing the controller config for torso from self.part_controller_config. (robot.py:151)
[robosuite WARNING] The config has defined for the controller "head", but the robot does not have this component. Skipping, but make sure this is intended.Removing the controller config for head from self.part_controller_config. (robot.py:151)
[robosuite WARNING] The config has defined for the controller "base", but the robot does not have this component. Skipping, but make sure this is intended.Removing the controller config for base from self.part_controller_config. (robot.py:151)
[robosuite WARNING] The config has defined for the controller "legs", but the robot does not have this component. Skipping, but make sure this is intended.Removing the controller config for legs from self.part_controller_config. (robot.py:151)
[robosuite WARNING] The config has defined for the controller "left", but the robot does not have this component. Skipping, but make sure this is intended.Removing the controller config for left from self.part_controller_config. (robot.py:151)
[robosuite WARNING] The config has defined for the controller "torso", but the robot does not have this component. Skipping, but make sure this is intended.Removing the controller config for torso from self.part_controller_config. (robot.py:151)
[robosuite WARNING] The config has defined for the controller "head", but the robot does not have this component. Skipping, but make sure this is intended.Removing the controller config for head from self.part_controller_config. (robot.py:151)
[robosuite WARNING] The config has defined for the controller "base", but the robot does not have this component. Skipping, but make sure this is intended.Removing the controller config for base from self.part_controller_config. (robot.py:151)
[robosuite WARNING] The config has defined for the controller "legs", but the robot does not have this component. Skipping, but make sure this is intended.Removing the controller config for legs from self.part_controller_config. (robot.py:151)
[robosuite INFO] Loading controller configuration from: /home/lph/.conda/envs/lph/lib/python3.10/site-packages/robosuite/controllers/config/default/composite/basic.json (composite_controller_factory.py:121)
[robosuite WARNING] The config has defined for the controller "left", but the robot does not have this component. Skipping, but make sure this is intended.Removing the controller config for left from self.part_controller_config. (robot.py:151)
[robosuite WARNING] The config has defined for the controller "torso", but the robot does not have this component. Skipping, but make sure this is intended.Removing the controller config for torso from self.part_controller_config. (robot.py:151)
[robosuite WARNING] The config has defined for the controller "head", but the robot does not have this component. Skipping, but make sure this is intended.Removing the controller config for head from self.part_controller_config. (robot.py:151)
[robosuite WARNING] The config has defined for the controller "base", but the robot does not have this component. Skipping, but make sure this is intended.Removing the controller config for base from self.part_controller_config. (robot.py:151)
[robosuite WARNING] The config has defined for the controller "legs", but the robot does not have this component. Skipping, but make sure this is intended.Removing the controller config for legs from self.part_controller_config. (robot.py:151)
[robosuite WARNING] The config has defined for the controller "left", but the robot does not have this component. Skipping, but make sure this is intended.Removing the controller config for left from self.part_controller_config. (robot.py:151)
[robosuite WARNING] The config has defined for the controller "torso", but the robot does not have this component. Skipping, but make sure this is intended.Removing the controller config for torso from self.part_controller_config. (robot.py:151)
[robosuite WARNING] The config has defined for the controller "head", but the robot does not have this component. Skipping, but make sure this is intended.Removing the controller config for head from self.part_controller_config. (robot.py:151)
[robosuite WARNING] The config has defined for the controller "base", but the robot does not have this component. Skipping, but make sure this is intended.Removing the controller config for base from self.part_controller_config. (robot.py:151)
[robosuite WARNING] The config has defined for the controller "legs", but the robot does not have this component. Skipping, but make sure this is intended.Removing the controller config for legs from self.part_controller_config. (robot.py:151)
[robosuite INFO] Loading controller configuration from: /home/lph/.conda/envs/lph/lib/python3.10/site-packages/robosuite/controllers/config/default/composite/basic.json (composite_controller_factory.py:121)
[robosuite WARNING] The config has defined for the controller "left", but the robot does not have this component. Skipping, but make sure this is intended.Removing the controller config for left from self.part_controller_config. (robot.py:151)
[robosuite WARNING] The config has defined for the controller "torso", but the robot does not have this component. Skipping, but make sure this is intended.Removing the controller config for torso from self.part_controller_config. (robot.py:151)
[robosuite WARNING] The config has defined for the controller "head", but the robot does not have this component. Skipping, but make sure this is intended.Removing the controller config for head from self.part_controller_config. (robot.py:151)
[robosuite WARNING] The config has defined for the controller "base", but the robot does not have this component. Skipping, but make sure this is intended.Removing the controller config for base from self.part_controller_config. (robot.py:151)
[robosuite WARNING] The config has defined for the controller "legs", but the robot does not have this component. Skipping, but make sure this is intended.Removing the controller config for legs from self.part_controller_config. (robot.py:151)
[robosuite WARNING] The config has defined for the controller "left", but the robot does not have this component. Skipping, but make sure this is intended.Removing the controller config for left from self.part_controller_config. (robot.py:151)
[robosuite WARNING] The config has defined for the controller "torso", but the robot does not have this component. Skipping, but make sure this is intended.Removing the controller config for torso from self.part_controller_config. (robot.py:151)
[robosuite WARNING] The config has defined for the controller "head", but the robot does not have this component. Skipping, but make sure this is intended.Removing the controller config for head from self.part_controller_config. (robot.py:151)
[robosuite WARNING] The config has defined for the controller "base", but the robot does not have this component. Skipping, but make sure this is intended.Removing the controller config for base from self.part_controller_config. (robot.py:151)
[robosuite WARNING] The config has defined for the controller "legs", but the robot does not have this component. Skipping, but make sure this is intended.Removing the controller config for legs from self.part_controller_config. (robot.py:151)
[robosuite INFO] Loading controller configuration from: /home/lph/.conda/envs/lph/lib/python3.10/site-packages/robosuite/controllers/config/default/composite/basic.json (composite_controller_factory.py:121)
[robosuite WARNING] The config has defined for the controller "left", but the robot does not have this component. Skipping, but make sure this is intended.Removing the controller config for left from self.part_controller_config. (robot.py:151)
[robosuite WARNING] The config has defined for the controller "torso", but the robot does not have this component. Skipping, but make sure this is intended.Removing the controller config for torso from self.part_controller_config. (robot.py:151)
[robosuite WARNING] The config has defined for the controller "head", but the robot does not have this component. Skipping, but make sure this is intended.Removing the controller config for head from self.part_controller_config. (robot.py:151)
[robosuite WARNING] The config has defined for the controller "base", but the robot does not have this component. Skipping, but make sure this is intended.Removing the controller config for base from self.part_controller_config. (robot.py:151)
[robosuite WARNING] The config has defined for the controller "legs", but the robot does not have this component. Skipping, but make sure this is intended.Removing the controller config for legs from self.part_controller_config. (robot.py:151)
[robosuite WARNING] The config has defined for the controller "left", but the robot does not have this component. Skipping, but make sure this is intended.Removing the controller config for left from self.part_controller_config. (robot.py:151)
[robosuite WARNING] The config has defined for the controller "torso", but the robot does not have this component. Skipping, but make sure this is intended.Removing the controller config for torso from self.part_controller_config. (robot.py:151)
[robosuite WARNING] The config has defined for the controller "head", but the robot does not have this component. Skipping, but make sure this is intended.Removing the controller config for head from self.part_controller_config. (robot.py:151)
[robosuite WARNING] The config has defined for the controller "base", but the robot does not have this component. Skipping, but make sure this is intended.Removing the controller config for base from self.part_controller_config. (robot.py:151)
[robosuite WARNING] The config has defined for the controller "legs", but the robot does not have this component. Skipping, but make sure this is intended.Removing the controller config for legs from self.part_controller_config. (robot.py:151)
[robosuite INFO] Loading controller configuration from: /home/lph/.conda/envs/lph/lib/python3.10/site-packages/robosuite/controllers/config/default/composite/basic.json (composite_controller_factory.py:121)
[robosuite WARNING] The config has defined for the controller "left", but the robot does not have this component. Skipping, but make sure this is intended.Removing the controller config for left from self.part_controller_config. (robot.py:151)
[robosuite WARNING] The config has defined for the controller "torso", but the robot does not have this component. Skipping, but make sure this is intended.Removing the controller config for torso from self.part_controller_config. (robot.py:151)
[robosuite WARNING] The config has defined for the controller "head", but the robot does not have this component. Skipping, but make sure this is intended.Removing the controller config for head from self.part_controller_config. (robot.py:151)
[robosuite WARNING] The config has defined for the controller "base", but the robot does not have this component. Skipping, but make sure this is intended.Removing the controller config for base from self.part_controller_config. (robot.py:151)
[robosuite WARNING] The config has defined for the controller "legs", but the robot does not have this component. Skipping, but make sure this is intended.Removing the controller config for legs from self.part_controller_config. (robot.py:151)
[robosuite WARNING] The config has defined for the controller "left", but the robot does not have this component. Skipping, but make sure this is intended.Removing the controller config for left from self.part_controller_config. (robot.py:151)
[robosuite WARNING] The config has defined for the controller "torso", but the robot does not have this component. Skipping, but make sure this is intended.Removing the controller config for torso from self.part_controller_config. (robot.py:151)
[robosuite WARNING] The config has defined for the controller "head", but the robot does not have this component. Skipping, but make sure this is intended.Removing the controller config for head from self.part_controller_config. (robot.py:151)
[robosuite WARNING] The config has defined for the controller "base", but the robot does not have this component. Skipping, but make sure this is intended.Removing the controller config for base from self.part_controller_config. (robot.py:151)
[robosuite WARNING] The config has defined for the controller "legs", but the robot does not have this component. Skipping, but make sure this is intended.Removing the controller config for legs from self.part_controller_config. (robot.py:151)
[robosuite INFO] Loading controller configuration from: /home/lph/.conda/envs/lph/lib/python3.10/site-packages/robosuite/controllers/config/default/composite/basic.json (composite_controller_factory.py:121)
[robosuite WARNING] The config has defined for the controller "left", but the robot does not have this component. Skipping, but make sure this is intended.Removing the controller config for left from self.part_controller_config. (robot.py:151)
[robosuite WARNING] The config has defined for the controller "torso", but the robot does not have this component. Skipping, but make sure this is intended.Removing the controller config for torso from self.part_controller_config. (robot.py:151)
[robosuite WARNING] The config has defined for the controller "head", but the robot does not have this component. Skipping, but make sure this is intended.Removing the controller config for head from self.part_controller_config. (robot.py:151)
[robosuite WARNING] The config has defined for the controller "base", but the robot does not have this component. Skipping, but make sure this is intended.Removing the controller config for base from self.part_controller_config. (robot.py:151)
[robosuite WARNING] The config has defined for the controller "legs", but the robot does not have this component. Skipping, but make sure this is intended.Removing the controller config for legs from self.part_controller_config. (robot.py:151)
[robosuite WARNING] The config has defined for the controller "left", but the robot does not have this component. Skipping, but make sure this is intended.Removing the controller config for left from self.part_controller_config. (robot.py:151)
[robosuite WARNING] The config has defined for the controller "torso", but the robot does not have this component. Skipping, but make sure this is intended.Removing the controller config for torso from self.part_controller_config. (robot.py:151)
[robosuite WARNING] The config has defined for the controller "head", but the robot does not have this component. Skipping, but make sure this is intended.Removing the controller config for head from self.part_controller_config. (robot.py:151)
[robosuite WARNING] The config has defined for the controller "base", but the robot does not have this component. Skipping, but make sure this is intended.Removing the controller config for base from self.part_controller_config. (robot.py:151)
[robosuite WARNING] The config has defined for the controller "legs", but the robot does not have this component. Skipping, but make sure this is intended.Removing the controller config for legs from self.part_controller_config. (robot.py:151)
[robosuite INFO] Loading controller configuration from: /home/lph/.conda/envs/lph/lib/python3.10/site-packages/robosuite/controllers/config/default/composite/basic.json (composite_controller_factory.py:121)
[robosuite WARNING] The config has defined for the controller "left", but the robot does not have this component. Skipping, but make sure this is intended.Removing the controller config for left from self.part_controller_config. (robot.py:151)
[robosuite WARNING] The config has defined for the controller "torso", but the robot does not have this component. Skipping, but make sure this is intended.Removing the controller config for torso from self.part_controller_config. (robot.py:151)
[robosuite WARNING] The config has defined for the controller "head", but the robot does not have this component. Skipping, but make sure this is intended.Removing the controller config for head from self.part_controller_config. (robot.py:151)
[robosuite WARNING] The config has defined for the controller "base", but the robot does not have this component. Skipping, but make sure this is intended.Removing the controller config for base from self.part_controller_config. (robot.py:151)
[robosuite WARNING] The config has defined for the controller "legs", but the robot does not have this component. Skipping, but make sure this is intended.Removing the controller config for legs from self.part_controller_config. (robot.py:151)
[robosuite WARNING] The config has defined for the controller "left", but the robot does not have this component. Skipping, but make sure this is intended.Removing the controller config for left from self.part_controller_config. (robot.py:151)
[robosuite WARNING] The config has defined for the controller "torso", but the robot does not have this component. Skipping, but make sure this is intended.Removing the controller config for torso from self.part_controller_config. (robot.py:151)
[robosuite WARNING] The config has defined for the controller "head", but the robot does not have this component. Skipping, but make sure this is intended.Removing the controller config for head from self.part_controller_config. (robot.py:151)
[robosuite WARNING] The config has defined for the controller "base", but the robot does not have this component. Skipping, but make sure this is intended.Removing the controller config for base from self.part_controller_config. (robot.py:151)
[robosuite WARNING] The config has defined for the controller "legs", but the robot does not have this component. Skipping, but make sure this is intended.Removing the controller config for legs from self.part_controller_config. (robot.py:151)
[robosuite INFO] Loading controller configuration from: /home/lph/.conda/envs/lph/lib/python3.10/site-packages/robosuite/controllers/config/default/composite/basic.json (composite_controller_factory.py:121)
[robosuite WARNING] The config has defined for the controller "left", but the robot does not have this component. Skipping, but make sure this is intended.Removing the controller config for left from self.part_controller_config. (robot.py:151)
[robosuite WARNING] The config has defined for the controller "torso", but the robot does not have this component. Skipping, but make sure this is intended.Removing the controller config for torso from self.part_controller_config. (robot.py:151)
[robosuite WARNING] The config has defined for the controller "head", but the robot does not have this component. Skipping, but make sure this is intended.Removing the controller config for head from self.part_controller_config. (robot.py:151)
[robosuite WARNING] The config has defined for the controller "base", but the robot does not have this component. Skipping, but make sure this is intended.Removing the controller config for base from self.part_controller_config. (robot.py:151)
[robosuite WARNING] The config has defined for the controller "legs", but the robot does not have this component. Skipping, but make sure this is intended.Removing the controller config for legs from self.part_controller_config. (robot.py:151)
[robosuite WARNING] The config has defined for the controller "left", but the robot does not have this component. Skipping, but make sure this is intended.Removing the controller config for left from self.part_controller_config. (robot.py:151)
[robosuite WARNING] The config has defined for the controller "torso", but the robot does not have this component. Skipping, but make sure this is intended.Removing the controller config for torso from self.part_controller_config. (robot.py:151)
[robosuite WARNING] The config has defined for the controller "head", but the robot does not have this component. Skipping, but make sure this is intended.Removing the controller config for head from self.part_controller_config. (robot.py:151)
[robosuite WARNING] The config has defined for the controller "base", but the robot does not have this component. Skipping, but make sure this is intended.Removing the controller config for base from self.part_controller_config. (robot.py:151)
[robosuite WARNING] The config has defined for the controller "legs", but the robot does not have this component. Skipping, but make sure this is intended.Removing the controller config for legs from self.part_controller_config. (robot.py:151)
[robosuite INFO] Loading controller configuration from: /home/lph/.conda/envs/lph/lib/python3.10/site-packages/robosuite/controllers/config/default/composite/basic.json (composite_controller_factory.py:121)
[robosuite WARNING] The config has defined for the controller "left", but the robot does not have this component. Skipping, but make sure this is intended.Removing the controller config for left from self.part_controller_config. (robot.py:151)
[robosuite WARNING] The config has defined for the controller "torso", but the robot does not have this component. Skipping, but make sure this is intended.Removing the controller config for torso from self.part_controller_config. (robot.py:151)
[robosuite WARNING] The config has defined for the controller "head", but the robot does not have this component. Skipping, but make sure this is intended.Removing the controller config for head from self.part_controller_config. (robot.py:151)
[robosuite WARNING] The config has defined for the controller "base", but the robot does not have this component. Skipping, but make sure this is intended.Removing the controller config for base from self.part_controller_config. (robot.py:151)
[robosuite WARNING] The config has defined for the controller "legs", but the robot does not have this component. Skipping, but make sure this is intended.Removing the controller config for legs from self.part_controller_config. (robot.py:151)
[robosuite WARNING] The config has defined for the controller "left", but the robot does not have this component. Skipping, but make sure this is intended.Removing the controller config for left from self.part_controller_config. (robot.py:151)
[robosuite WARNING] The config has defined for the controller "torso", but the robot does not have this component. Skipping, but make sure this is intended.Removing the controller config for torso from self.part_controller_config. (robot.py:151)
[robosuite WARNING] The config has defined for the controller "head", but the robot does not have this component. Skipping, but make sure this is intended.Removing the controller config for head from self.part_controller_config. (robot.py:151)
[robosuite WARNING] The config has defined for the controller "base", but the robot does not have this component. Skipping, but make sure this is intended.Removing the controller config for base from self.part_controller_config. (robot.py:151)
[robosuite WARNING] The config has defined for the controller "legs", but the robot does not have this component. Skipping, but make sure this is intended.Removing the controller config for legs from self.part_controller_config. (robot.py:151)
[robosuite INFO] Loading controller configuration from: /home/lph/.conda/envs/lph/lib/python3.10/site-packages/robosuite/controllers/config/default/composite/basic.json (composite_controller_factory.py:121)
[robosuite WARNING] The config has defined for the controller "left", but the robot does not have this component. Skipping, but make sure this is intended.Removing the controller config for left from self.part_controller_config. (robot.py:151)
[robosuite WARNING] The config has defined for the controller "torso", but the robot does not have this component. Skipping, but make sure this is intended.Removing the controller config for torso from self.part_controller_config. (robot.py:151)
[robosuite WARNING] The config has defined for the controller "head", but the robot does not have this component. Skipping, but make sure this is intended.Removing the controller config for head from self.part_controller_config. (robot.py:151)
[robosuite WARNING] The config has defined for the controller "base", but the robot does not have this component. Skipping, but make sure this is intended.Removing the controller config for base from self.part_controller_config. (robot.py:151)
[robosuite WARNING] The config has defined for the controller "legs", but the robot does not have this component. Skipping, but make sure this is intended.Removing the controller config for legs from self.part_controller_config. (robot.py:151)
[robosuite WARNING] The config has defined for the controller "left", but the robot does not have this component. Skipping, but make sure this is intended.Removing the controller config for left from self.part_controller_config. (robot.py:151)
[robosuite WARNING] The config has defined for the controller "torso", but the robot does not have this component. Skipping, but make sure this is intended.Removing the controller config for torso from self.part_controller_config. (robot.py:151)
[robosuite WARNING] The config has defined for the controller "head", but the robot does not have this component. Skipping, but make sure this is intended.Removing the controller config for head from self.part_controller_config. (robot.py:151)
[robosuite WARNING] The config has defined for the controller "base", but the robot does not have this component. Skipping, but make sure this is intended.Removing the controller config for base from self.part_controller_config. (robot.py:151)
[robosuite WARNING] The config has defined for the controller "legs", but the robot does not have this component. Skipping, but make sure this is intended.Removing the controller config for legs from self.part_controller_config. (robot.py:151)
[robosuite INFO] Loading controller configuration from: /home/lph/.conda/envs/lph/lib/python3.10/site-packages/robosuite/controllers/config/default/composite/basic.json (composite_controller_factory.py:121)
[robosuite WARNING] The config has defined for the controller "left", but the robot does not have this component. Skipping, but make sure this is intended.Removing the controller config for left from self.part_controller_config. (robot.py:151)
[robosuite WARNING] The config has defined for the controller "torso", but the robot does not have this component. Skipping, but make sure this is intended.Removing the controller config for torso from self.part_controller_config. (robot.py:151)
[robosuite WARNING] The config has defined for the controller "head", but the robot does not have this component. Skipping, but make sure this is intended.Removing the controller config for head from self.part_controller_config. (robot.py:151)
[robosuite WARNING] The config has defined for the controller "base", but the robot does not have this component. Skipping, but make sure this is intended.Removing the controller config for base from self.part_controller_config. (robot.py:151)
[robosuite WARNING] The config has defined for the controller "legs", but the robot does not have this component. Skipping, but make sure this is intended.Removing the controller config for legs from self.part_controller_config. (robot.py:151)
[robosuite WARNING] The config has defined for the controller "left", but the robot does not have this component. Skipping, but make sure this is intended.Removing the controller config for left from self.part_controller_config. (robot.py:151)
[robosuite WARNING] The config has defined for the controller "torso", but the robot does not have this component. Skipping, but make sure this is intended.Removing the controller config for torso from self.part_controller_config. (robot.py:151)
[robosuite WARNING] The config has defined for the controller "head", but the robot does not have this component. Skipping, but make sure this is intended.Removing the controller config for head from self.part_controller_config. (robot.py:151)
[robosuite WARNING] The config has defined for the controller "base", but the robot does not have this component. Skipping, but make sure this is intended.Removing the controller config for base from self.part_controller_config. (robot.py:151)
[robosuite WARNING] The config has defined for the controller "legs", but the robot does not have this component. Skipping, but make sure this is intended.Removing the controller config for legs from self.part_controller_config. (robot.py:151)
[robosuite INFO] Loading controller configuration from: /home/lph/.conda/envs/lph/lib/python3.10/site-packages/robosuite/controllers/config/default/composite/basic.json (composite_controller_factory.py:121)
[robosuite WARNING] The config has defined for the controller "left", but the robot does not have this component. Skipping, but make sure this is intended.Removing the controller config for left from self.part_controller_config. (robot.py:151)
[robosuite WARNING] The config has defined for the controller "torso", but the robot does not have this component. Skipping, but make sure this is intended.Removing the controller config for torso from self.part_controller_config. (robot.py:151)
[robosuite WARNING] The config has defined for the controller "head", but the robot does not have this component. Skipping, but make sure this is intended.Removing the controller config for head from self.part_controller_config. (robot.py:151)
[robosuite WARNING] The config has defined for the controller "base", but the robot does not have this component. Skipping, but make sure this is intended.Removing the controller config for base from self.part_controller_config. (robot.py:151)
[robosuite WARNING] The config has defined for the controller "legs", but the robot does not have this component. Skipping, but make sure this is intended.Removing the controller config for legs from self.part_controller_config. (robot.py:151)
[robosuite WARNING] The config has defined for the controller "left", but the robot does not have this component. Skipping, but make sure this is intended.Removing the controller config for left from self.part_controller_config. (robot.py:151)
[robosuite WARNING] The config has defined for the controller "torso", but the robot does not have this component. Skipping, but make sure this is intended.Removing the controller config for torso from self.part_controller_config. (robot.py:151)
[robosuite WARNING] The config has defined for the controller "head", but the robot does not have this component. Skipping, but make sure this is intended.Removing the controller config for head from self.part_controller_config. (robot.py:151)
[robosuite WARNING] The config has defined for the controller "base", but the robot does not have this component. Skipping, but make sure this is intended.Removing the controller config for base from self.part_controller_config. (robot.py:151)
[robosuite WARNING] The config has defined for the controller "legs", but the robot does not have this component. Skipping, but make sure this is intended.Removing the controller config for legs from self.part_controller_config. (robot.py:151)
[robosuite INFO] Loading controller configuration from: /home/lph/.conda/envs/lph/lib/python3.10/site-packages/robosuite/controllers/config/default/composite/basic.json (composite_controller_factory.py:121)
[robosuite WARNING] The config has defined for the controller "left", but the robot does not have this component. Skipping, but make sure this is intended.Removing the controller config for left from self.part_controller_config. (robot.py:151)
[robosuite WARNING] The config has defined for the controller "torso", but the robot does not have this component. Skipping, but make sure this is intended.Removing the controller config for torso from self.part_controller_config. (robot.py:151)
[robosuite WARNING] The config has defined for the controller "head", but the robot does not have this component. Skipping, but make sure this is intended.Removing the controller config for head from self.part_controller_config. (robot.py:151)
[robosuite WARNING] The config has defined for the controller "base", but the robot does not have this component. Skipping, but make sure this is intended.Removing the controller config for base from self.part_controller_config. (robot.py:151)
[robosuite WARNING] The config has defined for the controller "legs", but the robot does not have this component. Skipping, but make sure this is intended.Removing the controller config for legs from self.part_controller_config. (robot.py:151)
[robosuite WARNING] The config has defined for the controller "left", but the robot does not have this component. Skipping, but make sure this is intended.Removing the controller config for left from self.part_controller_config. (robot.py:151)
[robosuite WARNING] The config has defined for the controller "torso", but the robot does not have this component. Skipping, but make sure this is intended.Removing the controller config for torso from self.part_controller_config. (robot.py:151)
[robosuite WARNING] The config has defined for the controller "head", but the robot does not have this component. Skipping, but make sure this is intended.Removing the controller config for head from self.part_controller_config. (robot.py:151)
[robosuite WARNING] The config has defined for the controller "base", but the robot does not have this component. Skipping, but make sure this is intended.Removing the controller config for base from self.part_controller_config. (robot.py:151)
[robosuite WARNING] The config has defined for the controller "legs", but the robot does not have this component. Skipping, but make sure this is intended.Removing the controller config for legs from self.part_controller_config. (robot.py:151)
[robosuite INFO] Loading controller configuration from: /home/lph/.conda/envs/lph/lib/python3.10/site-packages/robosuite/controllers/config/default/composite/basic.json (composite_controller_factory.py:121)
[robosuite WARNING] The config has defined for the controller "left", but the robot does not have this component. Skipping, but make sure this is intended.Removing the controller config for left from self.part_controller_config. (robot.py:151)
[robosuite WARNING] The config has defined for the controller "torso", but the robot does not have this component. Skipping, but make sure this is intended.Removing the controller config for torso from self.part_controller_config. (robot.py:151)
[robosuite WARNING] The config has defined for the controller "head", but the robot does not have this component. Skipping, but make sure this is intended.Removing the controller config for head from self.part_controller_config. (robot.py:151)
[robosuite WARNING] The config has defined for the controller "base", but the robot does not have this component. Skipping, but make sure this is intended.Removing the controller config for base from self.part_controller_config. (robot.py:151)
[robosuite WARNING] The config has defined for the controller "legs", but the robot does not have this component. Skipping, but make sure this is intended.Removing the controller config for legs from self.part_controller_config. (robot.py:151)
[robosuite WARNING] The config has defined for the controller "left", but the robot does not have this component. Skipping, but make sure this is intended.Removing the controller config for left from self.part_controller_config. (robot.py:151)
[robosuite WARNING] The config has defined for the controller "torso", but the robot does not have this component. Skipping, but make sure this is intended.Removing the controller config for torso from self.part_controller_config. (robot.py:151)
[robosuite WARNING] The config has defined for the controller "head", but the robot does not have this component. Skipping, but make sure this is intended.Removing the controller config for head from self.part_controller_config. (robot.py:151)
[robosuite WARNING] The config has defined for the controller "base", but the robot does not have this component. Skipping, but make sure this is intended.Removing the controller config for base from self.part_controller_config. (robot.py:151)
[robosuite WARNING] The config has defined for the controller "legs", but the robot does not have this component. Skipping, but make sure this is intended.Removing the controller config for legs from self.part_controller_config. (robot.py:151)
[robosuite INFO] Loading controller configuration from: /home/lph/.conda/envs/lph/lib/python3.10/site-packages/robosuite/controllers/config/default/composite/basic.json (composite_controller_factory.py:121)
[robosuite WARNING] The config has defined for the controller "left", but the robot does not have this component. Skipping, but make sure this is intended.Removing the controller config for left from self.part_controller_config. (robot.py:151)
[robosuite WARNING] The config has defined for the controller "torso", but the robot does not have this component. Skipping, but make sure this is intended.Removing the controller config for torso from self.part_controller_config. (robot.py:151)
[robosuite WARNING] The config has defined for the controller "head", but the robot does not have this component. Skipping, but make sure this is intended.Removing the controller config for head from self.part_controller_config. (robot.py:151)
[robosuite WARNING] The config has defined for the controller "base", but the robot does not have this component. Skipping, but make sure this is intended.Removing the controller config for base from self.part_controller_config. (robot.py:151)
[robosuite WARNING] The config has defined for the controller "legs", but the robot does not have this component. Skipping, but make sure this is intended.Removing the controller config for legs from self.part_controller_config. (robot.py:151)
[robosuite WARNING] The config has defined for the controller "left", but the robot does not have this component. Skipping, but make sure this is intended.Removing the controller config for left from self.part_controller_config. (robot.py:151)
[robosuite WARNING] The config has defined for the controller "torso", but the robot does not have this component. Skipping, but make sure this is intended.Removing the controller config for torso from self.part_controller_config. (robot.py:151)
[robosuite WARNING] The config has defined for the controller "head", but the robot does not have this component. Skipping, but make sure this is intended.Removing the controller config for head from self.part_controller_config. (robot.py:151)
[robosuite WARNING] The config has defined for the controller "base", but the robot does not have this component. Skipping, but make sure this is intended.Removing the controller config for base from self.part_controller_config. (robot.py:151)
[robosuite WARNING] The config has defined for the controller "legs", but the robot does not have this component. Skipping, but make sure this is intended.Removing the controller config for legs from self.part_controller_config. (robot.py:151)
[robosuite INFO] Loading controller configuration from: /home/lph/.conda/envs/lph/lib/python3.10/site-packages/robosuite/controllers/config/default/composite/basic.json (composite_controller_factory.py:121)
[robosuite WARNING] The config has defined for the controller "left", but the robot does not have this component. Skipping, but make sure this is intended.Removing the controller config for left from self.part_controller_config. (robot.py:151)
[robosuite WARNING] The config has defined for the controller "torso", but the robot does not have this component. Skipping, but make sure this is intended.Removing the controller config for torso from self.part_controller_config. (robot.py:151)
[robosuite WARNING] The config has defined for the controller "head", but the robot does not have this component. Skipping, but make sure this is intended.Removing the controller config for head from self.part_controller_config. (robot.py:151)
[robosuite WARNING] The config has defined for the controller "base", but the robot does not have this component. Skipping, but make sure this is intended.Removing the controller config for base from self.part_controller_config. (robot.py:151)
[robosuite WARNING] The config has defined for the controller "legs", but the robot does not have this component. Skipping, but make sure this is intended.Removing the controller config for legs from self.part_controller_config. (robot.py:151)
[robosuite WARNING] The config has defined for the controller "left", but the robot does not have this component. Skipping, but make sure this is intended.Removing the controller config for left from self.part_controller_config. (robot.py:151)
[robosuite WARNING] The config has defined for the controller "torso", but the robot does not have this component. Skipping, but make sure this is intended.Removing the controller config for torso from self.part_controller_config. (robot.py:151)
[robosuite WARNING] The config has defined for the controller "head", but the robot does not have this component. Skipping, but make sure this is intended.Removing the controller config for head from self.part_controller_config. (robot.py:151)
[robosuite WARNING] The config has defined for the controller "base", but the robot does not have this component. Skipping, but make sure this is intended.Removing the controller config for base from self.part_controller_config. (robot.py:151)
[robosuite WARNING] The config has defined for the controller "legs", but the robot does not have this component. Skipping, but make sure this is intended.Removing the controller config for legs from self.part_controller_config. (robot.py:151)
[robosuite INFO] Loading controller configuration from: /home/lph/.conda/envs/lph/lib/python3.10/site-packages/robosuite/controllers/config/default/composite/basic.json (composite_controller_factory.py:121)
[robosuite WARNING] The config has defined for the controller "left", but the robot does not have this component. Skipping, but make sure this is intended.Removing the controller config for left from self.part_controller_config. (robot.py:151)
[robosuite WARNING] The config has defined for the controller "torso", but the robot does not have this component. Skipping, but make sure this is intended.Removing the controller config for torso from self.part_controller_config. (robot.py:151)
[robosuite WARNING] The config has defined for the controller "head", but the robot does not have this component. Skipping, but make sure this is intended.Removing the controller config for head from self.part_controller_config. (robot.py:151)
[robosuite WARNING] The config has defined for the controller "base", but the robot does not have this component. Skipping, but make sure this is intended.Removing the controller config for base from self.part_controller_config. (robot.py:151)
[robosuite WARNING] The config has defined for the controller "legs", but the robot does not have this component. Skipping, but make sure this is intended.Removing the controller config for legs from self.part_controller_config. (robot.py:151)
[robosuite WARNING] The config has defined for the controller "left", but the robot does not have this component. Skipping, but make sure this is intended.Removing the controller config for left from self.part_controller_config. (robot.py:151)
[robosuite WARNING] The config has defined for the controller "torso", but the robot does not have this component. Skipping, but make sure this is intended.Removing the controller config for torso from self.part_controller_config. (robot.py:151)
[robosuite WARNING] The config has defined for the controller "head", but the robot does not have this component. Skipping, but make sure this is intended.Removing the controller config for head from self.part_controller_config. (robot.py:151)
[robosuite WARNING] The config has defined for the controller "base", but the robot does not have this component. Skipping, but make sure this is intended.Removing the controller config for base from self.part_controller_config. (robot.py:151)
[robosuite WARNING] The config has defined for the controller "legs", but the robot does not have this component. Skipping, but make sure this is intended.Removing the controller config for legs from self.part_controller_config. (robot.py:151)
[robosuite INFO] Loading controller configuration from: /home/lph/.conda/envs/lph/lib/python3.10/site-packages/robosuite/controllers/config/default/composite/basic.json (composite_controller_factory.py:121)
[robosuite WARNING] The config has defined for the controller "left", but the robot does not have this component. Skipping, but make sure this is intended.Removing the controller config for left from self.part_controller_config. (robot.py:151)
[robosuite WARNING] The config has defined for the controller "torso", but the robot does not have this component. Skipping, but make sure this is intended.Removing the controller config for torso from self.part_controller_config. (robot.py:151)
[robosuite WARNING] The config has defined for the controller "head", but the robot does not have this component. Skipping, but make sure this is intended.Removing the controller config for head from self.part_controller_config. (robot.py:151)
[robosuite WARNING] The config has defined for the controller "base", but the robot does not have this component. Skipping, but make sure this is intended.Removing the controller config for base from self.part_controller_config. (robot.py:151)
[robosuite WARNING] The config has defined for the controller "legs", but the robot does not have this component. Skipping, but make sure this is intended.Removing the controller config for legs from self.part_controller_config. (robot.py:151)
[robosuite WARNING] The config has defined for the controller "left", but the robot does not have this component. Skipping, but make sure this is intended.Removing the controller config for left from self.part_controller_config. (robot.py:151)
[robosuite WARNING] The config has defined for the controller "torso", but the robot does not have this component. Skipping, but make sure this is intended.Removing the controller config for torso from self.part_controller_config. (robot.py:151)
[robosuite WARNING] The config has defined for the controller "head", but the robot does not have this component. Skipping, but make sure this is intended.Removing the controller config for head from self.part_controller_config. (robot.py:151)
[robosuite WARNING] The config has defined for the controller "base", but the robot does not have this component. Skipping, but make sure this is intended.Removing the controller config for base from self.part_controller_config. (robot.py:151)
[robosuite WARNING] The config has defined for the controller "legs", but the robot does not have this component. Skipping, but make sure this is intended.Removing the controller config for legs from self.part_controller_config. (robot.py:151)
[robosuite INFO] Loading controller configuration from: /home/lph/.conda/envs/lph/lib/python3.10/site-packages/robosuite/controllers/config/default/composite/basic.json (composite_controller_factory.py:121)
[robosuite WARNING] The config has defined for the controller "left", but the robot does not have this component. Skipping, but make sure this is intended.Removing the controller config for left from self.part_controller_config. (robot.py:151)
[robosuite WARNING] The config has defined for the controller "torso", but the robot does not have this component. Skipping, but make sure this is intended.Removing the controller config for torso from self.part_controller_config. (robot.py:151)
[robosuite WARNING] The config has defined for the controller "head", but the robot does not have this component. Skipping, but make sure this is intended.Removing the controller config for head from self.part_controller_config. (robot.py:151)
[robosuite WARNING] The config has defined for the controller "base", but the robot does not have this component. Skipping, but make sure this is intended.Removing the controller config for base from self.part_controller_config. (robot.py:151)
[robosuite WARNING] The config has defined for the controller "legs", but the robot does not have this component. Skipping, but make sure this is intended.Removing the controller config for legs from self.part_controller_config. (robot.py:151)
[robosuite WARNING] The config has defined for the controller "left", but the robot does not have this component. Skipping, but make sure this is intended.Removing the controller config for left from self.part_controller_config. (robot.py:151)
[robosuite WARNING] The config has defined for the controller "torso", but the robot does not have this component. Skipping, but make sure this is intended.Removing the controller config for torso from self.part_controller_config. (robot.py:151)
[robosuite WARNING] The config has defined for the controller "head", but the robot does not have this component. Skipping, but make sure this is intended.Removing the controller config for head from self.part_controller_config. (robot.py:151)
[robosuite WARNING] The config has defined for the controller "base", but the robot does not have this component. Skipping, but make sure this is intended.Removing the controller config for base from self.part_controller_config. (robot.py:151)
[robosuite WARNING] The config has defined for the controller "legs", but the robot does not have this component. Skipping, but make sure this is intended.Removing the controller config for legs from self.part_controller_config. (robot.py:151)
[robosuite INFO] Loading controller configuration from: /home/lph/.conda/envs/lph/lib/python3.10/site-packages/robosuite/controllers/config/default/composite/basic.json (composite_controller_factory.py:121)
[robosuite WARNING] The config has defined for the controller "left", but the robot does not have this component. Skipping, but make sure this is intended.Removing the controller config for left from self.part_controller_config. (robot.py:151)
[robosuite WARNING] The config has defined for the controller "torso", but the robot does not have this component. Skipping, but make sure this is intended.Removing the controller config for torso from self.part_controller_config. (robot.py:151)
[robosuite WARNING] The config has defined for the controller "head", but the robot does not have this component. Skipping, but make sure this is intended.Removing the controller config for head from self.part_controller_config. (robot.py:151)
[robosuite WARNING] The config has defined for the controller "base", but the robot does not have this component. Skipping, but make sure this is intended.Removing the controller config for base from self.part_controller_config. (robot.py:151)
[robosuite WARNING] The config has defined for the controller "legs", but the robot does not have this component. Skipping, but make sure this is intended.Removing the controller config for legs from self.part_controller_config. (robot.py:151)
[robosuite WARNING] The config has defined for the controller "left", but the robot does not have this component. Skipping, but make sure this is intended.Removing the controller config for left from self.part_controller_config. (robot.py:151)
[robosuite WARNING] The config has defined for the controller "torso", but the robot does not have this component. Skipping, but make sure this is intended.Removing the controller config for torso from self.part_controller_config. (robot.py:151)
[robosuite WARNING] The config has defined for the controller "head", but the robot does not have this component. Skipping, but make sure this is intended.Removing the controller config for head from self.part_controller_config. (robot.py:151)
[robosuite WARNING] The config has defined for the controller "base", but the robot does not have this component. Skipping, but make sure this is intended.Removing the controller config for base from self.part_controller_config. (robot.py:151)
[robosuite WARNING] The config has defined for the controller "legs", but the robot does not have this component. Skipping, but make sure this is intended.Removing the controller config for legs from self.part_controller_config. (robot.py:151)
[robosuite INFO] Loading controller configuration from: /home/lph/.conda/envs/lph/lib/python3.10/site-packages/robosuite/controllers/config/default/composite/basic.json (composite_controller_factory.py:121)
[robosuite WARNING] The config has defined for the controller "left", but the robot does not have this component. Skipping, but make sure this is intended.Removing the controller config for left from self.part_controller_config. (robot.py:151)
[robosuite WARNING] The config has defined for the controller "torso", but the robot does not have this component. Skipping, but make sure this is intended.Removing the controller config for torso from self.part_controller_config. (robot.py:151)
[robosuite WARNING] The config has defined for the controller "head", but the robot does not have this component. Skipping, but make sure this is intended.Removing the controller config for head from self.part_controller_config. (robot.py:151)
[robosuite WARNING] The config has defined for the controller "base", but the robot does not have this component. Skipping, but make sure this is intended.Removing the controller config for base from self.part_controller_config. (robot.py:151)
[robosuite WARNING] The config has defined for the controller "legs", but the robot does not have this component. Skipping, but make sure this is intended.Removing the controller config for legs from self.part_controller_config. (robot.py:151)
[robosuite WARNING] The config has defined for the controller "left", but the robot does not have this component. Skipping, but make sure this is intended.Removing the controller config for left from self.part_controller_config. (robot.py:151)
[robosuite WARNING] The config has defined for the controller "torso", but the robot does not have this component. Skipping, but make sure this is intended.Removing the controller config for torso from self.part_controller_config. (robot.py:151)
[robosuite WARNING] The config has defined for the controller "head", but the robot does not have this component. Skipping, but make sure this is intended.Removing the controller config for head from self.part_controller_config. (robot.py:151)
[robosuite WARNING] The config has defined for the controller "base", but the robot does not have this component. Skipping, but make sure this is intended.Removing the controller config for base from self.part_controller_config. (robot.py:151)
[robosuite WARNING] The config has defined for the controller "legs", but the robot does not have this component. Skipping, but make sure this is intended.Removing the controller config for legs from self.part_controller_config. (robot.py:151)
[robosuite INFO] Loading controller configuration from: /home/lph/.conda/envs/lph/lib/python3.10/site-packages/robosuite/controllers/config/default/composite/basic.json (composite_controller_factory.py:121)
[robosuite WARNING] The config has defined for the controller "left", but the robot does not have this component. Skipping, but make sure this is intended.Removing the controller config for left from self.part_controller_config. (robot.py:151)
[robosuite WARNING] The config has defined for the controller "torso", but the robot does not have this component. Skipping, but make sure this is intended.Removing the controller config for torso from self.part_controller_config. (robot.py:151)
[robosuite WARNING] The config has defined for the controller "head", but the robot does not have this component. Skipping, but make sure this is intended.Removing the controller config for head from self.part_controller_config. (robot.py:151)
[robosuite WARNING] The config has defined for the controller "base", but the robot does not have this component. Skipping, but make sure this is intended.Removing the controller config for base from self.part_controller_config. (robot.py:151)
[robosuite WARNING] The config has defined for the controller "legs", but the robot does not have this component. Skipping, but make sure this is intended.Removing the controller config for legs from self.part_controller_config. (robot.py:151)
[robosuite WARNING] The config has defined for the controller "left", but the robot does not have this component. Skipping, but make sure this is intended.Removing the controller config for left from self.part_controller_config. (robot.py:151)
[robosuite WARNING] The config has defined for the controller "torso", but the robot does not have this component. Skipping, but make sure this is intended.Removing the controller config for torso from self.part_controller_config. (robot.py:151)
[robosuite WARNING] The config has defined for the controller "head", but the robot does not have this component. Skipping, but make sure this is intended.Removing the controller config for head from self.part_controller_config. (robot.py:151)
[robosuite WARNING] The config has defined for the controller "base", but the robot does not have this component. Skipping, but make sure this is intended.Removing the controller config for base from self.part_controller_config. (robot.py:151)
[robosuite WARNING] The config has defined for the controller "legs", but the robot does not have this component. Skipping, but make sure this is intended.Removing the controller config for legs from self.part_controller_config. (robot.py:151)
[robosuite INFO] Loading controller configuration from: /home/lph/.conda/envs/lph/lib/python3.10/site-packages/robosuite/controllers/config/default/composite/basic.json (composite_controller_factory.py:121)
[robosuite WARNING] The config has defined for the controller "left", but the robot does not have this component. Skipping, but make sure this is intended.Removing the controller config for left from self.part_controller_config. (robot.py:151)
[robosuite WARNING] The config has defined for the controller "torso", but the robot does not have this component. Skipping, but make sure this is intended.Removing the controller config for torso from self.part_controller_config. (robot.py:151)
[robosuite WARNING] The config has defined for the controller "head", but the robot does not have this component. Skipping, but make sure this is intended.Removing the controller config for head from self.part_controller_config. (robot.py:151)
[robosuite WARNING] The config has defined for the controller "base", but the robot does not have this component. Skipping, but make sure this is intended.Removing the controller config for base from self.part_controller_config. (robot.py:151)
[robosuite WARNING] The config has defined for the controller "legs", but the robot does not have this component. Skipping, but make sure this is intended.Removing the controller config for legs from self.part_controller_config. (robot.py:151)
[robosuite WARNING] The config has defined for the controller "left", but the robot does not have this component. Skipping, but make sure this is intended.Removing the controller config for left from self.part_controller_config. (robot.py:151)
[robosuite WARNING] The config has defined for the controller "torso", but the robot does not have this component. Skipping, but make sure this is intended.Removing the controller config for torso from self.part_controller_config. (robot.py:151)
[robosuite WARNING] The config has defined for the controller "head", but the robot does not have this component. Skipping, but make sure this is intended.Removing the controller config for head from self.part_controller_config. (robot.py:151)
[robosuite WARNING] The config has defined for the controller "base", but the robot does not have this component. Skipping, but make sure this is intended.Removing the controller config for base from self.part_controller_config. (robot.py:151)
[robosuite WARNING] The config has defined for the controller "legs", but the robot does not have this component. Skipping, but make sure this is intended.Removing the controller config for legs from self.part_controller_config. (robot.py:151)
[robosuite INFO] Loading controller configuration from: /home/lph/.conda/envs/lph/lib/python3.10/site-packages/robosuite/controllers/config/default/composite/basic.json (composite_controller_factory.py:121)
[robosuite WARNING] The config has defined for the controller "left", but the robot does not have this component. Skipping, but make sure this is intended.Removing the controller config for left from self.part_controller_config. (robot.py:151)
[robosuite WARNING] The config has defined for the controller "torso", but the robot does not have this component. Skipping, but make sure this is intended.Removing the controller config for torso from self.part_controller_config. (robot.py:151)
[robosuite WARNING] The config has defined for the controller "head", but the robot does not have this component. Skipping, but make sure this is intended.Removing the controller config for head from self.part_controller_config. (robot.py:151)
[robosuite WARNING] The config has defined for the controller "base", but the robot does not have this component. Skipping, but make sure this is intended.Removing the controller config for base from self.part_controller_config. (robot.py:151)
[robosuite WARNING] The config has defined for the controller "legs", but the robot does not have this component. Skipping, but make sure this is intended.Removing the controller config for legs from self.part_controller_config. (robot.py:151)
[robosuite WARNING] The config has defined for the controller "left", but the robot does not have this component. Skipping, but make sure this is intended.Removing the controller config for left from self.part_controller_config. (robot.py:151)
[robosuite WARNING] The config has defined for the controller "torso", but the robot does not have this component. Skipping, but make sure this is intended.Removing the controller config for torso from self.part_controller_config. (robot.py:151)
[robosuite WARNING] The config has defined for the controller "head", but the robot does not have this component. Skipping, but make sure this is intended.Removing the controller config for head from self.part_controller_config. (robot.py:151)
[robosuite WARNING] The config has defined for the controller "base", but the robot does not have this component. Skipping, but make sure this is intended.Removing the controller config for base from self.part_controller_config. (robot.py:151)
[robosuite WARNING] The config has defined for the controller "legs", but the robot does not have this component. Skipping, but make sure this is intended.Removing the controller config for legs from self.part_controller_config. (robot.py:151)
[robosuite INFO] Loading controller configuration from: /home/lph/.conda/envs/lph/lib/python3.10/site-packages/robosuite/controllers/config/default/composite/basic.json (composite_controller_factory.py:121)
[robosuite WARNING] The config has defined for the controller "left", but the robot does not have this component. Skipping, but make sure this is intended.Removing the controller config for left from self.part_controller_config. (robot.py:151)
[robosuite WARNING] The config has defined for the controller "torso", but the robot does not have this component. Skipping, but make sure this is intended.Removing the controller config for torso from self.part_controller_config. (robot.py:151)
[robosuite WARNING] The config has defined for the controller "head", but the robot does not have this component. Skipping, but make sure this is intended.Removing the controller config for head from self.part_controller_config. (robot.py:151)
[robosuite WARNING] The config has defined for the controller "base", but the robot does not have this component. Skipping, but make sure this is intended.Removing the controller config for base from self.part_controller_config. (robot.py:151)
[robosuite WARNING] The config has defined for the controller "legs", but the robot does not have this component. Skipping, but make sure this is intended.Removing the controller config for legs from self.part_controller_config. (robot.py:151)
[robosuite WARNING] The config has defined for the controller "left", but the robot does not have this component. Skipping, but make sure this is intended.Removing the controller config for left from self.part_controller_config. (robot.py:151)
[robosuite WARNING] The config has defined for the controller "torso", but the robot does not have this component. Skipping, but make sure this is intended.Removing the controller config for torso from self.part_controller_config. (robot.py:151)
[robosuite WARNING] The config has defined for the controller "head", but the robot does not have this component. Skipping, but make sure this is intended.Removing the controller config for head from self.part_controller_config. (robot.py:151)
[robosuite WARNING] The config has defined for the controller "base", but the robot does not have this component. Skipping, but make sure this is intended.Removing the controller config for base from self.part_controller_config. (robot.py:151)
[robosuite WARNING] The config has defined for the controller "legs", but the robot does not have this component. Skipping, but make sure this is intended.Removing the controller config for legs from self.part_controller_config. (robot.py:151)
[robosuite INFO] Loading controller configuration from: /home/lph/.conda/envs/lph/lib/python3.10/site-packages/robosuite/controllers/config/default/composite/basic.json (composite_controller_factory.py:121)
[robosuite WARNING] The config has defined for the controller "left", but the robot does not have this component. Skipping, but make sure this is intended.Removing the controller config for left from self.part_controller_config. (robot.py:151)
[robosuite WARNING] The config has defined for the controller "torso", but the robot does not have this component. Skipping, but make sure this is intended.Removing the controller config for torso from self.part_controller_config. (robot.py:151)
[robosuite WARNING] The config has defined for the controller "head", but the robot does not have this component. Skipping, but make sure this is intended.Removing the controller config for head from self.part_controller_config. (robot.py:151)
[robosuite WARNING] The config has defined for the controller "base", but the robot does not have this component. Skipping, but make sure this is intended.Removing the controller config for base from self.part_controller_config. (robot.py:151)
[robosuite WARNING] The config has defined for the controller "legs", but the robot does not have this component. Skipping, but make sure this is intended.Removing the controller config for legs from self.part_controller_config. (robot.py:151)
[robosuite WARNING] The config has defined for the controller "left", but the robot does not have this component. Skipping, but make sure this is intended.Removing the controller config for left from self.part_controller_config. (robot.py:151)
[robosuite WARNING] The config has defined for the controller "torso", but the robot does not have this component. Skipping, but make sure this is intended.Removing the controller config for torso from self.part_controller_config. (robot.py:151)
[robosuite WARNING] The config has defined for the controller "head", but the robot does not have this component. Skipping, but make sure this is intended.Removing the controller config for head from self.part_controller_config. (robot.py:151)
[robosuite WARNING] The config has defined for the controller "base", but the robot does not have this component. Skipping, but make sure this is intended.Removing the controller config for base from self.part_controller_config. (robot.py:151)
[robosuite WARNING] The config has defined for the controller "legs", but the robot does not have this component. Skipping, but make sure this is intended.Removing the controller config for legs from self.part_controller_config. (robot.py:151)
[robosuite INFO] Loading controller configuration from: /home/lph/.conda/envs/lph/lib/python3.10/site-packages/robosuite/controllers/config/default/composite/basic.json (composite_controller_factory.py:121)
[robosuite WARNING] The config has defined for the controller "left", but the robot does not have this component. Skipping, but make sure this is intended.Removing the controller config for left from self.part_controller_config. (robot.py:151)
[robosuite WARNING] The config has defined for the controller "torso", but the robot does not have this component. Skipping, but make sure this is intended.Removing the controller config for torso from self.part_controller_config. (robot.py:151)
[robosuite WARNING] The config has defined for the controller "head", but the robot does not have this component. Skipping, but make sure this is intended.Removing the controller config for head from self.part_controller_config. (robot.py:151)
[robosuite WARNING] The config has defined for the controller "base", but the robot does not have this component. Skipping, but make sure this is intended.Removing the controller config for base from self.part_controller_config. (robot.py:151)
[robosuite WARNING] The config has defined for the controller "legs", but the robot does not have this component. Skipping, but make sure this is intended.Removing the controller config for legs from self.part_controller_config. (robot.py:151)
[robosuite WARNING] The config has defined for the controller "left", but the robot does not have this component. Skipping, but make sure this is intended.Removing the controller config for left from self.part_controller_config. (robot.py:151)
[robosuite WARNING] The config has defined for the controller "torso", but the robot does not have this component. Skipping, but make sure this is intended.Removing the controller config for torso from self.part_controller_config. (robot.py:151)
[robosuite WARNING] The config has defined for the controller "head", but the robot does not have this component. Skipping, but make sure this is intended.Removing the controller config for head from self.part_controller_config. (robot.py:151)
[robosuite WARNING] The config has defined for the controller "base", but the robot does not have this component. Skipping, but make sure this is intended.Removing the controller config for base from self.part_controller_config. (robot.py:151)
[robosuite WARNING] The config has defined for the controller "legs", but the robot does not have this component. Skipping, but make sure this is intended.Removing the controller config for legs from self.part_controller_config. (robot.py:151)
[robosuite INFO] Loading controller configuration from: /home/lph/.conda/envs/lph/lib/python3.10/site-packages/robosuite/controllers/config/default/composite/basic.json (composite_controller_factory.py:121)
[robosuite WARNING] The config has defined for the controller "left", but the robot does not have this component. Skipping, but make sure this is intended.Removing the controller config for left from self.part_controller_config. (robot.py:151)
[robosuite WARNING] The config has defined for the controller "torso", but the robot does not have this component. Skipping, but make sure this is intended.Removing the controller config for torso from self.part_controller_config. (robot.py:151)
[robosuite WARNING] The config has defined for the controller "head", but the robot does not have this component. Skipping, but make sure this is intended.Removing the controller config for head from self.part_controller_config. (robot.py:151)
[robosuite WARNING] The config has defined for the controller "base", but the robot does not have this component. Skipping, but make sure this is intended.Removing the controller config for base from self.part_controller_config. (robot.py:151)
[robosuite WARNING] The config has defined for the controller "legs", but the robot does not have this component. Skipping, but make sure this is intended.Removing the controller config for legs from self.part_controller_config. (robot.py:151)
[robosuite WARNING] The config has defined for the controller "left", but the robot does not have this component. Skipping, but make sure this is intended.Removing the controller config for left from self.part_controller_config. (robot.py:151)
[robosuite WARNING] The config has defined for the controller "torso", but the robot does not have this component. Skipping, but make sure this is intended.Removing the controller config for torso from self.part_controller_config. (robot.py:151)
[robosuite WARNING] The config has defined for the controller "head", but the robot does not have this component. Skipping, but make sure this is intended.Removing the controller config for head from self.part_controller_config. (robot.py:151)
[robosuite WARNING] The config has defined for the controller "base", but the robot does not have this component. Skipping, but make sure this is intended.Removing the controller config for base from self.part_controller_config. (robot.py:151)
[robosuite WARNING] The config has defined for the controller "legs", but the robot does not have this component. Skipping, but make sure this is intended.Removing the controller config for legs from self.part_controller_config. (robot.py:151)
[robosuite INFO] Loading controller configuration from: /home/lph/.conda/envs/lph/lib/python3.10/site-packages/robosuite/controllers/config/default/composite/basic.json (composite_controller_factory.py:121)
[robosuite WARNING] The config has defined for the controller "left", but the robot does not have this component. Skipping, but make sure this is intended.Removing the controller config for left from self.part_controller_config. (robot.py:151)
[robosuite WARNING] The config has defined for the controller "torso", but the robot does not have this component. Skipping, but make sure this is intended.Removing the controller config for torso from self.part_controller_config. (robot.py:151)
[robosuite WARNING] The config has defined for the controller "head", but the robot does not have this component. Skipping, but make sure this is intended.Removing the controller config for head from self.part_controller_config. (robot.py:151)
[robosuite WARNING] The config has defined for the controller "base", but the robot does not have this component. Skipping, but make sure this is intended.Removing the controller config for base from self.part_controller_config. (robot.py:151)
[robosuite WARNING] The config has defined for the controller "legs", but the robot does not have this component. Skipping, but make sure this is intended.Removing the controller config for legs from self.part_controller_config. (robot.py:151)
[robosuite WARNING] The config has defined for the controller "left", but the robot does not have this component. Skipping, but make sure this is intended.Removing the controller config for left from self.part_controller_config. (robot.py:151)
[robosuite WARNING] The config has defined for the controller "torso", but the robot does not have this component. Skipping, but make sure this is intended.Removing the controller config for torso from self.part_controller_config. (robot.py:151)
[robosuite WARNING] The config has defined for the controller "head", but the robot does not have this component. Skipping, but make sure this is intended.Removing the controller config for head from self.part_controller_config. (robot.py:151)
[robosuite WARNING] The config has defined for the controller "base", but the robot does not have this component. Skipping, but make sure this is intended.Removing the controller config for base from self.part_controller_config. (robot.py:151)
[robosuite WARNING] The config has defined for the controller "legs", but the robot does not have this component. Skipping, but make sure this is intended.Removing the controller config for legs from self.part_controller_config. (robot.py:151)
[robosuite INFO] Loading controller configuration from: /home/lph/.conda/envs/lph/lib/python3.10/site-packages/robosuite/controllers/config/default/composite/basic.json (composite_controller_factory.py:121)
[robosuite WARNING] The config has defined for the controller "left", but the robot does not have this component. Skipping, but make sure this is intended.Removing the controller config for left from self.part_controller_config. (robot.py:151)
[robosuite WARNING] The config has defined for the controller "torso", but the robot does not have this component. Skipping, but make sure this is intended.Removing the controller config for torso from self.part_controller_config. (robot.py:151)
[robosuite WARNING] The config has defined for the controller "head", but the robot does not have this component. Skipping, but make sure this is intended.Removing the controller config for head from self.part_controller_config. (robot.py:151)
[robosuite WARNING] The config has defined for the controller "base", but the robot does not have this component. Skipping, but make sure this is intended.Removing the controller config for base from self.part_controller_config. (robot.py:151)
[robosuite WARNING] The config has defined for the controller "legs", but the robot does not have this component. Skipping, but make sure this is intended.Removing the controller config for legs from self.part_controller_config. (robot.py:151)
[robosuite WARNING] The config has defined for the controller "left", but the robot does not have this component. Skipping, but make sure this is intended.Removing the controller config for left from self.part_controller_config. (robot.py:151)
[robosuite WARNING] The config has defined for the controller "torso", but the robot does not have this component. Skipping, but make sure this is intended.Removing the controller config for torso from self.part_controller_config. (robot.py:151)
[robosuite WARNING] The config has defined for the controller "head", but the robot does not have this component. Skipping, but make sure this is intended.Removing the controller config for head from self.part_controller_config. (robot.py:151)
[robosuite WARNING] The config has defined for the controller "base", but the robot does not have this component. Skipping, but make sure this is intended.Removing the controller config for base from self.part_controller_config. (robot.py:151)
[robosuite WARNING] The config has defined for the controller "legs", but the robot does not have this component. Skipping, but make sure this is intended.Removing the controller config for legs from self.part_controller_config. (robot.py:151)
[robosuite INFO] Loading controller configuration from: /home/lph/.conda/envs/lph/lib/python3.10/site-packages/robosuite/controllers/config/default/composite/basic.json (composite_controller_factory.py:121)
[robosuite WARNING] The config has defined for the controller "left", but the robot does not have this component. Skipping, but make sure this is intended.Removing the controller config for left from self.part_controller_config. (robot.py:151)
[robosuite WARNING] The config has defined for the controller "torso", but the robot does not have this component. Skipping, but make sure this is intended.Removing the controller config for torso from self.part_controller_config. (robot.py:151)
[robosuite WARNING] The config has defined for the controller "head", but the robot does not have this component. Skipping, but make sure this is intended.Removing the controller config for head from self.part_controller_config. (robot.py:151)
[robosuite WARNING] The config has defined for the controller "base", but the robot does not have this component. Skipping, but make sure this is intended.Removing the controller config for base from self.part_controller_config. (robot.py:151)
[robosuite WARNING] The config has defined for the controller "legs", but the robot does not have this component. Skipping, but make sure this is intended.Removing the controller config for legs from self.part_controller_config. (robot.py:151)
[robosuite WARNING] The config has defined for the controller "left", but the robot does not have this component. Skipping, but make sure this is intended.Removing the controller config for left from self.part_controller_config. (robot.py:151)
[robosuite WARNING] The config has defined for the controller "torso", but the robot does not have this component. Skipping, but make sure this is intended.Removing the controller config for torso from self.part_controller_config. (robot.py:151)
[robosuite WARNING] The config has defined for the controller "head", but the robot does not have this component. Skipping, but make sure this is intended.Removing the controller config for head from self.part_controller_config. (robot.py:151)
[robosuite WARNING] The config has defined for the controller "base", but the robot does not have this component. Skipping, but make sure this is intended.Removing the controller config for base from self.part_controller_config. (robot.py:151)
[robosuite WARNING] The config has defined for the controller "legs", but the robot does not have this component. Skipping, but make sure this is intended.Removing the controller config for legs from self.part_controller_config. (robot.py:151)
[robosuite INFO] Loading controller configuration from: /home/lph/.conda/envs/lph/lib/python3.10/site-packages/robosuite/controllers/config/default/composite/basic.json (composite_controller_factory.py:121)
[robosuite WARNING] The config has defined for the controller "left", but the robot does not have this component. Skipping, but make sure this is intended.Removing the controller config for left from self.part_controller_config. (robot.py:151)
[robosuite WARNING] The config has defined for the controller "torso", but the robot does not have this component. Skipping, but make sure this is intended.Removing the controller config for torso from self.part_controller_config. (robot.py:151)
[robosuite WARNING] The config has defined for the controller "head", but the robot does not have this component. Skipping, but make sure this is intended.Removing the controller config for head from self.part_controller_config. (robot.py:151)
[robosuite WARNING] The config has defined for the controller "base", but the robot does not have this component. Skipping, but make sure this is intended.Removing the controller config for base from self.part_controller_config. (robot.py:151)
[robosuite WARNING] The config has defined for the controller "legs", but the robot does not have this component. Skipping, but make sure this is intended.Removing the controller config for legs from self.part_controller_config. (robot.py:151)
[robosuite WARNING] The config has defined for the controller "left", but the robot does not have this component. Skipping, but make sure this is intended.Removing the controller config for left from self.part_controller_config. (robot.py:151)
[robosuite WARNING] The config has defined for the controller "torso", but the robot does not have this component. Skipping, but make sure this is intended.Removing the controller config for torso from self.part_controller_config. (robot.py:151)
[robosuite WARNING] The config has defined for the controller "head", but the robot does not have this component. Skipping, but make sure this is intended.Removing the controller config for head from self.part_controller_config. (robot.py:151)
[robosuite WARNING] The config has defined for the controller "base", but the robot does not have this component. Skipping, but make sure this is intended.Removing the controller config for base from self.part_controller_config. (robot.py:151)
[robosuite WARNING] The config has defined for the controller "legs", but the robot does not have this component. Skipping, but make sure this is intended.Removing the controller config for legs from self.part_controller_config. (robot.py:151)
[robosuite INFO] Loading controller configuration from: /home/lph/.conda/envs/lph/lib/python3.10/site-packages/robosuite/controllers/config/default/composite/basic.json (composite_controller_factory.py:121)
[robosuite WARNING] The config has defined for the controller "left", but the robot does not have this component. Skipping, but make sure this is intended.Removing the controller config for left from self.part_controller_config. (robot.py:151)
[robosuite WARNING] The config has defined for the controller "torso", but the robot does not have this component. Skipping, but make sure this is intended.Removing the controller config for torso from self.part_controller_config. (robot.py:151)
[robosuite WARNING] The config has defined for the controller "head", but the robot does not have this component. Skipping, but make sure this is intended.Removing the controller config for head from self.part_controller_config. (robot.py:151)
[robosuite WARNING] The config has defined for the controller "base", but the robot does not have this component. Skipping, but make sure this is intended.Removing the controller config for base from self.part_controller_config. (robot.py:151)
[robosuite WARNING] The config has defined for the controller "legs", but the robot does not have this component. Skipping, but make sure this is intended.Removing the controller config for legs from self.part_controller_config. (robot.py:151)
[robosuite WARNING] The config has defined for the controller "left", but the robot does not have this component. Skipping, but make sure this is intended.Removing the controller config for left from self.part_controller_config. (robot.py:151)
[robosuite WARNING] The config has defined for the controller "torso", but the robot does not have this component. Skipping, but make sure this is intended.Removing the controller config for torso from self.part_controller_config. (robot.py:151)
[robosuite WARNING] The config has defined for the controller "head", but the robot does not have this component. Skipping, but make sure this is intended.Removing the controller config for head from self.part_controller_config. (robot.py:151)
[robosuite WARNING] The config has defined for the controller "base", but the robot does not have this component. Skipping, but make sure this is intended.Removing the controller config for base from self.part_controller_config. (robot.py:151)
[robosuite WARNING] The config has defined for the controller "legs", but the robot does not have this component. Skipping, but make sure this is intended.Removing the controller config for legs from self.part_controller_config. (robot.py:151)
[robosuite INFO] Loading controller configuration from: /home/lph/.conda/envs/lph/lib/python3.10/site-packages/robosuite/controllers/config/default/composite/basic.json (composite_controller_factory.py:121)
[robosuite WARNING] The config has defined for the controller "left", but the robot does not have this component. Skipping, but make sure this is intended.Removing the controller config for left from self.part_controller_config. (robot.py:151)
[robosuite WARNING] The config has defined for the controller "torso", but the robot does not have this component. Skipping, but make sure this is intended.Removing the controller config for torso from self.part_controller_config. (robot.py:151)
[robosuite WARNING] The config has defined for the controller "head", but the robot does not have this component. Skipping, but make sure this is intended.Removing the controller config for head from self.part_controller_config. (robot.py:151)
[robosuite WARNING] The config has defined for the controller "base", but the robot does not have this component. Skipping, but make sure this is intended.Removing the controller config for base from self.part_controller_config. (robot.py:151)
[robosuite WARNING] The config has defined for the controller "legs", but the robot does not have this component. Skipping, but make sure this is intended.Removing the controller config for legs from self.part_controller_config. (robot.py:151)
[robosuite WARNING] The config has defined for the controller "left", but the robot does not have this component. Skipping, but make sure this is intended.Removing the controller config for left from self.part_controller_config. (robot.py:151)
[robosuite WARNING] The config has defined for the controller "torso", but the robot does not have this component. Skipping, but make sure this is intended.Removing the controller config for torso from self.part_controller_config. (robot.py:151)
[robosuite WARNING] The config has defined for the controller "head", but the robot does not have this component. Skipping, but make sure this is intended.Removing the controller config for head from self.part_controller_config. (robot.py:151)
[robosuite WARNING] The config has defined for the controller "base", but the robot does not have this component. Skipping, but make sure this is intended.Removing the controller config for base from self.part_controller_config. (robot.py:151)
[robosuite WARNING] The config has defined for the controller "legs", but the robot does not have this component. Skipping, but make sure this is intended.Removing the controller config for legs from self.part_controller_config. (robot.py:151)
[robosuite INFO] Loading controller configuration from: /home/lph/.conda/envs/lph/lib/python3.10/site-packages/robosuite/controllers/config/default/composite/basic.json (composite_controller_factory.py:121)
[robosuite WARNING] The config has defined for the controller "left", but the robot does not have this component. Skipping, but make sure this is intended.Removing the controller config for left from self.part_controller_config. (robot.py:151)
[robosuite WARNING] The config has defined for the controller "torso", but the robot does not have this component. Skipping, but make sure this is intended.Removing the controller config for torso from self.part_controller_config. (robot.py:151)
[robosuite WARNING] The config has defined for the controller "head", but the robot does not have this component. Skipping, but make sure this is intended.Removing the controller config for head from self.part_controller_config. (robot.py:151)
[robosuite WARNING] The config has defined for the controller "base", but the robot does not have this component. Skipping, but make sure this is intended.Removing the controller config for base from self.part_controller_config. (robot.py:151)
[robosuite WARNING] The config has defined for the controller "legs", but the robot does not have this component. Skipping, but make sure this is intended.Removing the controller config for legs from self.part_controller_config. (robot.py:151)
[robosuite WARNING] The config has defined for the controller "left", but the robot does not have this component. Skipping, but make sure this is intended.Removing the controller config for left from self.part_controller_config. (robot.py:151)
[robosuite WARNING] The config has defined for the controller "torso", but the robot does not have this component. Skipping, but make sure this is intended.Removing the controller config for torso from self.part_controller_config. (robot.py:151)
[robosuite WARNING] The config has defined for the controller "head", but the robot does not have this component. Skipping, but make sure this is intended.Removing the controller config for head from self.part_controller_config. (robot.py:151)
[robosuite WARNING] The config has defined for the controller "base", but the robot does not have this component. Skipping, but make sure this is intended.Removing the controller config for base from self.part_controller_config. (robot.py:151)
[robosuite WARNING] The config has defined for the controller "legs", but the robot does not have this component. Skipping, but make sure this is intended.Removing the controller config for legs from self.part_controller_config. (robot.py:151)
[robosuite INFO] Loading controller configuration from: /home/lph/.conda/envs/lph/lib/python3.10/site-packages/robosuite/controllers/config/default/composite/basic.json (composite_controller_factory.py:121)
[robosuite WARNING] The config has defined for the controller "left", but the robot does not have this component. Skipping, but make sure this is intended.Removing the controller config for left from self.part_controller_config. (robot.py:151)
[robosuite WARNING] The config has defined for the controller "torso", but the robot does not have this component. Skipping, but make sure this is intended.Removing the controller config for torso from self.part_controller_config. (robot.py:151)
[robosuite WARNING] The config has defined for the controller "head", but the robot does not have this component. Skipping, but make sure this is intended.Removing the controller config for head from self.part_controller_config. (robot.py:151)
[robosuite WARNING] The config has defined for the controller "base", but the robot does not have this component. Skipping, but make sure this is intended.Removing the controller config for base from self.part_controller_config. (robot.py:151)
[robosuite WARNING] The config has defined for the controller "legs", but the robot does not have this component. Skipping, but make sure this is intended.Removing the controller config for legs from self.part_controller_config. (robot.py:151)
[robosuite WARNING] The config has defined for the controller "left", but the robot does not have this component. Skipping, but make sure this is intended.Removing the controller config for left from self.part_controller_config. (robot.py:151)
[robosuite WARNING] The config has defined for the controller "torso", but the robot does not have this component. Skipping, but make sure this is intended.Removing the controller config for torso from self.part_controller_config. (robot.py:151)
[robosuite WARNING] The config has defined for the controller "head", but the robot does not have this component. Skipping, but make sure this is intended.Removing the controller config for head from self.part_controller_config. (robot.py:151)
[robosuite WARNING] The config has defined for the controller "base", but the robot does not have this component. Skipping, but make sure this is intended.Removing the controller config for base from self.part_controller_config. (robot.py:151)
[robosuite WARNING] The config has defined for the controller "legs", but the robot does not have this component. Skipping, but make sure this is intended.Removing the controller config for legs from self.part_controller_config. (robot.py:151)
[robosuite INFO] Loading controller configuration from: /home/lph/.conda/envs/lph/lib/python3.10/site-packages/robosuite/controllers/config/default/composite/basic.json (composite_controller_factory.py:121)
[robosuite WARNING] The config has defined for the controller "left", but the robot does not have this component. Skipping, but make sure this is intended.Removing the controller config for left from self.part_controller_config. (robot.py:151)
[robosuite WARNING] The config has defined for the controller "torso", but the robot does not have this component. Skipping, but make sure this is intended.Removing the controller config for torso from self.part_controller_config. (robot.py:151)
[robosuite WARNING] The config has defined for the controller "head", but the robot does not have this component. Skipping, but make sure this is intended.Removing the controller config for head from self.part_controller_config. (robot.py:151)
[robosuite WARNING] The config has defined for the controller "base", but the robot does not have this component. Skipping, but make sure this is intended.Removing the controller config for base from self.part_controller_config. (robot.py:151)
[robosuite WARNING] The config has defined for the controller "legs", but the robot does not have this component. Skipping, but make sure this is intended.Removing the controller config for legs from self.part_controller_config. (robot.py:151)
[robosuite WARNING] The config has defined for the controller "left", but the robot does not have this component. Skipping, but make sure this is intended.Removing the controller config for left from self.part_controller_config. (robot.py:151)
[robosuite WARNING] The config has defined for the controller "torso", but the robot does not have this component. Skipping, but make sure this is intended.Removing the controller config for torso from self.part_controller_config. (robot.py:151)
[robosuite WARNING] The config has defined for the controller "head", but the robot does not have this component. Skipping, but make sure this is intended.Removing the controller config for head from self.part_controller_config. (robot.py:151)
[robosuite WARNING] The config has defined for the controller "base", but the robot does not have this component. Skipping, but make sure this is intended.Removing the controller config for base from self.part_controller_config. (robot.py:151)
[robosuite WARNING] The config has defined for the controller "legs", but the robot does not have this component. Skipping, but make sure this is intended.Removing the controller config for legs from self.part_controller_config. (robot.py:151)
[robosuite INFO] Loading controller configuration from: /home/lph/.conda/envs/lph/lib/python3.10/site-packages/robosuite/controllers/config/default/composite/basic.json (composite_controller_factory.py:121)
[robosuite WARNING] The config has defined for the controller "left", but the robot does not have this component. Skipping, but make sure this is intended.Removing the controller config for left from self.part_controller_config. (robot.py:151)
[robosuite WARNING] The config has defined for the controller "torso", but the robot does not have this component. Skipping, but make sure this is intended.Removing the controller config for torso from self.part_controller_config. (robot.py:151)
[robosuite WARNING] The config has defined for the controller "head", but the robot does not have this component. Skipping, but make sure this is intended.Removing the controller config for head from self.part_controller_config. (robot.py:151)
[robosuite WARNING] The config has defined for the controller "base", but the robot does not have this component. Skipping, but make sure this is intended.Removing the controller config for base from self.part_controller_config. (robot.py:151)
[robosuite WARNING] The config has defined for the controller "legs", but the robot does not have this component. Skipping, but make sure this is intended.Removing the controller config for legs from self.part_controller_config. (robot.py:151)
[robosuite WARNING] The config has defined for the controller "left", but the robot does not have this component. Skipping, but make sure this is intended.Removing the controller config for left from self.part_controller_config. (robot.py:151)
[robosuite WARNING] The config has defined for the controller "torso", but the robot does not have this component. Skipping, but make sure this is intended.Removing the controller config for torso from self.part_controller_config. (robot.py:151)
[robosuite WARNING] The config has defined for the controller "head", but the robot does not have this component. Skipping, but make sure this is intended.Removing the controller config for head from self.part_controller_config. (robot.py:151)
[robosuite WARNING] The config has defined for the controller "base", but the robot does not have this component. Skipping, but make sure this is intended.Removing the controller config for base from self.part_controller_config. (robot.py:151)
[robosuite WARNING] The config has defined for the controller "legs", but the robot does not have this component. Skipping, but make sure this is intended.Removing the controller config for legs from self.part_controller_config. (robot.py:151)
[robosuite INFO] Loading controller configuration from: /home/lph/.conda/envs/lph/lib/python3.10/site-packages/robosuite/controllers/config/default/composite/basic.json (composite_controller_factory.py:121)
[robosuite WARNING] The config has defined for the controller "left", but the robot does not have this component. Skipping, but make sure this is intended.Removing the controller config for left from self.part_controller_config. (robot.py:151)
[robosuite WARNING] The config has defined for the controller "torso", but the robot does not have this component. Skipping, but make sure this is intended.Removing the controller config for torso from self.part_controller_config. (robot.py:151)
[robosuite WARNING] The config has defined for the controller "head", but the robot does not have this component. Skipping, but make sure this is intended.Removing the controller config for head from self.part_controller_config. (robot.py:151)
[robosuite WARNING] The config has defined for the controller "base", but the robot does not have this component. Skipping, but make sure this is intended.Removing the controller config for base from self.part_controller_config. (robot.py:151)
[robosuite WARNING] The config has defined for the controller "legs", but the robot does not have this component. Skipping, but make sure this is intended.Removing the controller config for legs from self.part_controller_config. (robot.py:151)
[robosuite WARNING] The config has defined for the controller "left", but the robot does not have this component. Skipping, but make sure this is intended.Removing the controller config for left from self.part_controller_config. (robot.py:151)
[robosuite WARNING] The config has defined for the controller "torso", but the robot does not have this component. Skipping, but make sure this is intended.Removing the controller config for torso from self.part_controller_config. (robot.py:151)
[robosuite WARNING] The config has defined for the controller "head", but the robot does not have this component. Skipping, but make sure this is intended.Removing the controller config for head from self.part_controller_config. (robot.py:151)
[robosuite WARNING] The config has defined for the controller "base", but the robot does not have this component. Skipping, but make sure this is intended.Removing the controller config for base from self.part_controller_config. (robot.py:151)
[robosuite WARNING] The config has defined for the controller "legs", but the robot does not have this component. Skipping, but make sure this is intended.Removing the controller config for legs from self.part_controller_config. (robot.py:151)
[robosuite INFO] Loading controller configuration from: /home/lph/.conda/envs/lph/lib/python3.10/site-packages/robosuite/controllers/config/default/composite/basic.json (composite_controller_factory.py:121)
[robosuite WARNING] The config has defined for the controller "left", but the robot does not have this component. Skipping, but make sure this is intended.Removing the controller config for left from self.part_controller_config. (robot.py:151)
[robosuite WARNING] The config has defined for the controller "torso", but the robot does not have this component. Skipping, but make sure this is intended.Removing the controller config for torso from self.part_controller_config. (robot.py:151)
[robosuite WARNING] The config has defined for the controller "head", but the robot does not have this component. Skipping, but make sure this is intended.Removing the controller config for head from self.part_controller_config. (robot.py:151)
[robosuite WARNING] The config has defined for the controller "base", but the robot does not have this component. Skipping, but make sure this is intended.Removing the controller config for base from self.part_controller_config. (robot.py:151)
[robosuite WARNING] The config has defined for the controller "legs", but the robot does not have this component. Skipping, but make sure this is intended.Removing the controller config for legs from self.part_controller_config. (robot.py:151)
[robosuite WARNING] The config has defined for the controller "left", but the robot does not have this component. Skipping, but make sure this is intended.Removing the controller config for left from self.part_controller_config. (robot.py:151)
[robosuite WARNING] The config has defined for the controller "torso", but the robot does not have this component. Skipping, but make sure this is intended.Removing the controller config for torso from self.part_controller_config. (robot.py:151)
[robosuite WARNING] The config has defined for the controller "head", but the robot does not have this component. Skipping, but make sure this is intended.Removing the controller config for head from self.part_controller_config. (robot.py:151)
[robosuite WARNING] The config has defined for the controller "base", but the robot does not have this component. Skipping, but make sure this is intended.Removing the controller config for base from self.part_controller_config. (robot.py:151)
[robosuite WARNING] The config has defined for the controller "legs", but the robot does not have this component. Skipping, but make sure this is intended.Removing the controller config for legs from self.part_controller_config. (robot.py:151)
pygame 2.5.2 (SDL 2.28.2, Python 3.10.4)
Hello from the pygame community. https://www.pygame.org/contribute.html
episode=0 reward=13.683 success=True grasped=True decisions=112 teacher=112 epsilon=0.700
episode=1 reward=13.713 success=True grasped=True decisions=111 teacher=111 epsilon=0.644
episode=2 reward=13.686 success=True grasped=True decisions=111 teacher=111 epsilon=0.592
episode=3 reward=13.669 success=True grasped=True decisions=111 teacher=111 epsilon=0.545
episode=4 reward=1.944 success=False grasped=True decisions=240 teacher=240 epsilon=0.501
episode=5 reward=4.473 success=False grasped=True decisions=240 teacher=240 epsilon=0.461
episode=6 reward=13.747 success=True grasped=True decisions=111 teacher=111 epsilon=0.424
episode=7 reward=4.999 success=False grasped=True decisions=240 teacher=240 epsilon=0.390
episode=8 reward=13.676 success=True grasped=True decisions=112 teacher=112 epsilon=0.359
episode=9 reward=1.423 success=False grasped=True decisions=240 teacher=240 epsilon=0.331
episode=10 reward=13.665 success=True grasped=True decisions=111 teacher=111 epsilon=0.304
episode=11 reward=13.737 success=True grasped=True decisions=110 teacher=110 epsilon=0.280
episode=12 reward=13.698 success=True grasped=True decisions=111 teacher=111 epsilon=0.257
episode=13 reward=13.677 success=True grasped=True decisions=111 teacher=111 epsilon=0.237
episode=14 reward=13.702 success=True grasped=True decisions=111 teacher=111 epsilon=0.218
episode=15 reward=13.741 success=True grasped=True decisions=109 teacher=109 epsilon=0.200
episode=16 reward=13.684 success=True grasped=True decisions=111 teacher=111 epsilon=0.184
episode=17 reward=13.736 success=True grasped=True decisions=109 teacher=109 epsilon=0.170
episode=18 reward=2.123 success=False grasped=True decisions=240 teacher=240 epsilon=0.156
episode=19 reward=13.675 success=True grasped=True decisions=111 teacher=111 epsilon=0.144
episode=20 reward=12.540 success=True grasped=True decisions=137 teacher=0 epsilon=0.000
episode=21 reward=12.148 success=True grasped=True decisions=145 teacher=0 epsilon=0.000
episode=22 reward=13.082 success=True grasped=True decisions=153 teacher=0 epsilon=0.000
episode=23 reward=12.432 success=True grasped=True decisions=140 teacher=0 epsilon=0.000
episode=24 reward=13.989 success=True grasped=True decisions=135 teacher=0 epsilon=0.000
episode=25 reward=12.885 success=True grasped=True decisions=136 teacher=0 epsilon=0.000
episode=26 reward=-7.558 success=False grasped=False decisions=240 teacher=0 epsilon=0.000
episode=27 reward=-6.394 success=False grasped=False decisions=240 teacher=0 epsilon=0.000
episode=28 reward=-8.049 success=False grasped=False decisions=240 teacher=0 epsilon=0.000
episode=29 reward=13.680 success=True grasped=True decisions=124 teacher=0 epsilon=0.000
episode=30 reward=14.250 success=True grasped=True decisions=118 teacher=0 epsilon=0.000
episode=31 reward=-4.528 success=False grasped=False decisions=240 teacher=0 epsilon=0.000
episode=32 reward=13.216 success=True grasped=True decisions=119 teacher=0 epsilon=0.000
episode=33 reward=12.053 success=True grasped=True decisions=144 teacher=0 epsilon=0.000
episode=34 reward=12.917 success=True grasped=True decisions=171 teacher=0 epsilon=0.000
episode=35 reward=12.929 success=True grasped=True decisions=211 teacher=0 epsilon=0.000
episode=36 reward=-3.024 success=False grasped=False decisions=240 teacher=0 epsilon=0.000
episode=37 reward=13.946 success=True grasped=True decisions=120 teacher=0 epsilon=0.000
episode=38 reward=-0.306 success=False grasped=True decisions=240 teacher=0 epsilon=0.000
episode=39 reward=-2.728 success=False grasped=False decisions=240 teacher=0 epsilon=0.000
episode=40 reward=11.791 success=True grasped=True decisions=200 teacher=0 epsilon=0.000
episode=41 reward=13.017 success=True grasped=True decisions=125 teacher=0 epsilon=0.000
episode=42 reward=12.750 success=True grasped=True decisions=182 teacher=0 epsilon=0.000
episode=43 reward=13.273 success=True grasped=True decisions=145 teacher=0 epsilon=0.000
episode=44 reward=13.227 success=True grasped=True decisions=119 teacher=0 epsilon=0.000
episode=45 reward=13.603 success=True grasped=True decisions=132 teacher=0 epsilon=0.000
episode=46 reward=14.161 success=True grasped=True decisions=120 teacher=0 epsilon=0.000
episode=47 reward=13.837 success=True grasped=True decisions=135 teacher=0 epsilon=0.000
episode=48 reward=11.194 success=True grasped=True decisions=154 teacher=0 epsilon=0.000
episode=49 reward=14.026 success=True grasped=True decisions=139 teacher=0 epsilon=0.000
episode=50 reward=13.160 success=True grasped=True decisions=128 teacher=0 epsilon=0.000
episode=51 reward=14.110 success=True grasped=True decisions=119 teacher=0 epsilon=0.000
episode=52 reward=-1.206 success=False grasped=False decisions=240 teacher=0 epsilon=0.000
episode=53 reward=-1.988 success=False grasped=False decisions=240 teacher=0 epsilon=0.000
episode=54 reward=-2.770 success=False grasped=False decisions=240 teacher=0 epsilon=0.000
episode=55 reward=-6.690 success=False grasped=False decisions=240 teacher=0 epsilon=0.000
episode=56 reward=13.307 success=True grasped=True decisions=136 teacher=0 epsilon=0.000
episode=57 reward=-2.626 success=False grasped=False decisions=240 teacher=0 epsilon=0.000
episode=58 reward=-5.224 success=False grasped=False decisions=240 teacher=0 epsilon=0.000
episode=59 reward=13.684 success=True grasped=True decisions=112 teacher=0 epsilon=0.000
episode=60 reward=-0.484 success=False grasped=False decisions=240 teacher=0 epsilon=0.000
episode=61 reward=13.218 success=True grasped=True decisions=184 teacher=0 epsilon=0.000
episode=62 reward=-1.649 success=False grasped=True decisions=240 teacher=0 epsilon=0.000
episode=63 reward=12.995 success=True grasped=True decisions=125 teacher=0 epsilon=0.000
episode=64 reward=-0.126 success=False grasped=True decisions=240 teacher=0 epsilon=0.000
episode=65 reward=12.992 success=True grasped=True decisions=124 teacher=0 epsilon=0.000
episode=66 reward=1.896 success=False grasped=True decisions=240 teacher=0 epsilon=0.000
episode=67 reward=2.228 success=False grasped=True decisions=240 teacher=0 epsilon=0.000
episode=68 reward=13.520 success=True grasped=True decisions=114 teacher=0 epsilon=0.000
episode=69 reward=14.514 success=True grasped=True decisions=117 teacher=0 epsilon=0.000
summary: {
  "mean_learning_return": 8.452451573256926,
  "sparse_success_rate": 0.6714285714285714,
  "grasp_any_rate": 0.8142857142857143,
  "mean_decisions": 166.35714285714286,
  "teacher_assisted_success_rate": 0.75,
  "clone_policy_memory": {
    "labeled_states": 20,
    "conflicting_states": 0
  },
  "clone_mlp": {
    "samples": 2862,
    "train_loss": NaN,
    "train_accuracy": NaN
  },
  "clone_gru": {
    "episodes": 20,
    "samples": 2862,
    "train_loss": NaN,
    "train_accuracy": NaN
  },
  "full_communication_traffic": {
    "rank": 3,
    "mode": "nmf_dlpfc_to_striatum_latent",
    "fitted": true,
    "links": {
      "dlpfc_strd1": {
        "source_dim": 200,
        "latent_dim": 3,
        "target_dim": 8,
        "transport": "continuous_nonnegative_nmf_latent",
        "quantization": {
          "enabled": true,
          "bits_per_scalar": 8,
          "fixed_full_scale": 8.0,
          "quantized_vector_records": 7425,
          "clipped_values": 237,
          "total_quantized_values": 22275,
          "clip_rate": 0.01063973063973064,
          "current_nrmse_vs_unquantized_latent": 0.0316175589538814,
          "peak_current_error_vs_unquantized_latent": 0.6072611808776855
        },
        "active_samples": 66517,
        "full_warmup_fallback_samples": 3,
        "source_logical_events": 66517,
        "continuous_latent_scalar_values": 199551,
        "continuous_latent_nonzero_values": 126369,
        "transmitted_continuous_vector_records": 7425,
        "transmitted_continuous_latent_scalar_values": 22275,
        "mean_absolute_latent_value": 0.3217795663004647,
        "peak_absolute_latent_value": 21.212099075317383,
        "source_projection_array_activations": 7425,
        "target_decoder_array_activations": 7425,
        "continuous_vector_records": 7425,
        "suppressed_repeat_samples": 59092,
        "repeat_suppression_rate": 0.888374400529188,
        "online_current_ev": 0.9902806649235457,
        "online_current_nrmse": 0.09858668813006279,
        "online_current_peak_absolute_error": 0.6072611808776855
      },
      "dlpfc_strd2": {
        "source_dim": 200,
        "latent_dim": 3,
        "target_dim": 8,
        "transport": "continuous_nonnegative_nmf_latent",
        "quantization": {
          "enabled": true,
          "bits_per_scalar": 8,
          "fixed_full_scale": 8.0,
          "quantized_vector_records": 7425,
          "clipped_values": 0,
          "total_quantized_values": 22275,
          "clip_rate": 0.0,
          "current_nrmse_vs_unquantized_latent": 0.007071728712624166,
          "peak_current_error_vs_unquantized_latent": 0.05654740333557129
        },
        "active_samples": 66517,
        "full_warmup_fallback_samples": 3,
        "source_logical_events": 66517,
        "continuous_latent_scalar_values": 199551,
        "continuous_latent_nonzero_values": 130238,
        "transmitted_continuous_vector_records": 7425,
        "transmitted_continuous_latent_scalar_values": 22275,
        "mean_absolute_latent_value": 0.26864956563275344,
        "peak_absolute_latent_value": 6.901961326599121,
        "source_projection_array_activations": 7425,
        "target_decoder_array_activations": 7425,
        "continuous_vector_records": 7425,
        "suppressed_repeat_samples": 59092,
        "repeat_suppression_rate": 0.888374400529188,
        "online_current_ev": 0.9995371532437064,
        "online_current_nrmse": 0.021513873577148908,
        "online_current_peak_absolute_error": 0.05654740333557129
      }
    },
    "other_full_cross_core_links": {
      "dlpfc_stn": {
        "source_dim": 200,
        "target_dim": 2,
        "samples": 66520,
        "source_logical_events": 66520
      },
      "strd2_gpe": {
        "source_dim": 8,
        "target_dim": 8,
        "samples": 66520,
        "source_logical_events": 495533
      },
      "stn_gpe": {
        "source_dim": 2,
        "target_dim": 8,
        "samples": 66520,
        "source_logical_events": 85332
      },
      "strd1_gpi": {
        "source_dim": 8,
        "target_dim": 8,
        "samples": 66520,
        "source_logical_events": 130273
      },
      "stn_gpi": {
        "source_dim": 2,
        "target_dim": 8,
        "samples": 66520,
        "source_logical_events": 85332
      },
      "gpe_stn": {
        "source_dim": 8,
        "target_dim": 2,
        "samples": 66520,
        "source_logical_events": 91010
      },
      "gpi_thalamus": {
        "source_dim": 8,
        "target_dim": 8,
        "samples": 66520,
        "source_logical_events": 208344
      },
      "dlpfc_thalamus": {
        "source_dim": 200,
        "target_dim": 8,
        "samples": 66520,
        "source_logical_events": 66520
      }
    }
  },
  "simple_hardware_link_proxy": {
    "model": "synchronous_fixed_frame_proxy_v1",
    "scope": "DLPFC-to-StrD1/StrD2 only; downstream BG links remain full communication",
    "assumptions": {
      "full_baseline": "one one-hot DLPFC event multicast to both Str targets",
      "full_frame_bits": 18,
      "latent_frame": "one paired D1+D2 vector update when both paths update in a slot",
      "latent_header_bits": 8,
      "latent_payload_bits": 48,
      "quantization_bits_per_scalar": 8,
      "link_service": "one <=64-bit record per internal SNN slot",
      "fifo": "arrival before service; no serialization, arbitration, retries, or physical timing modeled"
    },
    "observed": {
      "active_internal_slots": 66517,
      "baseline_multicast_records": 66517,
      "latent_records": 7425,
      "latent_paths_paired": true,
      "baseline_link_bits": 1197306,
      "latent_link_bits": 415800,
      "record_reduction": 0.888374400529188,
      "bit_reduction": 0.6527203572019182,
      "baseline_peak_arrivals_per_slot": 1,
      "latent_peak_arrivals_per_slot": 1,
      "baseline_fifo_peak_records": 1,
      "latent_fifo_peak_records": 1,
      "baseline_queue_delay_slots": 0,
      "latent_queue_delay_slots": 0,
      "transport_latency_slots": 1
    },
    "rram_mvm_proxy": {
      "unit": "array activation / input-row-drive proxy, not energy",
      "baseline_target_array_activations": 133034,
      "compressed_source_projection_array_activations": 14850,
      "compressed_target_decoder_array_activations": 14850,
      "baseline_row_drives": 26606800,
      "compressed_row_drives": 3014550,
      "row_drive_reduction": 0.8867000165371258
    },
    "interpretation_limit": "This proxy does not establish physical energy or latency savings. In particular, without repeat-delta a rank-3 vector frame is wider than a one-hot multicast AER frame."
  },
  "communication_refit_count": 0,
  "coverage_audit": {
    "continuous_distance_threshold_m": 0.006,
    "teacher_labeled_state_count": 20,
    "teacher_conflicting_state_count": 0,
    "teacher_mean_label_entropy_bits": 0.0,
    "student_during_curriculum": {
      "decisions": 1180,
      "state_out_of_demo_rate": 0.0,
      "continuous_out_of_demo_rate": 0.0,
      "both_out_of_demo_rate": 0.0,
      "mean_nearest_teacher_distance_m": 0.0,
      "network_teacher_agreement_rate": 0.8677966101694915,
      "executed_teacher_agreement_rate": 1.0,
      "option_decisions": {
        "align": 1180,
        "descend": 0,
        "close": 0,
        "lift": 0,
        "recover": 0
      }
    },
    "student_dagger_against_initial_teacher": {
      "decisions": 0
    },
    "student_evaluation": {
      "decisions": 6246,
      "state_out_of_demo_rate": 0.3760806916426513,
      "continuous_out_of_demo_rate": 0.527057316682677,
      "both_out_of_demo_rate": 0.37528017931476143,
      "mean_nearest_teacher_distance_m": 0.018541538166733373,
      "network_teacher_agreement_rate": 0.4388408581492155,
      "executed_teacher_agreement_rate": 0.547390329811079,
      "option_decisions": {
        "align": 6246,
        "descend": 0,
        "close": 0,
        "lift": 0,
        "recover": 0
      }
    },
    "student_deployment": {
      "decisions": 6246,
      "state_out_of_demo_rate": 0.3760806916426513,
      "continuous_out_of_demo_rate": 0.527057316682677,
      "both_out_of_demo_rate": 0.37528017931476143,
      "mean_nearest_teacher_distance_m": 0.018541538166733373,
      "network_teacher_agreement_rate": 0.4388408581492155,
      "executed_teacher_agreement_rate": 0.547390329811079,
      "option_decisions": {
        "align": 6246,
        "descend": 0,
        "close": 0,
        "lift": 0,
        "recover": 0
      }
    },
    "per_option_xy_error_histograms": {
      "align": {
        "teacher_count": 1180,
        "deployment_count": 6246,
        "xy_error_histogram_teacher": [
          [
            0.0,
            0.0,
            0.0,
            0.0,
            0.0,
            0.0,
            0.0,
            0.0
          ],
          [
            0.0,
            0.0,
            0.0,
            0.0,
            5.0,
            0.0,
            0.0,
            0.0
          ],
          [
            0.0,
            0.0,
            0.0,
            0.0,
            7.0,
            0.0,
            0.0,
            0.0
          ],
          [
            0.0,
            0.0,
            0.0,
            118.0,
            140.0,
            3.0,
            0.0,
            0.0
          ],
          [
            0.0,
            0.0,
            0.0,
            6.0,
            161.0,
            0.0,
            0.0,
            0.0
          ],
          [
            0.0,
            0.0,
            0.0,
            0.0,
            120.0,
            0.0,
            0.0,
            0.0
          ],
          [
            0.0,
            0.0,
            0.0,
            0.0,
            140.0,
            0.0,
            0.0,
            0.0
          ],
          [
            0.0,
            0.0,
            0.0,
            0.0,
            120.0,
            0.0,
            0.0,
            0.0
          ]
        ],
        "xy_error_histogram_deployment": [
          [
            0.0,
            0.0,
            0.0,
            0.0,
            0.0,
            0.0,
            0.0,
            0.0
          ],
          [
            70.0,
            15.0,
            7.0,
            6.0,
            5.0,
            0.0,
            0.0,
            0.0
          ],
          [
            73.0,
            26.0,
            28.0,
            29.0,
            114.0,
            0.0,
            0.0,
            0.0
          ],
          [
            59.0,
            29.0,
            63.0,
            324.0,
            547.0,
            81.0,
            6.0,
            0.0
          ],
          [
            32.0,
            57.0,
            117.0,
            912.0,
            655.0,
            132.0,
            0.0,
            0.0
          ],
          [
            37.0,
            46.0,
            62.0,
            176.0,
            366.0,
            50.0,
            0.0,
            0.0
          ],
          [
            0.0,
            3.0,
            46.0,
            26.0,
            328.0,
            20.0,
            0.0,
            0.0
          ],
          [
            0.0,
            0.0,
            6.0,
            3.0,
            279.0,
            21.0,
            0.0,
            0.0
          ]
        ]
      },
      "descend": {
        "teacher_count": 0,
        "deployment_count": 0,
        "xy_error_histogram_teacher": [],
        "xy_error_histogram_deployment": []
      },
      "close": {
        "teacher_count": 0,
        "deployment_count": 0,
        "xy_error_histogram_teacher": [],
        "xy_error_histogram_deployment": []
      },
      "lift": {
        "teacher_count": 0,
        "deployment_count": 0,
        "xy_error_histogram_teacher": [],
        "xy_error_histogram_deployment": []
      },
      "recover": {
        "teacher_count": 0,
        "deployment_count": 0,
        "xy_error_histogram_teacher": [],
        "xy_error_histogram_deployment": []
      }
    }
  },
  "phase_success": {
    "teacher": {
      "episodes": 20,
      "lift_successes": 15
    },
    "dagger": {
      "episodes": 0,
      "lift_successes": 0
    },
    "evaluation": {
      "episodes": 50,
      "lift_successes": 32
    }
  }
}
